{"path": "images\\forest-1031022_640.jpg", "var": 0.005, "params": {"template_size": 13, "search_size": 30, "similar": 3001, "name": "NL_mean"}, "name_den": "01074245e312abd8da3c57a08482b246", "psnr": 20.939350756859913, "ssim": 0.19779521855843693}