{"path": "images\\brick-wall-1834446_640.jpg", "var": 0.005, "params": {"template_size": 18, "search_size": 30, "similar": 3001, "name": "NL_mean"}, "name_den": "0111c5d820650f344a055cd0723be904", "psnr": 18.47302406007262, "ssim": 0.20296046959136604}