{"path": "images\\forest-1031022_640.jpg", "var": 0.005, "params": {"template_size": 8, "search_size": 10, "similar": 1001, "name": "NL_mean"}, "name_den": "0322d415d2ade213ffbc7a2e5e600829", "psnr": 21.47690186918758, "ssim": 0.22079782843745885}