{"path": "images\\guy-2617866_640.jpg", "var": 0.005, "params": {"template_size": 3, "search_size": 10, "similar": 1001, "name": "NL_mean"}, "name_den": "03c27137714329beab70d87c9cea4e56", "psnr": 20.781647112139634, "ssim": 0.2580387574216439}