{"path": "images\\guy-2617866_640.jpg", "var": 0.005, "params": {"template_size": 8, "search_size": 30, "similar": 5001, "name": "NL_mean"}, "name_den": "05a05a6014b224e68631762388a6637e", "psnr": 19.052823154721562, "ssim": 0.23106343204737337}