{"path": "images\\kingfisher-2046453_640.jpg", "var": 0.005, "params": {"template_size": 8, "search_size": 30, "similar": 3001, "name": "NL_mean"}, "name_den": "062e2c8c7c92181127d05701c25e05b6", "psnr": 19.773589916339226, "ssim": 0.2907432743517538}