{"path": "images\\kingfisher-2046453_640.jpg", "var": 0.005, "params": {"template_size": 8, "search_size": 10, "similar": 4001, "name": "NL_mean"}, "name_den": "06a1e17bc5032efd0697ac25aa264944", "psnr": 21.451674818842704, "ssim": 0.30986633030728566}