{"path": "images\\kingfisher-2046453_640.jpg", "var": 0.005, "params": {"template_size": 13, "search_size": 30, "similar": 1, "name": "NL_mean"}, "name_den": "0734e45558106157d1e9a13c87251d07", "psnr": 23.273250158246267, "ssim": 0.3146615395272437}