{"path": "images\\man-164962_640.jpg", "var": 0.005, "params": {"template_size": 3, "search_size": 10, "similar": 1, "name": "NL_mean"}, "name_den": "079c0fe4b778385731a3fda376147ca1", "psnr": 23.62976640415804, "ssim": 0.43989747446476607}