{"path": "images\\kingfisher-2046453_640.jpg", "var": 0.005, "params": {"template_size": 18, "search_size": 10, "similar": 2001, "name": "NL_mean"}, "name_den": "087c0da9daa2c6b8619a62c6074e347b", "psnr": 21.433184426962804, "ssim": 0.30854433551387}