{"path": "images\\guy-2617866_640.jpg", "var": 0.005, "params": {"template_size": 18, "search_size": 30, "similar": 3001, "name": "NL_mean"}, "name_den": "0bc1c515dd78a7616602022dc89d5927", "psnr": 19.03694702504083, "ssim": 0.23066699000577537}