{"path": "images\\forest-1031022_640.jpg", "var": 0.005, "params": {"template_size": 18, "search_size": 20, "similar": 5001, "name": "NL_mean"}, "name_den": "0c74b730839413aa05f879d1c2ea221a", "psnr": 21.132011652744993, "ssim": 0.20278013585263088}