{"path": "images\\man-164962_640.jpg", "var": 0.005, "params": {"template_size": 8, "search_size": 10, "similar": 2001, "name": "NL_mean"}, "name_den": "0de9726bbad42222afc8c24040a524fc", "psnr": 21.215131868003358, "ssim": 0.35824196222296295}