{"path": "images\\guy-2617866_640.jpg", "var": 0.005, "params": {"template_size": 13, "search_size": 20, "similar": 1001, "name": "NL_mean"}, "name_den": "0e244d45547e66e0ee2cca2ef8a4cb26", "psnr": 19.705478080371467, "ssim": 0.238977563691984}