{"path": "images\\brick-wall-1834446_640.jpg", "var": 0.005, "params": {"template_size": 3, "search_size": 20, "similar": 4001, "name": "NL_mean"}, "name_den": "0e68ddd669cacba803a4f82f4b397e63", "psnr": 18.881359844064605, "ssim": 0.2046721925620639}