{"path": "images\\guy-2617866_640.jpg", "var": 0.005, "params": {"template_size": 18, "search_size": 30, "similar": 2001, "name": "NL_mean"}, "name_den": "0ee2d3cbac90240c640a0670099e0ce8", "psnr": 19.046725892282048, "ssim": 0.23142362727011342}