{"path": "images\\architecture-3076685_640.jpg", "var": 0.005, "params": {"template_size": 18, "search_size": 30, "similar": 2001, "name": "NL_mean"}, "name_den": "111f442aff94dd3143220b9d7e8691eb", "psnr": 19.211362861974983, "ssim": 0.18009723526943291}