{"path": "images\\guy-2617866_640.jpg", "var": 0.005, "params": {"template_size": 13, "search_size": 10, "similar": 4001, "name": "NL_mean"}, "name_den": "11e40c4436327cea32e9355ad1219ee0", "psnr": 20.772177446433304, "ssim": 0.25717514043036976}