{"path": "images\\kingfisher-2046453_640.jpg", "var": 0.005, "params": {"template_size": 18, "search_size": 10, "similar": 5001, "name": "NL_mean"}, "name_den": "1216a7df516f005a2c04e2950fcb8351", "psnr": 21.454700625597386, "ssim": 0.3092675910829665}