{"path": "images\\man-164962_640.jpg", "var": 0.005, "params": {"template_size": 18, "search_size": 10, "similar": 1001, "name": "NL_mean"}, "name_den": "12797317639d25097d04eabc3c8ce808", "psnr": 21.194238368653792, "ssim": 0.35755253083406274}