{"path": "images\\kingfisher-2046453_640.jpg", "var": 0.005, "params": {"template_size": 13, "search_size": 20, "similar": 5001, "name": "NL_mean"}, "name_den": "133d2715e729d1be474260572a96fcea", "psnr": 20.450538405276152, "ssim": 0.2915457561519526}