{"path": "images\\forest-1031022_640.jpg", "var": 0.005, "params": {"template_size": 8, "search_size": 30, "similar": 1001, "name": "NL_mean"}, "name_den": "1356605a0454da05f89dd338a56a21ef", "psnr": 20.939857669687196, "ssim": 0.19799869220209484}