{"path": "images\\forest-1031022_640.jpg", "var": 0.005, "params": {"template_size": 8, "search_size": 20, "similar": 1, "name": "NL_mean"}, "name_den": "1372d2c9eeef70232d1226fc4adc0255", "psnr": 22.985650977428765, "ssim": 0.3682947012703059}