{"path": "images\\brick-wall-1834446_640.jpg", "var": 0.005, "params": {"template_size": 8, "search_size": 10, "similar": 1, "name": "NL_mean"}, "name_den": "13bcef1c3e0bebb8e7cb6f5cc0da16dd", "psnr": 23.384110463743653, "ssim": 0.49170780452629037}