{"path": "images\\kingfisher-2046453_640.jpg", "var": 0.005, "params": {"template_size": 18, "search_size": 20, "similar": 1, "name": "NL_mean"}, "name_den": "13cfd28f816f720bca1a50d946eae263", "psnr": 23.24364442802728, "ssim": 0.31297410657654806}