{"path": "images\\forest-1031022_640.jpg", "var": 0.005, "params": {"template_size": 3, "search_size": 20, "similar": 2001, "name": "NL_mean"}, "name_den": "143c82575d140ba8c2288a1016240c60", "psnr": 21.149920790753363, "ssim": 0.20304827536537184}