{"path": "images\\man-164962_640.jpg", "var": 0.005, "params": {"template_size": 8, "search_size": 30, "similar": 1, "name": "NL_mean"}, "name_den": "1511e8b5a0a3c3db2d789663d06becf3", "psnr": 23.57630186647256, "ssim": 0.4372247995119351}