{"path": "images\\guy-2617866_640.jpg", "var": 0.005, "params": {"template_size": 8, "search_size": 30, "similar": 4001, "name": "NL_mean"}, "name_den": "15ea97e003282e1b0eea18fcc379615f", "psnr": 19.04682559666338, "ssim": 0.23097623183477203}