{"path": "images\\kingfisher-2046453_640.jpg", "var": 0.005, "params": {"template_size": 8, "search_size": 30, "similar": 2001, "name": "NL_mean"}, "name_den": "1603cda9130335b87a6d59a78172a505", "psnr": 19.77033309364515, "ssim": 0.2911563347415748}