{"path": "images\\architecture-3076685_640.jpg", "var": 0.005, "params": {"template_size": 8, "search_size": 20, "similar": 5001, "name": "NL_mean"}, "name_den": "1695716762363973e64e307d8fa11b47", "psnr": 19.45877642578153, "ssim": 0.18820476535948127}