{"path": "images\\guy-2617866_640.jpg", "var": 0.005, "params": {"template_size": 3, "search_size": 30, "similar": 3001, "name": "NL_mean"}, "name_den": "16bba666a7b2779c45e9d6e4cae8d689", "psnr": 19.06648810389058, "ssim": 0.23147106950848403}