{"path": "images\\guy-2617866_640.jpg", "var": 0.005, "params": {"template_size": 13, "search_size": 20, "similar": 5001, "name": "NL_mean"}, "name_den": "16ec8b6d055c9142eaf8b419c461046a", "psnr": 19.69267419786097, "ssim": 0.23780435433416824}