{"path": "images\\man-164962_640.jpg", "var": 0.005, "params": {"template_size": 3, "search_size": 10, "similar": 2001, "name": "NL_mean"}, "name_den": "176cb90b755bc8b51539f68239eebb95", "psnr": 21.238646588917533, "ssim": 0.3606504753487514}