{"path": "images\\kingfisher-2046453_640.jpg", "var": 0.005, "params": {"template_size": 8, "search_size": 20, "similar": 4001, "name": "NL_mean"}, "name_den": "17802cae713dfb29385b0faa30c87f49", "psnr": 20.44278747613862, "ssim": 0.2922181320460237}