{"path": "images\\guy-2617866_640.jpg", "var": 0.005, "params": {"template_size": 18, "search_size": 10, "similar": 1001, "name": "NL_mean"}, "name_den": "17dd8976c0d1c868eba5d0823e296cfb", "psnr": 20.775080263130064, "ssim": 0.2578408765086798}