{"path": "images\\guy-2617866_640.jpg", "var": 0.005, "params": {"template_size": 18, "search_size": 30, "similar": 5001, "name": "NL_mean"}, "name_den": "180a9fe95cecde46a8c2117ffaca15fd", "psnr": 19.052170384643855, "ssim": 0.2314029702357074}