{"path": "images\\kingfisher-2046453_640.jpg", "var": 0.005, "params": {"template_size": 18, "search_size": 30, "similar": 2001, "name": "NL_mean"}, "name_den": "1899660ae2e7f6d8896fd398f2fd5fdb", "psnr": 19.71658500061364, "ssim": 0.2840440895718926}