{"path": "images\\guy-2617866_640.jpg", "var": 0.005, "params": {"template_size": 8, "search_size": 10, "similar": 2001, "name": "NL_mean"}, "name_den": "191dd9b3a50850fc2278741c233f9bcc", "psnr": 20.760350009735106, "ssim": 0.25726576114712857}