{"path": "images\\guy-2617866_640.jpg", "var": 0.005, "params": {"template_size": 13, "search_size": 10, "similar": 3001, "name": "NL_mean"}, "name_den": "1ac6837a64d38fde2ad07ebe7bd6bd40", "psnr": 20.762508268175313, "ssim": 0.25757252255508584}