{"path": "images\\forest-1031022_640.jpg", "var": 0.005, "params": {"template_size": 3, "search_size": 20, "similar": 4001, "name": "NL_mean"}, "name_den": "1c114769c4e3114c96437d189cc2f992", "psnr": 21.142013349689943, "ssim": 0.20300263023933388}