{"path": "images\\architecture-3076685_640.jpg", "var": 0.005, "params": {"template_size": 13, "search_size": 20, "similar": 5001, "name": "NL_mean"}, "name_den": "1d6c367c1a281e9b2756f216d3deb87d", "psnr": 19.47480748597934, "ssim": 0.18863898517116875}