{"path": "images\\kingfisher-2046453_640.jpg", "var": 0.005, "params": {"template_size": 8, "search_size": 30, "similar": 1001, "name": "NL_mean"}, "name_den": "20915e389d4fb595839f29914f0aa6a9", "psnr": 19.77763928461478, "ssim": 0.2897929862096502}