{"path": "images\\brick-wall-1834446_640.jpg", "var": 0.005, "params": {"template_size": 13, "search_size": 30, "similar": 3001, "name": "NL_mean"}, "name_den": "20a8e32b4e17dfa6fe4965f3ba66194a", "psnr": 18.482285834693613, "ssim": 0.2035734875590746}