{"path": "images\\guy-2617866_640.jpg", "var": 0.005, "params": {"template_size": 3, "search_size": 10, "similar": 3001, "name": "NL_mean"}, "name_den": "214063218c3ec29e5c6cc7744380a6ad", "psnr": 20.770389546686474, "ssim": 0.2575423227577421}