{"path": "images\\guy-2617866_640.jpg", "var": 0.005, "params": {"template_size": 18, "search_size": 20, "similar": 1001, "name": "NL_mean"}, "name_den": "21df3371d26e538fba7575395fa57489", "psnr": 19.69588638996788, "ssim": 0.23838094485530884}