{"path": "images\\man-164962_640.jpg", "var": 0.005, "params": {"template_size": 18, "search_size": 20, "similar": 5001, "name": "NL_mean"}, "name_den": "223b8d987ecd10d3a994541eee7c4ea1", "psnr": 18.727337677333495, "ssim": 0.2773784031136249}