{"path": "images\\guy-2617866_640.jpg", "var": 0.005, "params": {"template_size": 18, "search_size": 20, "similar": 4001, "name": "NL_mean"}, "name_den": "22e688c499b004e9b06cf3ab5f955097", "psnr": 19.69212790666425, "ssim": 0.2384341978166229}