{"path": "images\\brick-wall-1834446_640.jpg", "var": 0.005, "params": {"template_size": 8, "search_size": 20, "similar": 4001, "name": "NL_mean"}, "name_den": "252b82959c1945821aceb77a84bc8716", "psnr": 18.87404965293414, "ssim": 0.20393794575916913}