{"path": "images\\guy-2617866_640.jpg", "var": 0.005, "params": {"template_size": 3, "search_size": 10, "similar": 5001, "name": "NL_mean"}, "name_den": "254eacdc931e4476edc4d8d8465ba64b", "psnr": 20.76201958539596, "ssim": 0.2571754469654576}