{"path": "images\\brick-wall-1834446_640.jpg", "var": 0.005, "params": {"template_size": 13, "search_size": 30, "similar": 1, "name": "NL_mean"}, "name_den": "2583c74a964ddcdfa446b36d75a0c80b", "psnr": 23.371820186137317, "ssim": 0.4915858902804781}