{"path": "images\\guy-2617866_640.jpg", "var": 0.005, "params": {"template_size": 8, "search_size": 20, "similar": 1001, "name": "NL_mean"}, "name_den": "265915fa1a5126e3c9879422016ab35d", "psnr": 19.700948662489992, "ssim": 0.23814262943783807}