{"path": "images\\guy-2617866_640.jpg", "var": 0.005, "params": {"template_size": 3, "search_size": 20, "similar": 4001, "name": "NL_mean"}, "name_den": "27d226c85064006c9c67a63e861c9872", "psnr": 19.703455693306353, "ssim": 0.2383837111997954}