{"path": "images\\kingfisher-2046453_640.jpg", "var": 0.005, "params": {"template_size": 18, "search_size": 30, "similar": 3001, "name": "NL_mean"}, "name_den": "299dcc10460d32e32c58adce149a9fc3", "psnr": 19.720518716260354, "ssim": 0.2841773287424619}