{"path": "images\\man-164962_640.jpg", "var": 0.005, "params": {"template_size": 13, "search_size": 10, "similar": 1, "name": "NL_mean"}, "name_den": "2a2c70fcf827891e2d7f0c03bf0d5e18", "psnr": 23.57236196972842, "ssim": 0.4372941551556439}