{"path": "images\\man-164962_640.jpg", "var": 0.005, "params": {"template_size": 13, "search_size": 20, "similar": 2001, "name": "NL_mean"}, "name_den": "2b54c4e7d88912b3e434c24f8047101e", "psnr": 18.729082904891172, "ssim": 0.27745301280914436}