{"path": "images\\kingfisher-2046453_640.jpg", "var": 0.005, "params": {"template_size": 3, "search_size": 20, "similar": 4001, "name": "NL_mean"}, "name_den": "2b8da1147b228da840b4d584137a8917", "psnr": 20.712801782065714, "ssim": 0.32373793720180827}