{"path": "images\\man-164962_640.jpg", "var": 0.005, "params": {"template_size": 3, "search_size": 30, "similar": 4001, "name": "NL_mean"}, "name_den": "2dead07cf2ea64c86fdfb2a420ac621d", "psnr": 16.730522978255504, "ssim": 0.2084086472073695}