{"path": "images\\kingfisher-2046453_640.jpg", "var": 0.005, "params": {"template_size": 8, "search_size": 10, "similar": 1001, "name": "NL_mean"}, "name_den": "2ec159af7c44f94624450929ba6d1415", "psnr": 21.44378013355825, "ssim": 0.30958914709789737}