{"path": "images\\forest-1031022_640.jpg", "var": 0.005, "params": {"template_size": 8, "search_size": 10, "similar": 1, "name": "NL_mean"}, "name_den": "2f41d8af22730bc93fb4921ab8f9f25c", "psnr": 22.992512389577232, "ssim": 0.36795072814748603}