{"path": "images\\man-164962_640.jpg", "var": 0.005, "params": {"template_size": 8, "search_size": 30, "similar": 3001, "name": "NL_mean"}, "name_den": "2f8b6bfc19454c987922e9d6971463a5", "psnr": 16.713160424659407, "ssim": 0.20693620848905256}