{"path": "images\\kingfisher-2046453_640.jpg", "var": 0.005, "params": {"template_size": 8, "search_size": 30, "similar": 1, "name": "NL_mean"}, "name_den": "2fb38bdf3f6069541388748f7f976c1d", "psnr": 23.32614278280594, "ssim": 0.3171041070551}