{"path": "images\\brick-wall-1834446_640.jpg", "var": 0.005, "params": {"template_size": 8, "search_size": 30, "similar": 2001, "name": "NL_mean"}, "name_den": "30572d2d18a2f4583dbe19c12a3f79f5", "psnr": 18.47787897582566, "ssim": 0.2026179536932888}