{"path": "images\\kingfisher-2046453_640.jpg", "var": 0.005, "params": {"template_size": 13, "search_size": 10, "similar": 5001, "name": "NL_mean"}, "name_den": "3202ce7c4a92c96dfbab6c0ee4558139", "psnr": 21.432419016265104, "ssim": 0.3087464669139343}