{"path": "images\\guy-2617866_640.jpg", "var": 0.005, "params": {"template_size": 18, "search_size": 20, "similar": 1, "name": "NL_mean"}, "name_den": "3302b8ed70811ab62c8102ea3d73bbe9", "psnr": 23.555902556112358, "ssim": 0.2828184848126976}