{"path": "images\\brick-wall-1834446_640.jpg", "var": 0.005, "params": {"template_size": 8, "search_size": 30, "similar": 4001, "name": "NL_mean"}, "name_den": "331b7e61b8c3d5ce82f52cdad628de9a", "psnr": 18.480505166102887, "ssim": 0.2031098776240486}