{"path": "images\\forest-1031022_640.jpg", "var": 0.005, "params": {"template_size": 3, "search_size": 10, "similar": 4001, "name": "NL_mean"}, "name_den": "336bf110b29175a692c165ff2fa039de", "psnr": 21.469171315747406, "ssim": 0.22059744802401549}