{"path": "images\\man-164962_640.jpg", "var": 0.005, "params": {"template_size": 3, "search_size": 30, "similar": 1001, "name": "NL_mean"}, "name_den": "34132e2f83df4e7731b4bbc05a8cc6e9", "psnr": 16.749750070306018, "ssim": 0.20937495196586697}