{"path": "images\\kingfisher-2046453_640.jpg", "var": 0.005, "params": {"template_size": 3, "search_size": 10, "similar": 1, "name": "NL_mean"}, "name_den": "34b1eb652aecf3809bfd997348176a41", "psnr": 23.421841707043235, "ssim": 0.32129147779469286}