{"path": "images\\architecture-3076685_640.jpg", "var": 0.005, "params": {"template_size": 8, "search_size": 20, "similar": 3001, "name": "NL_mean"}, "name_den": "351098c0ab27b978f6aee973b22a97f3", "psnr": 19.47358861952418, "ssim": 0.188817500845073}