{"path": "images\\man-164962_640.jpg", "var": 0.005, "params": {"template_size": 18, "search_size": 10, "similar": 3001, "name": "NL_mean"}, "name_den": "3549d2824d3b1dcd9b39fd8930e76dce", "psnr": 21.21412960000979, "ssim": 0.3583986469599465}