{"path": "images\\forest-1031022_640.jpg", "var": 0.005, "params": {"template_size": 13, "search_size": 10, "similar": 1, "name": "NL_mean"}, "name_den": "35c61a8fd71162c702e10bceb1b1dea1", "psnr": 22.987765770555363, "ssim": 0.3681424035558826}