{"path": "images\\forest-1031022_640.jpg", "var": 0.005, "params": {"template_size": 3, "search_size": 20, "similar": 5001, "name": "NL_mean"}, "name_den": "35e8133b979ba0fc7cbef2af8940d8b8", "psnr": 21.152996239324672, "ssim": 0.20315403551357514}