{"path": "images\\architecture-3076685_640.jpg", "var": 0.005, "params": {"template_size": 18, "search_size": 20, "similar": 2001, "name": "NL_mean"}, "name_den": "369a48289d5fa0174ef12cff35e20488", "psnr": 19.442418986731823, "ssim": 0.1876307615278745}