{"path": "images\\brick-wall-1834446_640.jpg", "var": 0.005, "params": {"template_size": 3, "search_size": 10, "similar": 4001, "name": "NL_mean"}, "name_den": "3709aaadd1c9c2a7d72820982112be6e", "psnr": 19.283863651692407, "ssim": 0.2124752372737441}