{"path": "images\\man-164962_640.jpg", "var": 0.005, "params": {"template_size": 18, "search_size": 30, "similar": 5001, "name": "NL_mean"}, "name_den": "383b3a9589ccf3a914650cbfb1b9afb9", "psnr": 16.70302361592164, "ssim": 0.20528792052517353}