{"path": "images\\man-164962_640.jpg", "var": 0.005, "params": {"template_size": 18, "search_size": 30, "similar": 1001, "name": "NL_mean"}, "name_den": "388ce87c977b2ae8709664b970f255ee", "psnr": 16.71190817624198, "ssim": 0.20617675517100906}