{"path": "images\\man-164962_640.jpg", "var": 0.005, "params": {"template_size": 3, "search_size": 30, "similar": 2001, "name": "NL_mean"}, "name_den": "3948237bd18c46b9b3a37216299403f2", "psnr": 16.73823654525353, "ssim": 0.20931707406146516}