{"path": "images\\man-164962_640.jpg", "var": 0.005, "params": {"template_size": 13, "search_size": 30, "similar": 4001, "name": "NL_mean"}, "name_den": "3a150fddecfae63405c77674a270503d", "psnr": 16.70813909029241, "ssim": 0.20654034233822224}