{"path": "images\\man-164962_640.jpg", "var": 0.005, "params": {"template_size": 18, "search_size": 20, "similar": 4001, "name": "NL_mean"}, "name_den": "3adca1059cd9ca9cb35e28335f98d846", "psnr": 18.725967026449673, "ssim": 0.2767693881586067}