{"path": "images\\forest-1031022_640.jpg", "var": 0.005, "params": {"template_size": 18, "search_size": 20, "similar": 1001, "name": "NL_mean"}, "name_den": "3af3e532c3e734321dccc09e75487d31", "psnr": 21.14059923847894, "ssim": 0.20286339405634657}