{"path": "images\\architecture-3076685_640.jpg", "var": 0.005, "params": {"template_size": 3, "search_size": 20, "similar": 4001, "name": "NL_mean"}, "name_den": "3b9f60a5c1c0a9e9a8b8ffcd729de0ac", "psnr": 19.459555954006948, "ssim": 0.18853747905122809}