{"path": "images\\forest-1031022_640.jpg", "var": 0.005, "params": {"template_size": 18, "search_size": 30, "similar": 3001, "name": "NL_mean"}, "name_den": "3bedbf22ff83b84bd55c45f45d9bfc2a", "psnr": 20.95257008526602, "ssim": 0.19863940083767714}