{"path": "images\\guy-2617866_640.jpg", "var": 0.005, "params": {"template_size": 18, "search_size": 10, "similar": 2001, "name": "NL_mean"}, "name_den": "3c8bebc75f2d5bcf7468a49df53f6e3c", "psnr": 20.750101890938176, "ssim": 0.2572177345978783}