{"path": "images\\brick-wall-1834446_640.jpg", "var": 0.005, "params": {"template_size": 13, "search_size": 20, "similar": 5001, "name": "NL_mean"}, "name_den": "3cf68a557757ba6b72e3e635b50469f3", "psnr": 18.869704622630813, "ssim": 0.20485218713346318}