{"path": "images\\brick-wall-1834446_640.jpg", "var": 0.005, "params": {"template_size": 18, "search_size": 30, "similar": 1, "name": "NL_mean"}, "name_den": "3d17ac11574056bef16339288fd5d88f", "psnr": 23.379237762336636, "ssim": 0.49206309651573754}