{"path": "images\\forest-1031022_640.jpg", "var": 0.005, "params": {"template_size": 18, "search_size": 10, "similar": 2001, "name": "NL_mean"}, "name_den": "3ec886944bef00201a3accc2e8bb6abb", "psnr": 21.474071525738047, "ssim": 0.22039020120195707}