{"path": "images\\kingfisher-2046453_640.jpg", "var": 0.005, "params": {"template_size": 13, "search_size": 20, "similar": 3001, "name": "NL_mean"}, "name_den": "3eecbe942097363a9827434597442a6e", "psnr": 20.44834314542087, "ssim": 0.29185295296396424}