{"path": "images\\brick-wall-1834446_640.jpg", "var": 0.005, "params": {"template_size": 8, "search_size": 30, "similar": 1, "name": "NL_mean"}, "name_den": "3f213004c7fd89a85f8cfbd17603db70", "psnr": 23.371685207336238, "ssim": 0.49153477515879435}