{"path": "images\\guy-2617866_640.jpg", "var": 0.005, "params": {"template_size": 3, "search_size": 10, "similar": 1, "name": "NL_mean"}, "name_den": "3f28575a02c4e037b93a948c93602e54", "psnr": 23.59003256202003, "ssim": 0.2836652496436745}