{"path": "images\\forest-1031022_640.jpg", "var": 0.005, "params": {"template_size": 8, "search_size": 30, "similar": 1, "name": "NL_mean"}, "name_den": "3fce64af4d86655a4af5733aac0677e0", "psnr": 22.99864353540904, "ssim": 0.36858695892429494}