{"path": "images\\kingfisher-2046453_640.jpg", "var": 0.005, "params": {"template_size": 13, "search_size": 10, "similar": 2001, "name": "NL_mean"}, "name_den": "3fea65b5897487d892089f137841f39d", "psnr": 21.42567117505285, "ssim": 0.3084261280334234}