{"path": "images\\brick-wall-1834446_640.jpg", "var": 0.005, "params": {"template_size": 18, "search_size": 10, "similar": 1001, "name": "NL_mean"}, "name_den": "40145d6ff28e8d89ee7bbbd27d62eb0a", "psnr": 19.281307405661252, "ssim": 0.2124746652051106}