{"path": "images\\guy-2617866_640.jpg", "var": 0.005, "params": {"template_size": 18, "search_size": 20, "similar": 3001, "name": "NL_mean"}, "name_den": "404efaeea8ab892cac9b12bdac5ffdb3", "psnr": 19.686576076984053, "ssim": 0.23757581240547365}