{"path": "images\\forest-1031022_640.jpg", "var": 0.005, "params": {"template_size": 13, "search_size": 20, "similar": 2001, "name": "NL_mean"}, "name_den": "408584ab094392b7fcf2030de9ef2e95", "psnr": 21.13085689939404, "ssim": 0.20210591299326353}