{"path": "images\\brick-wall-1834446_640.jpg", "var": 0.005, "params": {"template_size": 13, "search_size": 10, "similar": 5001, "name": "NL_mean"}, "name_den": "4104f5cacc6af8be70ef5e3fd2e57321", "psnr": 19.29032821030629, "ssim": 0.21229811408348234}