{"path": "images\\architecture-3076685_640.jpg", "var": 0.005, "params": {"template_size": 8, "search_size": 30, "similar": 3001, "name": "NL_mean"}, "name_den": "41ad5341fff3e366881f05db3fec3c9f", "psnr": 19.204712392682648, "ssim": 0.18019906097168528}