{"path": "images\\kingfisher-2046453_640.jpg", "var": 0.005, "params": {"template_size": 8, "search_size": 30, "similar": 5001, "name": "NL_mean"}, "name_den": "42203be89bd29e540d6f028d1dc7d810", "psnr": 19.752609863076632, "ssim": 0.2913703441621552}