{"path": "images\\man-164962_640.jpg", "var": 0.005, "params": {"template_size": 3, "search_size": 10, "similar": 1001, "name": "NL_mean"}, "name_den": "4337e15397feec5e2f16e2fec8b157c6", "psnr": 21.249372335992938, "ssim": 0.36106296218739603}