{"path": "images\\brick-wall-1834446_640.jpg", "var": 0.005, "params": {"template_size": 18, "search_size": 10, "similar": 2001, "name": "NL_mean"}, "name_den": "43b8cb9926b0e0b9833b52e532d33c86", "psnr": 19.277433600255204, "ssim": 0.21183042539815386}