{"path": "images\\man-164962_640.jpg", "var": 0.005, "params": {"template_size": 13, "search_size": 30, "similar": 2001, "name": "NL_mean"}, "name_den": "43c7f1701ed9d28b506f3755a3a6b3b5", "psnr": 16.71174283363943, "ssim": 0.2064638369266545}