{"path": "images\\forest-1031022_640.jpg", "var": 0.005, "params": {"template_size": 13, "search_size": 10, "similar": 4001, "name": "NL_mean"}, "name_den": "440c52d3d2bbf15fe3f56d6722e81b1b", "psnr": 21.46798534546185, "ssim": 0.22045993366502345}