{"path": "images\\guy-2617866_640.jpg", "var": 0.005, "params": {"template_size": 13, "search_size": 20, "similar": 2001, "name": "NL_mean"}, "name_den": "446be2695f0cf1e100d5b6753a360906", "psnr": 19.684210634343223, "ssim": 0.23757008407850502}