{"path": "images\\kingfisher-2046453_640.jpg", "var": 0.005, "params": {"template_size": 13, "search_size": 30, "similar": 2001, "name": "NL_mean"}, "name_den": "44e7e3be726cf149fb38ae79a1673a0c", "psnr": 19.75469630774233, "ssim": 0.28698335370336375}