{"path": "images\\forest-1031022_640.jpg", "var": 0.005, "params": {"template_size": 18, "search_size": 20, "similar": 2001, "name": "NL_mean"}, "name_den": "4642e1abe02dceeeb788ba377ccadb46", "psnr": 21.146751353160372, "ssim": 0.20301634117708903}