{"path": "images\\forest-1031022_640.jpg", "var": 0.005, "params": {"template_size": 13, "search_size": 20, "similar": 5001, "name": "NL_mean"}, "name_den": "46aad39769bec6b02ccb6aefb8613f58", "psnr": 21.130589239444937, "ssim": 0.20260823633563008}