{"path": "images\\kingfisher-2046453_640.jpg", "var": 0.005, "params": {"template_size": 8, "search_size": 30, "similar": 4001, "name": "NL_mean"}, "name_den": "46b4f607544543dbb9cc72a3ca894eb6", "psnr": 19.76018920110494, "ssim": 0.2907445118619168}