{"path": "images\\man-164962_640.jpg", "var": 0.005, "params": {"template_size": 18, "search_size": 10, "similar": 1, "name": "NL_mean"}, "name_den": "47b9b42260674748d922a2ea9760dd3a", "psnr": 23.568677057469124, "ssim": 0.43712996831635137}