{"path": "images\\architecture-3076685_640.jpg", "var": 0.005, "params": {"template_size": 18, "search_size": 10, "similar": 1, "name": "NL_mean"}, "name_den": "47d1188fa737f585a329790f1f963461", "psnr": 23.970113196471917, "ssim": 0.561483165426981}