{"path": "images\\architecture-3076685_640.jpg", "var": 0.005, "params": {"template_size": 3, "search_size": 20, "similar": 3001, "name": "NL_mean"}, "name_den": "48d3faebdb3c7ceaf7751124fec37191", "psnr": 19.462455193370317, "ssim": 0.1876125760487166}