{"path": "images\\architecture-3076685_640.jpg", "var": 0.005, "params": {"template_size": 18, "search_size": 10, "similar": 1001, "name": "NL_mean"}, "name_den": "48ddead4ff2301b674e529b949b4378b", "psnr": 19.998514195796986, "ssim": 0.2241523228658634}