{"path": "images\\brick-wall-1834446_640.jpg", "var": 0.005, "params": {"template_size": 18, "search_size": 30, "similar": 4001, "name": "NL_mean"}, "name_den": "49078da4b6cc4aa95b33d550dbc87f82", "psnr": 18.487264438822134, "ssim": 0.20430510007238736}