{"path": "images\\architecture-3076685_640.jpg", "var": 0.005, "params": {"template_size": 8, "search_size": 10, "similar": 3001, "name": "NL_mean"}, "name_den": "49942b95545d6980f102b58e8741054d", "psnr": 20.012294204490043, "ssim": 0.22368815965847422}