{"path": "images\\brick-wall-1834446_640.jpg", "var": 0.005, "params": {"template_size": 8, "search_size": 30, "similar": 5001, "name": "NL_mean"}, "name_den": "4a00a237282eecda9e11cd0e821cff31", "psnr": 18.475701196855866, "ssim": 0.2023635140893043}