{"path": "images\\kingfisher-2046453_640.jpg", "var": 0.005, "params": {"template_size": 13, "search_size": 20, "similar": 4001, "name": "NL_mean"}, "name_den": "4a0bf944a48ca2ac7c970ab43cde27c9", "psnr": 20.428928604831786, "ssim": 0.29080539182624754}