{"path": "images\\forest-1031022_640.jpg", "var": 0.005, "params": {"template_size": 8, "search_size": 30, "similar": 4001, "name": "NL_mean"}, "name_den": "4a3a9a3a71ce98f08cb5f0133aa12d71", "psnr": 20.945410414275187, "ssim": 0.19856270360027925}