{"path": "images\\man-164962_640.jpg", "var": 0.005, "params": {"template_size": 8, "search_size": 20, "similar": 1001, "name": "NL_mean"}, "name_den": "4b3f4ac8df574ecb44bb4ae2d96b0166", "psnr": 18.743880944715354, "ssim": 0.2787552532453961}