{"path": "images\\man-164962_640.jpg", "var": 0.005, "params": {"template_size": 3, "search_size": 20, "similar": 3001, "name": "NL_mean"}, "name_den": "4b8dbe3f11491335ea42bce2aeb3460a", "psnr": 18.774785935398526, "ssim": 0.2811892811267122}