{"path": "images\\architecture-3076685_640.jpg", "var": 0.005, "params": {"template_size": 18, "search_size": 20, "similar": 4001, "name": "NL_mean"}, "name_den": "4ce0558b177064935606dc6d4d6fcd28", "psnr": 19.461819169382274, "ssim": 0.18863492657685202}