{"path": "images\\man-164962_640.jpg", "var": 0.005, "params": {"template_size": 3, "search_size": 20, "similar": 1001, "name": "NL_mean"}, "name_den": "4d4849dd7ffa7084dd29805334dd5e22", "psnr": 18.790787806971455, "ssim": 0.281751603229145}