{"path": "images\\forest-1031022_640.jpg", "var": 0.005, "params": {"template_size": 13, "search_size": 20, "similar": 1001, "name": "NL_mean"}, "name_den": "4d8b197635c8ce08409bead955c41eef", "psnr": 21.13077428548487, "ssim": 0.20261587897038938}