{"path": "images\\architecture-3076685_640.jpg", "var": 0.005, "params": {"template_size": 3, "search_size": 20, "similar": 5001, "name": "NL_mean"}, "name_den": "4da72268fb83fa7b69a9a6fa001c03b0", "psnr": 19.459336033342648, "ssim": 0.1885595049547325}