{"path": "images\\brick-wall-1834446_640.jpg", "var": 0.005, "params": {"template_size": 13, "search_size": 20, "similar": 3001, "name": "NL_mean"}, "name_den": "4dc2be231ba0f1a295bdbb8be032628e", "psnr": 18.860451922040117, "ssim": 0.20437741402210427}