{"path": "images\\brick-wall-1834446_640.jpg", "var": 0.005, "params": {"template_size": 18, "search_size": 30, "similar": 1001, "name": "NL_mean"}, "name_den": "4f2b2aaa638f9429383ea9a4f8450552", "psnr": 18.48184374650456, "ssim": 0.2031517336181825}