{"path": "images\\brick-wall-1834446_640.jpg", "var": 0.005, "params": {"template_size": 3, "search_size": 10, "similar": 3001, "name": "NL_mean"}, "name_den": "4f95070d31499caf8e6afb0adbc4b476", "psnr": 19.291907244064983, "ssim": 0.21208533720701817}