{"path": "images\\man-164962_640.jpg", "var": 0.005, "params": {"template_size": 13, "search_size": 10, "similar": 2001, "name": "NL_mean"}, "name_den": "522c9ff20f87800ecd100fb6e4149e60", "psnr": 21.204610424037465, "ssim": 0.3579795479745107}