{"path": "images\\guy-2617866_640.jpg", "var": 0.005, "params": {"template_size": 18, "search_size": 20, "similar": 5001, "name": "NL_mean"}, "name_den": "533ea3095154c5ef471010fcc357e117", "psnr": 19.677439962526726, "ssim": 0.23767333040205407}