{"path": "images\\kingfisher-2046453_640.jpg", "var": 0.005, "params": {"template_size": 3, "search_size": 30, "similar": 4001, "name": "NL_mean"}, "name_den": "53d65f9d58e39462867d063ed0b40d63", "psnr": 20.04903237840859, "ssim": 0.334399466560045}