{"path": "images\\man-164962_640.jpg", "var": 0.005, "params": {"template_size": 8, "search_size": 10, "similar": 3001, "name": "NL_mean"}, "name_den": "5417dc23ed92f05289a8f181e3b75dd3", "psnr": 21.20697883554474, "ssim": 0.35785625399667187}