{"path": "images\\forest-1031022_640.jpg", "var": 0.005, "params": {"template_size": 13, "search_size": 30, "similar": 4001, "name": "NL_mean"}, "name_den": "5497f078c7d849ee371f11336212e26f", "psnr": 20.938752622937777, "ssim": 0.19786708388314564}