{"path": "images\\brick-wall-1834446_640.jpg", "var": 0.005, "params": {"template_size": 8, "search_size": 10, "similar": 1001, "name": "NL_mean"}, "name_den": "54a92dd4221a6f4c92f0f8add1698772", "psnr": 19.289200505234895, "ssim": 0.21289983002753007}