{"path": "images\\brick-wall-1834446_640.jpg", "var": 0.005, "params": {"template_size": 8, "search_size": 10, "similar": 4001, "name": "NL_mean"}, "name_den": "556424d6919c36333f847e33684ca462", "psnr": 19.28278548388421, "ssim": 0.2127176019447079}