{"path": "images\\brick-wall-1834446_640.jpg", "var": 0.005, "params": {"template_size": 3, "search_size": 10, "similar": 2001, "name": "NL_mean"}, "name_den": "55d4688b9315b9c9e8105e4c750a68be", "psnr": 19.287291482601315, "ssim": 0.21253953667019143}