{"path": "images\\architecture-3076685_640.jpg", "var": 0.005, "params": {"template_size": 13, "search_size": 20, "similar": 1, "name": "NL_mean"}, "name_den": "563808750cdbf55718aa4de3c74c7fe6", "psnr": 23.991938096286557, "ssim": 0.5626560597476212}