{"path": "images\\man-164962_640.jpg", "var": 0.005, "params": {"template_size": 18, "search_size": 10, "similar": 4001, "name": "NL_mean"}, "name_den": "563e4c9e918c2ee225cc7bc09da26152", "psnr": 21.200871123217794, "ssim": 0.3578861209443663}