{"path": "images\\forest-1031022_640.jpg", "var": 0.005, "params": {"template_size": 18, "search_size": 20, "similar": 3001, "name": "NL_mean"}, "name_den": "566185e74f4d4e0908a80d7cd1be9c59", "psnr": 21.12915014185933, "ssim": 0.20242230827625063}