{"path": "images\\man-164962_640.jpg", "var": 0.005, "params": {"template_size": 3, "search_size": 20, "similar": 2001, "name": "NL_mean"}, "name_den": "57d7f1f2db15a4c5e78a572c7998371e", "psnr": 18.7656811571367, "ssim": 0.28069188573238857}