{"path": "images\\forest-1031022_640.jpg", "var": 0.005, "params": {"template_size": 3, "search_size": 30, "similar": 1, "name": "NL_mean"}, "name_den": "5989ffdfc77f47fd6d6b94e3772b079b", "psnr": 23.008789855079243, "ssim": 0.36913437498346063}