{"path": "images\\architecture-3076685_640.jpg", "var": 0.005, "params": {"template_size": 13, "search_size": 20, "similar": 3001, "name": "NL_mean"}, "name_den": "5b43581041cb1eac214e1cc2cabac89b", "psnr": 19.474325210122956, "ssim": 0.18912996174890961}