{"path": "images\\guy-2617866_640.jpg", "var": 0.005, "params": {"template_size": 8, "search_size": 10, "similar": 4001, "name": "NL_mean"}, "name_den": "5b5bf96ca9cd40c300338538596a0450", "psnr": 20.759839285217794, "ssim": 0.2573729860721511}