{"path": "images\\man-164962_640.jpg", "var": 0.005, "params": {"template_size": 8, "search_size": 20, "similar": 4001, "name": "NL_mean"}, "name_den": "5c4e9c35f2f62b475f10d140bb157afd", "psnr": 18.72791493678856, "ssim": 0.2776230877174979}