{"path": "images\\guy-2617866_640.jpg", "var": 0.005, "params": {"template_size": 8, "search_size": 10, "similar": 5001, "name": "NL_mean"}, "name_den": "5cb90a4eecd594d87c6d14a8704dad3f", "psnr": 20.758335359098012, "ssim": 0.25695004487531753}