{"path": "images\\kingfisher-2046453_640.jpg", "var": 0.005, "params": {"template_size": 18, "search_size": 20, "similar": 5001, "name": "NL_mean"}, "name_den": "5db00778adbc218e985237d911b6473b", "psnr": 20.449987939763602, "ssim": 0.29064316849556665}