{"path": "images\\guy-2617866_640.jpg", "var": 0.005, "params": {"template_size": 13, "search_size": 30, "similar": 4001, "name": "NL_mean"}, "name_den": "5fce4bab2f009ac715e679e96ddd5cca", "psnr": 19.055383343647673, "ssim": 0.23169714639667371}