{"path": "images\\forest-1031022_640.jpg", "var": 0.005, "params": {"template_size": 13, "search_size": 20, "similar": 4001, "name": "NL_mean"}, "name_den": "6046356fd3f0fcaa1350ef7680cdb2f5", "psnr": 21.13733034653391, "ssim": 0.20286326080163763}