{"path": "images\\architecture-3076685_640.jpg", "var": 0.005, "params": {"template_size": 3, "search_size": 30, "similar": 5001, "name": "NL_mean"}, "name_den": "60635d0a3b8dfe2b0841a29ec78abf3e", "psnr": 19.20243811844508, "ssim": 0.1795716435409409}