{"path": "images\\brick-wall-1834446_640.jpg", "var": 0.005, "params": {"template_size": 18, "search_size": 20, "similar": 4001, "name": "NL_mean"}, "name_den": "60f0c3bc6aefa39e89d96e4e778ed7f9", "psnr": 18.878932358106642, "ssim": 0.20487452332136027}