{"path": "images\\guy-2617866_640.jpg", "var": 0.005, "params": {"template_size": 13, "search_size": 10, "similar": 1001, "name": "NL_mean"}, "name_den": "612d247baab4a73eb7a6bfa382c8e6c9", "psnr": 20.761461149774725, "ssim": 0.25708631446893937}