{"path": "images\\forest-1031022_640.jpg", "var": 0.005, "params": {"template_size": 13, "search_size": 30, "similar": 1, "name": "NL_mean"}, "name_den": "627f8a327b64de371d8770baae92b80c", "psnr": 22.989860312942582, "ssim": 0.3683892019882109}