{"path": "images\\architecture-3076685_640.jpg", "var": 0.005, "params": {"template_size": 3, "search_size": 30, "similar": 4001, "name": "NL_mean"}, "name_den": "628e8b9c283dca7ca79947207b7e4e8f", "psnr": 19.20356326542494, "ssim": 0.18029409301251623}