{"path": "images\\kingfisher-2046453_640.jpg", "var": 0.005, "params": {"template_size": 3, "search_size": 30, "similar": 5001, "name": "NL_mean"}, "name_den": "6374f279f4bd13e413118058ec8889ca", "psnr": 20.047855359599524, "ssim": 0.3347367825205853}