{"path": "images\\man-164962_640.jpg", "var": 0.005, "params": {"template_size": 8, "search_size": 30, "similar": 1001, "name": "NL_mean"}, "name_den": "639a518211ebaddab9d3d3c36ca4d5df", "psnr": 16.724388721103626, "ssim": 0.20709122175830444}