{"path": "images\\kingfisher-2046453_640.jpg", "var": 0.005, "params": {"template_size": 3, "search_size": 20, "similar": 5001, "name": "NL_mean"}, "name_den": "642901c0e4c1fb4471eee5812cdfbd18", "psnr": 20.714959763956983, "ssim": 0.3235652915753356}