{"path": "images\\architecture-3076685_640.jpg", "var": 0.005, "params": {"template_size": 3, "search_size": 20, "similar": 1001, "name": "NL_mean"}, "name_den": "671bffd850ad24ebf3e2a7049697c971", "psnr": 19.46957910119768, "ssim": 0.1890081685642003}