{"path": "images\\brick-wall-1834446_640.jpg", "var": 0.005, "params": {"template_size": 3, "search_size": 20, "similar": 5001, "name": "NL_mean"}, "name_den": "67a4a4fcfcdaeb0b5c3d4faaf8bb187f", "psnr": 18.882320417744115, "ssim": 0.20458598970806396}