{"path": "images\\guy-2617866_640.jpg", "var": 0.005, "params": {"template_size": 13, "search_size": 20, "similar": 1, "name": "NL_mean"}, "name_den": "684cabdfd6f6ff2d2de699cc5322e51c", "psnr": 23.55897920595826, "ssim": 0.28262069034681464}