{"path": "images\\man-164962_640.jpg", "var": 0.005, "params": {"template_size": 18, "search_size": 30, "similar": 2001, "name": "NL_mean"}, "name_den": "68756c617cf9f616542c0e3a3b535728", "psnr": 16.704033149606936, "ssim": 0.20546199825241238}