{"path": "images\\kingfisher-2046453_640.jpg", "var": 0.005, "params": {"template_size": 8, "search_size": 10, "similar": 3001, "name": "NL_mean"}, "name_den": "694fffe6fbcc9a94b1fd9fb283c2a260", "psnr": 21.444714979129046, "ssim": 0.30901708467625766}