{"path": "images\\architecture-3076685_640.jpg", "var": 0.005, "params": {"template_size": 13, "search_size": 10, "similar": 3001, "name": "NL_mean"}, "name_den": "69f0a7af8fbfe9e18627c3b6be818413", "psnr": 20.002400315810995, "ssim": 0.22409171176560852}