{"path": "images\\kingfisher-2046453_640.jpg", "var": 0.005, "params": {"template_size": 13, "search_size": 30, "similar": 5001, "name": "NL_mean"}, "name_den": "69f4ee468833e52c990fc5a3618583a2", "psnr": 19.726630459389597, "ssim": 0.28638227580690606}