{"path": "images\\forest-1031022_640.jpg", "var": 0.005, "params": {"template_size": 18, "search_size": 30, "similar": 5001, "name": "NL_mean"}, "name_den": "6b651049c4954bc9ea0320a9de8c79d6", "psnr": 20.957761207123227, "ssim": 0.1990896639673121}