{"path": "images\\guy-2617866_640.jpg", "var": 0.005, "params": {"template_size": 3, "search_size": 30, "similar": 2001, "name": "NL_mean"}, "name_den": "6c876061709ea30f88797c8f4d209f7a", "psnr": 19.069527067808686, "ssim": 0.2313675761279945}