{"path": "images\\man-164962_640.jpg", "var": 0.005, "params": {"template_size": 8, "search_size": 20, "similar": 3001, "name": "NL_mean"}, "name_den": "6d2122170261ed125a1349741f154999", "psnr": 18.744137596243537, "ssim": 0.2789143513185684}