{"path": "images\\guy-2617866_640.jpg", "var": 0.005, "params": {"template_size": 13, "search_size": 30, "similar": 2001, "name": "NL_mean"}, "name_den": "6d87572eb3495d098b8e10cbfd907f85", "psnr": 19.04476703798615, "ssim": 0.2310630544431865}