{"path": "images\\guy-2617866_640.jpg", "var": 0.005, "params": {"template_size": 8, "search_size": 20, "similar": 1, "name": "NL_mean"}, "name_den": "6de04f4c0e3b01ffc62d1ee6188840d5", "psnr": 23.554615592354363, "ssim": 0.28250286560859555}