{"path": "images\\man-164962_640.jpg", "var": 0.005, "params": {"template_size": 13, "search_size": 30, "similar": 5001, "name": "NL_mean"}, "name_den": "6e50169d67a233ad70befaba96425082", "psnr": 16.711132247981148, "ssim": 0.20645168605931233}