{"path": "images\\man-164962_640.jpg", "var": 0.005, "params": {"template_size": 8, "search_size": 10, "similar": 4001, "name": "NL_mean"}, "name_den": "6e7c4a90dd653f5416c3935c5ee07027", "psnr": 21.219952061182582, "ssim": 0.3593376059516116}