{"path": "images\\architecture-3076685_640.jpg", "var": 0.005, "params": {"template_size": 13, "search_size": 10, "similar": 1001, "name": "NL_mean"}, "name_den": "7055e763ab3e7ed439e35d0f6d96e443", "psnr": 19.99393915342674, "ssim": 0.22411963347367345}