{"path": "images\\kingfisher-2046453_640.jpg", "var": 0.005, "params": {"template_size": 3, "search_size": 10, "similar": 1001, "name": "NL_mean"}, "name_den": "712ae1fc5c0b98628c669883f541e007", "psnr": 21.587250257805586, "ssim": 0.32226685672206845}