{"path": "images\\kingfisher-2046453_640.jpg", "var": 0.005, "params": {"template_size": 3, "search_size": 10, "similar": 5001, "name": "NL_mean"}, "name_den": "7141bc6be3af04c0bc59d43604bd9124", "psnr": 21.584856056230052, "ssim": 0.3220877412205057}