{"path": "images\\man-164962_640.jpg", "var": 0.005, "params": {"template_size": 13, "search_size": 10, "similar": 1001, "name": "NL_mean"}, "name_den": "7167e04e2f9068a058724d9591af379c", "psnr": 21.210786328504525, "ssim": 0.3585980948766749}