{"path": "images\\guy-2617866_640.jpg", "var": 0.005, "params": {"template_size": 3, "search_size": 20, "similar": 2001, "name": "NL_mean"}, "name_den": "71ac13308bd74d087b81a3e73a66aeda", "psnr": 19.720684871115374, "ssim": 0.2384924565594675}