{"path": "images\\man-164962_640.jpg", "var": 0.005, "params": {"template_size": 13, "search_size": 20, "similar": 1, "name": "NL_mean"}, "name_den": "71bf69cbfb06f4ebb3946d41d55e6340", "psnr": 23.572110940436165, "ssim": 0.43767579309733606}