{"path": "images\\architecture-3076685_640.jpg", "var": 0.005, "params": {"template_size": 13, "search_size": 10, "similar": 1, "name": "NL_mean"}, "name_den": "7349e6fc80b12906eeb734cd3b6d147b", "psnr": 23.98760923931766, "ssim": 0.5622410071525487}