{"path": "images\\forest-1031022_640.jpg", "var": 0.005, "params": {"template_size": 18, "search_size": 30, "similar": 1, "name": "NL_mean"}, "name_den": "7444cf4df292237ead26616fe35d86aa", "psnr": 22.99166734628795, "ssim": 0.3682726366426947}