{"path": "images\\guy-2617866_640.jpg", "var": 0.005, "params": {"template_size": 13, "search_size": 20, "similar": 3001, "name": "NL_mean"}, "name_den": "745eba2542f9bfefaf75bbe1da1eea93", "psnr": 19.692174468556434, "ssim": 0.23821255998011015}