{"path": "images\\forest-1031022_640.jpg", "var": 0.005, "params": {"template_size": 13, "search_size": 10, "similar": 2001, "name": "NL_mean"}, "name_den": "747b81076f91d3da5b67ac016e02e88d", "psnr": 21.48930122112847, "ssim": 0.22121070269386603}