{"path": "images\\man-164962_640.jpg", "var": 0.005, "params": {"template_size": 18, "search_size": 20, "similar": 2001, "name": "NL_mean"}, "name_den": "74c1677a2760b969c2ad4a9f278bd886", "psnr": 18.7326907097589, "ssim": 0.27775107420296014}