{"path": "images\\kingfisher-2046453_640.jpg", "var": 0.005, "params": {"template_size": 13, "search_size": 30, "similar": 1001, "name": "NL_mean"}, "name_den": "753b162e6bf6cba7180f06d7c5bf2281", "psnr": 19.749566863079, "ssim": 0.28704752695337615}