{"path": "images\\architecture-3076685_640.jpg", "var": 0.005, "params": {"template_size": 3, "search_size": 30, "similar": 2001, "name": "NL_mean"}, "name_den": "754d864486f35726c2aa4f4da66371cb", "psnr": 19.20741673915931, "ssim": 0.1804463525181836}