{"path": "images\\architecture-3076685_640.jpg", "var": 0.005, "params": {"template_size": 18, "search_size": 20, "similar": 5001, "name": "NL_mean"}, "name_den": "7667b5bf2875caca2985085287a4127f", "psnr": 19.483128231563235, "ssim": 0.1891487400278885}