{"path": "images\\man-164962_640.jpg", "var": 0.005, "params": {"template_size": 8, "search_size": 30, "similar": 2001, "name": "NL_mean"}, "name_den": "772970af51a8047488f048480311e386", "psnr": 16.713315948078304, "ssim": 0.20707718650281134}