{"path": "images\\kingfisher-2046453_640.jpg", "var": 0.005, "params": {"template_size": 18, "search_size": 30, "similar": 4001, "name": "NL_mean"}, "name_den": "77a1b12396071f0c3f79c0279af4441a", "psnr": 19.735544808011724, "ssim": 0.2853118956878247}