{"path": "images\\kingfisher-2046453_640.jpg", "var": 0.005, "params": {"template_size": 13, "search_size": 10, "similar": 3001, "name": "NL_mean"}, "name_den": "77aa577ed62aa72e6737cc3317f7bdfa", "psnr": 21.43849323562941, "ssim": 0.3087428969948862}