{"path": "images\\forest-1031022_640.jpg", "var": 0.005, "params": {"template_size": 13, "search_size": 30, "similar": 1001, "name": "NL_mean"}, "name_den": "77c99f24277f362f568ca5855e85446c", "psnr": 20.93543610869777, "ssim": 0.19802153831017558}