{"path": "images\\guy-2617866_640.jpg", "var": 0.005, "params": {"template_size": 13, "search_size": 10, "similar": 1, "name": "NL_mean"}, "name_den": "77ea2345e0247640418990d896a31971", "psnr": 23.546864831606594, "ssim": 0.28227700877794576}