{"path": "images\\architecture-3076685_640.jpg", "var": 0.005, "params": {"template_size": 18, "search_size": 10, "similar": 2001, "name": "NL_mean"}, "name_den": "7902f830f12c2d3d43e38eb8c91d0cbc", "psnr": 19.995876853186058, "ssim": 0.22423379478757857}