{"path": "images\\forest-1031022_640.jpg", "var": 0.005, "params": {"template_size": 8, "search_size": 20, "similar": 1001, "name": "NL_mean"}, "name_den": "795e91366b513d02439d6bbff75d26e6", "psnr": 21.142146465717072, "ssim": 0.2026043439337233}