{"path": "images\\kingfisher-2046453_640.jpg", "var": 0.005, "params": {"template_size": 3, "search_size": 10, "similar": 4001, "name": "NL_mean"}, "name_den": "79cc5ae6efb3cc30d59f490e76584e88", "psnr": 21.60243134262631, "ssim": 0.3224932059109534}