{"path": "images\\guy-2617866_640.jpg", "var": 0.005, "params": {"template_size": 3, "search_size": 20, "similar": 3001, "name": "NL_mean"}, "name_den": "7a18a7afd8ef1603d0854c7db3fd7d7c", "psnr": 19.69129208352411, "ssim": 0.23769469673733382}