{"path": "images\\forest-1031022_640.jpg", "var": 0.005, "params": {"template_size": 8, "search_size": 20, "similar": 5001, "name": "NL_mean"}, "name_den": "7a3ffb86efff7080584b778f44e67740", "psnr": 21.14128098499785, "ssim": 0.20270511557262363}