{"path": "images\\guy-2617866_640.jpg", "var": 0.005, "params": {"template_size": 3, "search_size": 30, "similar": 1, "name": "NL_mean"}, "name_den": "7a4d192554ab7ba75b0a25a7992595c7", "psnr": 23.60151010237733, "ssim": 0.2843432299557272}