{"path": "images\\brick-wall-1834446_640.jpg", "var": 0.005, "params": {"template_size": 18, "search_size": 20, "similar": 3001, "name": "NL_mean"}, "name_den": "7a6ae2ace81b89916a7ea8e79d0feba2", "psnr": 18.89148958452886, "ssim": 0.20560020267126178}