{"path": "images\\man-164962_640.jpg", "var": 0.005, "params": {"template_size": 3, "search_size": 30, "similar": 3001, "name": "NL_mean"}, "name_den": "7aa7f62b55a0893ce24921d2a23180fd", "psnr": 16.73313227839608, "ssim": 0.20881480015924936}