{"path": "images\\forest-1031022_640.jpg", "var": 0.005, "params": {"template_size": 3, "search_size": 10, "similar": 5001, "name": "NL_mean"}, "name_den": "7b19598c037486778104297f43b7653d", "psnr": 21.46451591465972, "ssim": 0.22005449048376946}