{"path": "images\\brick-wall-1834446_640.jpg", "var": 0.005, "params": {"template_size": 3, "search_size": 30, "similar": 1, "name": "NL_mean"}, "name_den": "7b6c22db046cc08c402b6dade1f0acfe", "psnr": 23.408971597466184, "ssim": 0.49284678918885017}