{"path": "images\\kingfisher-2046453_640.jpg", "var": 0.005, "params": {"template_size": 13, "search_size": 10, "similar": 1001, "name": "NL_mean"}, "name_den": "7cb5428ac5961e9cd3d701e0ea157d93", "psnr": 21.42939165449308, "ssim": 0.3084235145085304}