{"path": "images\\forest-1031022_640.jpg", "var": 0.005, "params": {"template_size": 18, "search_size": 10, "similar": 3001, "name": "NL_mean"}, "name_den": "7e469bce0487b8ae04538f448ee99b1c", "psnr": 21.482699158453315, "ssim": 0.22081636506283545}