{"path": "images\\brick-wall-1834446_640.jpg", "var": 0.005, "params": {"template_size": 3, "search_size": 20, "similar": 2001, "name": "NL_mean"}, "name_den": "800ebc2826da86c1b708908123b1a3e9", "psnr": 18.883221565040643, "ssim": 0.20487170177355543}