{"path": "images\\guy-2617866_640.jpg", "var": 0.005, "params": {"template_size": 8, "search_size": 30, "similar": 1, "name": "NL_mean"}, "name_den": "8026033602a8d5f7a7e0ede936b11c6d", "psnr": 23.56494081253702, "ssim": 0.2828387730486848}