{"path": "images\\architecture-3076685_640.jpg", "var": 0.005, "params": {"template_size": 13, "search_size": 30, "similar": 4001, "name": "NL_mean"}, "name_den": "812d5048ea7c2950d3a4158b5b464067", "psnr": 19.19647714603744, "ssim": 0.17993386385974794}