{"path": "images\\man-164962_640.jpg", "var": 0.005, "params": {"template_size": 13, "search_size": 20, "similar": 3001, "name": "NL_mean"}, "name_den": "820de0c18536829136cccbf6821510f1", "psnr": 18.718897358593416, "ssim": 0.27731173034956097}