{"path": "images\\guy-2617866_640.jpg", "var": 0.005, "params": {"template_size": 18, "search_size": 30, "similar": 4001, "name": "NL_mean"}, "name_den": "827008e65a772dc2045c1cf4c7ba6b42", "psnr": 19.064660557910443, "ssim": 0.2317340631978403}