{"path": "images\\forest-1031022_640.jpg", "var": 0.005, "params": {"template_size": 8, "search_size": 10, "similar": 3001, "name": "NL_mean"}, "name_den": "82f261925e5f467798abc00eb94e33f3", "psnr": 21.476336808216438, "ssim": 0.2205101092023726}