{"path": "images\\kingfisher-2046453_640.jpg", "var": 0.005, "params": {"template_size": 18, "search_size": 20, "similar": 3001, "name": "NL_mean"}, "name_den": "82f81cf8611d529d01cf3d2463227eda", "psnr": 20.44040030758973, "ssim": 0.2906934378592566}