{"path": "images\\kingfisher-2046453_640.jpg", "var": 0.005, "params": {"template_size": 3, "search_size": 10, "similar": 2001, "name": "NL_mean"}, "name_den": "8320d46d9d1a8828e2cb15e00ec8089a", "psnr": 21.58995195029771, "ssim": 0.32245720720758914}