{"path": "images\\forest-1031022_640.jpg", "var": 0.005, "params": {"template_size": 3, "search_size": 30, "similar": 5001, "name": "NL_mean"}, "name_den": "8324fb107c7a7fdbb77f13d0bb30303a", "psnr": 20.950467306830287, "ssim": 0.19843835078339986}