{"path": "images\\brick-wall-1834446_640.jpg", "var": 0.005, "params": {"template_size": 18, "search_size": 20, "similar": 5001, "name": "NL_mean"}, "name_den": "83acaf1dcf41e505f97e6b0e76c97f87", "psnr": 18.867419407112635, "ssim": 0.2048821213906399}