{"path": "images\\brick-wall-1834446_640.jpg", "var": 0.005, "params": {"template_size": 18, "search_size": 30, "similar": 2001, "name": "NL_mean"}, "name_den": "83c0946a1589a01c192ceeb15bfca64a", "psnr": 18.47097739371423, "ssim": 0.20265613703882243}