{"path": "images\\architecture-3076685_640.jpg", "var": 0.005, "params": {"template_size": 18, "search_size": 30, "similar": 1001, "name": "NL_mean"}, "name_den": "859085e9b1988488ac414d5896594efc", "psnr": 19.2063490483655, "ssim": 0.1803274366392975}