{"path": "images\\brick-wall-1834446_640.jpg", "var": 0.005, "params": {"template_size": 3, "search_size": 10, "similar": 1001, "name": "NL_mean"}, "name_den": "859187f2bb70540e57629bb7fde3ccc5", "psnr": 19.286184365762054, "ssim": 0.2122072358722559}