{"path": "images\\forest-1031022_640.jpg", "var": 0.005, "params": {"template_size": 13, "search_size": 20, "similar": 3001, "name": "NL_mean"}, "name_den": "85b16780ed7a8aa71e2106be54e2f22f", "psnr": 21.12629133584099, "ssim": 0.20263129039883468}