{"path": "images\\architecture-3076685_640.jpg", "var": 0.005, "params": {"template_size": 13, "search_size": 30, "similar": 1, "name": "NL_mean"}, "name_den": "873e1cb06125ad3c4b2e74783c95f875", "psnr": 23.99044364191825, "ssim": 0.5619090622523041}