{"path": "images\\forest-1031022_640.jpg", "var": 0.005, "params": {"template_size": 18, "search_size": 30, "similar": 1001, "name": "NL_mean"}, "name_den": "87eba935dbc6d5887ce401279f2a1c1f", "psnr": 20.943074962404452, "ssim": 0.1982960515047393}