{"path": "images\\nikita.jpg", "var": 0.005, "params": {"template_size": 3, "search_size": 10, "similar": 1, "name": "NL_mean"}, "name_den": "88903e641acb9301c9cb9d701218a279", "psnr": 24.250155299995974, "ssim": 0.30422357944771167}