{"path": "images\\forest-1031022_640.jpg", "var": 0.005, "params": {"template_size": 3, "search_size": 10, "similar": 3001, "name": "NL_mean"}, "name_den": "8984caf26bf5ce3748cd393366bac23a", "psnr": 21.492034129218418, "ssim": 0.22150184218651517}