{"path": "images\\forest-1031022_640.jpg", "var": 0.005, "params": {"template_size": 8, "search_size": 30, "similar": 3001, "name": "NL_mean"}, "name_den": "8a76b0790841044da84139bbef206c52", "psnr": 20.957667119065725, "ssim": 0.1987083260855016}