{"path": "images\\guy-2617866_640.jpg", "var": 0.005, "params": {"template_size": 3, "search_size": 30, "similar": 4001, "name": "NL_mean"}, "name_den": "8ae9e0bac5e1e1ad5f1723250686ddf4", "psnr": 19.06231674742233, "ssim": 0.23136827972620344}