{"path": "images\\man-164962_640.jpg", "var": 0.005, "params": {"template_size": 8, "search_size": 20, "similar": 5001, "name": "NL_mean"}, "name_den": "8c370f11c19ab807bc00d426a339dc88", "psnr": 18.73502406239202, "ssim": 0.27891827643014216}