{"path": "images\\guy-2617866_640.jpg", "var": 0.005, "params": {"template_size": 3, "search_size": 30, "similar": 1001, "name": "NL_mean"}, "name_den": "8cbeddd7e32a2431f57d7fcf5474ee36", "psnr": 19.090430346979915, "ssim": 0.23204084883131867}