{"path": "images\\brick-wall-1834446_640.jpg", "var": 0.005, "params": {"template_size": 3, "search_size": 10, "similar": 5001, "name": "NL_mean"}, "name_den": "8cfe15a75a574cf4f427ca78dd7d4d23", "psnr": 19.28349764844864, "ssim": 0.21188643621200798}