{"path": "images\\kingfisher-2046453_640.jpg", "var": 0.005, "params": {"template_size": 3, "search_size": 30, "similar": 1001, "name": "NL_mean"}, "name_den": "8d5700e89fc6742c108f1e43fd693adf", "psnr": 20.08291763166323, "ssim": 0.3368778368169854}