{"path": "images\\man-164962_640.jpg", "var": 0.005, "params": {"template_size": 18, "search_size": 30, "similar": 4001, "name": "NL_mean"}, "name_den": "8d5fd49c9e2d3b38bd9548a2f3ce194f", "psnr": 16.702994197239214, "ssim": 0.2048558790661059}