{"path": "images\\guy-2617866_640.jpg", "var": 0.005, "params": {"template_size": 3, "search_size": 10, "similar": 4001, "name": "NL_mean"}, "name_den": "8d64ff61aa9ce7e6ba6f9ad2f2a4a91d", "psnr": 20.76742131325598, "ssim": 0.257601890317993}