{"path": "images\\architecture-3076685_640.jpg", "var": 0.005, "params": {"template_size": 3, "search_size": 10, "similar": 4001, "name": "NL_mean"}, "name_den": "8e70b058fb026a12de790f6b6f8090b5", "psnr": 20.00480175462554, "ssim": 0.223745161779595}