{"path": "images\\guy-2617866_640.jpg", "var": 0.005, "params": {"template_size": 8, "search_size": 10, "similar": 1, "name": "NL_mean"}, "name_den": "8e8d0ef5514c806ab3ffd150a70a67c8", "psnr": 23.552059644416282, "ssim": 0.2825509001144032}