{"path": "images\\forest-1031022_640.jpg", "var": 0.005, "params": {"template_size": 3, "search_size": 10, "similar": 2001, "name": "NL_mean"}, "name_den": "8f996de7d964a8d1429d62d935de244b", "psnr": 21.480215541434728, "ssim": 0.22078468225821876}