{"path": "images\\guy-2617866_640.jpg", "var": 0.005, "params": {"template_size": 13, "search_size": 10, "similar": 5001, "name": "NL_mean"}, "name_den": "900f9902b38fe444fbe5be023034084a", "psnr": 20.75926786401537, "ssim": 0.2573811877006308}