{"path": "images\\guy-2617866_640.jpg", "var": 0.005, "params": {"template_size": 8, "search_size": 10, "similar": 3001, "name": "NL_mean"}, "name_den": "90646d052b4f7ea230ffa965c4a57250", "psnr": 20.75779072633043, "ssim": 0.2572124013120813}