{"path": "images\\architecture-3076685_640.jpg", "var": 0.005, "params": {"template_size": 18, "search_size": 30, "similar": 5001, "name": "NL_mean"}, "name_den": "90c61d61394f24b8160753b20dc42cbe", "psnr": 19.215740204933986, "ssim": 0.18036120487892837}