{"path": "images\\architecture-3076685_640.jpg", "var": 0.005, "params": {"template_size": 8, "search_size": 30, "similar": 1, "name": "NL_mean"}, "name_den": "90d7a2ebc0e61c7980ac8fa3bc9f0df4", "psnr": 23.996806908101483, "ssim": 0.5630423819933453}