{"path": "images\\forest-1031022_640.jpg", "var": 0.005, "params": {"template_size": 18, "search_size": 10, "similar": 5001, "name": "NL_mean"}, "name_den": "911268d17ae23d14c7fddb888d189c21", "psnr": 21.485221346047126, "ssim": 0.2208275789966251}