{"path": "images\\man-164962_640.jpg", "var": 0.005, "params": {"template_size": 18, "search_size": 30, "similar": 1, "name": "NL_mean"}, "name_den": "92bc8872436ec9ab6a7cc3c89014d7fd", "psnr": 23.557956999091143, "ssim": 0.4365024708004273}