{"path": "images\\architecture-3076685_640.jpg", "var": 0.005, "params": {"template_size": 3, "search_size": 10, "similar": 1001, "name": "NL_mean"}, "name_den": "92e9a273a1564eb070bae9f7059f67ab", "psnr": 19.999935222029407, "ssim": 0.22451831160054034}