{"path": "images\\man-164962_640.jpg", "var": 0.005, "params": {"template_size": 3, "search_size": 10, "similar": 4001, "name": "NL_mean"}, "name_den": "9350e653a175f50c13bd0432c42a6338", "psnr": 21.248070505340117, "ssim": 0.3612131036925661}