{"path": "images\\kingfisher-2046453_640.jpg", "var": 0.005, "params": {"template_size": 3, "search_size": 20, "similar": 2001, "name": "NL_mean"}, "name_den": "939f0afa4eafbc53ae8f5e5fee20b6b0", "psnr": 20.713210041319712, "ssim": 0.3241310582453109}