{"path": "images\\brick-wall-1834446_640.jpg", "var": 0.005, "params": {"template_size": 18, "search_size": 20, "similar": 2001, "name": "NL_mean"}, "name_den": "93a6d0391d7e489af0c929c3bc2a3410", "psnr": 18.875052374466026, "ssim": 0.20453233186110098}