{"path": "images\\brick-wall-1834446_640.jpg", "var": 0.005, "params": {"template_size": 8, "search_size": 20, "similar": 1, "name": "NL_mean"}, "name_den": "945ae31189ab6aa06d9cf1dbac016f46", "psnr": 23.3733209168905, "ssim": 0.49144624627275624}