{"path": "images\\kingfisher-2046453_640.jpg", "var": 0.005, "params": {"template_size": 18, "search_size": 30, "similar": 1, "name": "NL_mean"}, "name_den": "96e06fad7ba5400dd21eb3248cfe7e9c", "psnr": 23.24218277534865, "ssim": 0.31322527326576804}