{"path": "images\\man-164962_640.jpg", "var": 0.005, "params": {"template_size": 18, "search_size": 10, "similar": 2001, "name": "NL_mean"}, "name_den": "9753b6a1beaefa157ccc120d441beae5", "psnr": 21.2028599839137, "ssim": 0.35841893723785057}