{"path": "images\\architecture-3076685_640.jpg", "var": 0.005, "params": {"template_size": 3, "search_size": 10, "similar": 5001, "name": "NL_mean"}, "name_den": "976ab286b8f9d51a4432c5bd44ed310c", "psnr": 20.01277200062603, "ssim": 0.22486997485506702}