{"path": "images\\forest-1031022_640.jpg", "var": 0.005, "params": {"template_size": 8, "search_size": 10, "similar": 2001, "name": "NL_mean"}, "name_den": "9803a39157a41e68749dd25543d0c339", "psnr": 21.471058040010004, "ssim": 0.22062006664742115}