{"path": "images\\brick-wall-1834446_640.jpg", "var": 0.005, "params": {"template_size": 3, "search_size": 30, "similar": 5001, "name": "NL_mean"}, "name_den": "98d265c3b591b80c7d060fd3869076c8", "psnr": 18.500151323876928, "ssim": 0.20315894049199787}