{"path": "images\\forest-1031022_640.jpg", "var": 0.005, "params": {"template_size": 13, "search_size": 30, "similar": 2001, "name": "NL_mean"}, "name_den": "98e92d7abce7158433d24bb8a2c34856", "psnr": 20.940230400516985, "ssim": 0.1976971662542825}