{"path": "images\\forest-1031022_640.jpg", "var": 0.005, "params": {"template_size": 13, "search_size": 10, "similar": 3001, "name": "NL_mean"}, "name_den": "99066df0092bf066c8284687c76a2a83", "psnr": 21.45728841035812, "ssim": 0.21978156940210877}