{"path": "images\\architecture-3076685_640.jpg", "var": 0.005, "params": {"template_size": 13, "search_size": 20, "similar": 2001, "name": "NL_mean"}, "name_den": "99a57f24cb38b5ca77cd31eac8e9bfc6", "psnr": 19.48289853834509, "ssim": 0.18936245713730146}