{"path": "images\\brick-wall-1834446_640.jpg", "var": 0.005, "params": {"template_size": 3, "search_size": 30, "similar": 1001, "name": "NL_mean"}, "name_den": "99a879fe32251630a6c2348ec4a24b88", "psnr": 18.484080567642174, "ssim": 0.20266694133339666}