{"path": "images\\kingfisher-2046453_640.jpg", "var": 0.005, "params": {"template_size": 3, "search_size": 30, "similar": 3001, "name": "NL_mean"}, "name_den": "99d55f9cdcd8b4382b8698266adeafd2", "psnr": 20.050402292784003, "ssim": 0.3346075052334174}