{"path": "images\\brick-wall-1834446_640.jpg", "var": 0.005, "params": {"template_size": 3, "search_size": 10, "similar": 1, "name": "NL_mean"}, "name_den": "99da91ed1aabb99cc752b3a107c76d51", "psnr": 23.39830889529277, "ssim": 0.4928593552570546}