{"path": "images\\forest-1031022_640.jpg", "var": 0.005, "params": {"template_size": 18, "search_size": 30, "similar": 2001, "name": "NL_mean"}, "name_den": "99dbec597222166f9d21b55ec222ff19", "psnr": 20.94282210261856, "ssim": 0.19782441643511525}