{"path": "images\\kingfisher-2046453_640.jpg", "var": 0.005, "params": {"template_size": 8, "search_size": 20, "similar": 1001, "name": "NL_mean"}, "name_den": "9a55b8e353ff6ca6d93ec3a9adb09d06", "psnr": 20.463288878527713, "ssim": 0.2931974978384397}