{"path": "images\\forest-1031022_640.jpg", "var": 0.005, "params": {"template_size": 18, "search_size": 10, "similar": 1, "name": "NL_mean"}, "name_den": "9a92842dfbe046c151f6c30d7403e2f5", "psnr": 22.99404037073125, "ssim": 0.36812417213720794}