{"path": "images\\forest-1031022_640.jpg", "var": 0.005, "params": {"template_size": 3, "search_size": 20, "similar": 1, "name": "NL_mean"}, "name_den": "9ae6fbab0eacccaa91a5a42a4955e9e2", "psnr": 22.998478424648304, "ssim": 0.36839664186170973}