{"path": "images\\brick-wall-1834446_640.jpg", "var": 0.005, "params": {"template_size": 8, "search_size": 20, "similar": 5001, "name": "NL_mean"}, "name_den": "9b854ece0c45bd26167597ee811cb4b3", "psnr": 18.872454769446605, "ssim": 0.20477921152375725}