{"path": "images\\kingfisher-2046453_640.jpg", "var": 0.005, "params": {"template_size": 8, "search_size": 20, "similar": 5001, "name": "NL_mean"}, "name_den": "9ccb91fec1a8c8d10a03ae8bf1552706", "psnr": 20.44378741831504, "ssim": 0.29303976864203013}