{"path": "images\\brick-wall-1834446_640.jpg", "var": 0.005, "params": {"template_size": 13, "search_size": 20, "similar": 1, "name": "NL_mean"}, "name_den": "9cd9f730f9268283fe4dcfea0b33ceff", "psnr": 23.37651935902711, "ssim": 0.49181100941447403}