{"path": "images\\brick-wall-1834446_640.jpg", "var": 0.005, "params": {"template_size": 18, "search_size": 10, "similar": 3001, "name": "NL_mean"}, "name_den": "9d3e9e886a35d34613f645cb98c8c4c6", "psnr": 19.27377714183278, "ssim": 0.21196324504331812}