{"path": "images\\man-164962_640.jpg", "var": 0.005, "params": {"template_size": 13, "search_size": 10, "similar": 5001, "name": "NL_mean"}, "name_den": "9d51c369d7362ae547769597cb01b269", "psnr": 21.201999159558067, "ssim": 0.35786817077533944}