{"path": "images\\forest-1031022_640.jpg", "var": 0.005, "params": {"template_size": 3, "search_size": 30, "similar": 1001, "name": "NL_mean"}, "name_den": "9e80a9c06a588fc97f0a292ee1e2c041", "psnr": 20.942182953190397, "ssim": 0.19791672098910532}