{"path": "images\\forest-1031022_640.jpg", "var": 0.005, "params": {"template_size": 13, "search_size": 10, "similar": 5001, "name": "NL_mean"}, "name_den": "9f65cf6f33475305816a445e32291eb1", "psnr": 21.47647122984226, "ssim": 0.22075375025585786}