{"path": "images\\forest-1031022_640.jpg", "var": 0.005, "params": {"template_size": 8, "search_size": 20, "similar": 2001, "name": "NL_mean"}, "name_den": "9fcda60cbdfa56b90dacb9808a8b243a", "psnr": 21.124691273812715, "ssim": 0.20232935292805762}