{"path": "images\\architecture-3076685_640.jpg", "var": 0.005, "params": {"template_size": 3, "search_size": 30, "similar": 3001, "name": "NL_mean"}, "name_den": "a15e811541c9f7fb7be8df68b11d5df3", "psnr": 19.19779822211649, "ssim": 0.1803536155143909}