{"path": "images\\architecture-3076685_640.jpg", "var": 0.005, "params": {"template_size": 18, "search_size": 20, "similar": 1, "name": "NL_mean"}, "name_den": "a16072329efdb794f05ea6906aa10146", "psnr": 23.99408274897045, "ssim": 0.5629530921340208}