{"path": "images\\man-164962_640.jpg", "var": 0.005, "params": {"template_size": 3, "search_size": 20, "similar": 5001, "name": "NL_mean"}, "name_den": "a22f612a2c48e04967b8a9372cf876fb", "psnr": 18.76641500209643, "ssim": 0.28163814607870313}