{"path": "images\\kingfisher-2046453_640.jpg", "var": 0.005, "params": {"template_size": 13, "search_size": 10, "similar": 4001, "name": "NL_mean"}, "name_den": "a29eee87007e5d64afc7fcb3ea07005e", "psnr": 21.42651023468691, "ssim": 0.3082467075195878}