{"path": "images\\architecture-3076685_640.jpg", "var": 0.005, "params": {"template_size": 8, "search_size": 10, "similar": 5001, "name": "NL_mean"}, "name_den": "a2da3f749b32e6686355b3bcab094214", "psnr": 20.01528012949126, "ssim": 0.22516436429658948}