{"path": "images\\brick-wall-1834446_640.jpg", "var": 0.005, "params": {"template_size": 3, "search_size": 20, "similar": 3001, "name": "NL_mean"}, "name_den": "a3e4f840a44835bad4e1fabc692c564e", "psnr": 18.883354806768235, "ssim": 0.20468991220053892}