{"path": "images\\architecture-3076685_640.jpg", "var": 0.005, "params": {"template_size": 8, "search_size": 10, "similar": 2001, "name": "NL_mean"}, "name_den": "a4a0d9309b3850c013d1ef19fa9b59a1", "psnr": 20.00494940089322, "ssim": 0.22494534020937337}