{"path": "images\\man-164962_640.jpg", "var": 0.005, "params": {"template_size": 8, "search_size": 10, "similar": 5001, "name": "NL_mean"}, "name_den": "a5120ce02ab97469f17d33d4323e7374", "psnr": 21.21472538767833, "ssim": 0.3584135101909908}