{"path": "images\\man-164962_640.jpg", "var": 0.005, "params": {"template_size": 18, "search_size": 20, "similar": 3001, "name": "NL_mean"}, "name_den": "a6599d7c4435b57d35204e1c6b4ef4a6", "psnr": 18.731782955978343, "ssim": 0.2772057392957616}