{"path": "images\\kingfisher-2046453_640.jpg", "var": 0.005, "params": {"template_size": 3, "search_size": 10, "similar": 3001, "name": "NL_mean"}, "name_den": "a7024309746d9de89e7f07e34bd79620", "psnr": 21.59046029176819, "ssim": 0.32297578708465763}