{"path": "images\\forest-1031022_640.jpg", "var": 0.005, "params": {"template_size": 8, "search_size": 20, "similar": 3001, "name": "NL_mean"}, "name_den": "a78ec889f931060a7c844aefbf9d4b4e", "psnr": 21.146858238191854, "ssim": 0.20341686965494424}