{"path": "images\\guy-2617866_640.jpg", "var": 0.005, "params": {"template_size": 13, "search_size": 30, "similar": 3001, "name": "NL_mean"}, "name_den": "a85b6469aed471f24b4e955aeddf1801", "psnr": 19.049994814351653, "ssim": 0.23125855261624373}