{"path": "images\\architecture-3076685_640.jpg", "var": 0.005, "params": {"template_size": 18, "search_size": 30, "similar": 4001, "name": "NL_mean"}, "name_den": "a86b18c0e6e800bf0e9d2eb9328b9741", "psnr": 19.190069995594015, "ssim": 0.17911364682302167}