{"path": "images\\architecture-3076685_640.jpg", "var": 0.005, "params": {"template_size": 8, "search_size": 10, "similar": 1001, "name": "NL_mean"}, "name_den": "a8bb8eaa6bbb01b1ed41892c8450f41e", "psnr": 20.000391031879893, "ssim": 0.22461272975215404}