{"path": "images\\brick-wall-1834446_640.jpg", "var": 0.005, "params": {"template_size": 3, "search_size": 20, "similar": 1, "name": "NL_mean"}, "name_den": "a98585233b24d32f513f63f515895299", "psnr": 23.396746055970226, "ssim": 0.4928044582599611}