{"path": "images\\kingfisher-2046453_640.jpg", "var": 0.005, "params": {"template_size": 3, "search_size": 20, "similar": 1, "name": "NL_mean"}, "name_den": "a9e4553c465dd2a4e5f92ba04cbd46d2", "psnr": 23.69857744638111, "ssim": 0.3339636022372076}