{"path": "images\\man-164962_640.jpg", "var": 0.005, "params": {"template_size": 3, "search_size": 20, "similar": 4001, "name": "NL_mean"}, "name_den": "aa32f587b3ad3c4e5b660ae51ded9daf", "psnr": 18.772714661412287, "ssim": 0.2817901435561372}