{"path": "images\\brick-wall-1834446_640.jpg", "var": 0.005, "params": {"template_size": 8, "search_size": 20, "similar": 2001, "name": "NL_mean"}, "name_den": "aad29227fba6cabaa3c067fff771d314", "psnr": 18.869356045326253, "ssim": 0.20443830916296912}