{"path": "images\\brick-wall-1834446_640.jpg", "var": 0.005, "params": {"template_size": 8, "search_size": 30, "similar": 3001, "name": "NL_mean"}, "name_den": "ab5e2f4d77ec3d26bcbf043089d22c10", "psnr": 18.478908097406322, "ssim": 0.20280098363319984}