{"path": "images\\kingfisher-2046453_640.jpg", "var": 0.005, "params": {"template_size": 13, "search_size": 20, "similar": 1, "name": "NL_mean"}, "name_den": "ac01c868a763d443d3842de5f06b1fbd", "psnr": 23.237709074289587, "ssim": 0.3131251262776789}