{"path": "images\\man-164962_640.jpg", "var": 0.005, "params": {"template_size": 3, "search_size": 10, "similar": 3001, "name": "NL_mean"}, "name_den": "ac85ad5e892ee3b7046239ef40e5b934", "psnr": 21.244735313830695, "ssim": 0.36088529241495015}