{"path": "images\\guy-2617866_640.jpg", "var": 0.005, "params": {"template_size": 3, "search_size": 20, "similar": 5001, "name": "NL_mean"}, "name_den": "acaacf3cd5082637eadb10c9fa7a2cdf", "psnr": 19.69392545456644, "ssim": 0.2377908649761827}