{"path": "images\\guy-2617866_640.jpg", "var": 0.005, "params": {"template_size": 3, "search_size": 30, "similar": 5001, "name": "NL_mean"}, "name_den": "ad523576f02f04ac24e1df63c6fcc451", "psnr": 19.06118555215057, "ssim": 0.23129032369533242}