{"path": "images\\brick-wall-1834446_640.jpg", "var": 0.005, "params": {"template_size": 13, "search_size": 20, "similar": 4001, "name": "NL_mean"}, "name_den": "ad75880cdea60e0932a6b1ea506b94f6", "psnr": 18.88392814913076, "ssim": 0.20546695586037522}