{"path": "images\\architecture-3076685_640.jpg", "var": 0.005, "params": {"template_size": 8, "search_size": 30, "similar": 2001, "name": "NL_mean"}, "name_den": "addabcd410a272a5f343e6f00796dcdd", "psnr": 19.19382757176696, "ssim": 0.17964312459438223}