{"path": "images\\architecture-3076685_640.jpg", "var": 0.005, "params": {"template_size": 13, "search_size": 30, "similar": 1001, "name": "NL_mean"}, "name_den": "aecf86193d6d3865fb261aca8da5711a", "psnr": 19.219639223826697, "ssim": 0.1806979288696854}