{"path": "images\\forest-1031022_640.jpg", "var": 0.005, "params": {"template_size": 3, "search_size": 20, "similar": 3001, "name": "NL_mean"}, "name_den": "af583b4869bb5f6d8145ad449e6e569a", "psnr": 21.152456784860036, "ssim": 0.20346872310081557}