{"path": "images\\kingfisher-2046453_640.jpg", "var": 0.005, "params": {"template_size": 3, "search_size": 30, "similar": 2001, "name": "NL_mean"}, "name_den": "af7756c2559c7d62c74e19fe912b330f", "psnr": 20.05416298754036, "ssim": 0.3344463246982767}