{"path": "images\\architecture-3076685_640.jpg", "var": 0.005, "params": {"template_size": 18, "search_size": 30, "similar": 3001, "name": "NL_mean"}, "name_den": "afd610cc49eac07e56a5a7213317ccc1", "psnr": 19.210049465141275, "ssim": 0.18020447319669045}