{"path": "images\\man-164962_640.jpg", "var": 0.005, "params": {"template_size": 8, "search_size": 30, "similar": 4001, "name": "NL_mean"}, "name_den": "b039479c7bdc73f08ab1d6184ec95135", "psnr": 16.708013066245346, "ssim": 0.20700468797891133}