{"path": "images\\brick-wall-1834446_640.jpg", "var": 0.005, "params": {"template_size": 13, "search_size": 10, "similar": 4001, "name": "NL_mean"}, "name_den": "b1c50b073686e792aaf6b09a207d4ee0", "psnr": 19.27355769866199, "ssim": 0.21187983887468922}