{"path": "images\\forest-1031022_640.jpg", "var": 0.005, "params": {"template_size": 18, "search_size": 20, "similar": 4001, "name": "NL_mean"}, "name_den": "b1f696ef8cff5a78640439a22c1d7947", "psnr": 21.131418668704896, "ssim": 0.2020638819987065}