{"path": "images\\architecture-3076685_640.jpg", "var": 0.005, "params": {"template_size": 13, "search_size": 30, "similar": 5001, "name": "NL_mean"}, "name_den": "b2c4cf209cc6a77e89f655f3bffda9e2", "psnr": 19.206132734030426, "ssim": 0.17948628094020205}