{"path": "images\\architecture-3076685_640.jpg", "var": 0.005, "params": {"template_size": 13, "search_size": 20, "similar": 1001, "name": "NL_mean"}, "name_den": "b2fc43812d78f16ca326a62197fee4e5", "psnr": 19.467525908774505, "ssim": 0.1886280295480082}