{"path": "images\\brick-wall-1834446_640.jpg", "var": 0.005, "params": {"template_size": 13, "search_size": 30, "similar": 5001, "name": "NL_mean"}, "name_den": "b3625569d0a84ab3c8b8c2686887f05b", "psnr": 18.477930756505835, "ssim": 0.20303926510097992}