{"path": "images\\architecture-3076685_640.jpg", "var": 0.005, "params": {"template_size": 18, "search_size": 10, "similar": 4001, "name": "NL_mean"}, "name_den": "b3bbd6787bf12dfa10302b70ab879d53", "psnr": 20.01266062972637, "ssim": 0.22500629828933305}