{"path": "images\\architecture-3076685_640.jpg", "var": 0.005, "params": {"template_size": 13, "search_size": 20, "similar": 4001, "name": "NL_mean"}, "name_den": "b3db653d50e9b9ee3d3ae49a6054deab", "psnr": 19.46809395605332, "ssim": 0.1881863842916587}