{"path": "images\\man-164962_640.jpg", "var": 0.005, "params": {"template_size": 13, "search_size": 10, "similar": 3001, "name": "NL_mean"}, "name_den": "b42f84aa0f796f76b305e1143f0ec8ce", "psnr": 21.200077780674977, "ssim": 0.3583531257926018}