{"path": "images\\architecture-3076685_640.jpg", "var": 0.005, "params": {"template_size": 13, "search_size": 10, "similar": 5001, "name": "NL_mean"}, "name_den": "b608cefd8aa478666b5c88077b0a8edc", "psnr": 20.01218698929248, "ssim": 0.22421891954573658}