{"path": "images\\architecture-3076685_640.jpg", "var": 0.005, "params": {"template_size": 18, "search_size": 20, "similar": 3001, "name": "NL_mean"}, "name_den": "b677c1c22c93d03b1c6ff145c2a94c70", "psnr": 19.45826160177664, "ssim": 0.18815077346723194}