{"path": "images\\man-164962_640.jpg", "var": 0.005, "params": {"template_size": 18, "search_size": 20, "similar": 1, "name": "NL_mean"}, "name_den": "b6fb744efb41a04eedecf740571c3a5f", "psnr": 23.578120783153807, "ssim": 0.4374600435580855}