{"path": "images\\forest-1031022_640.jpg", "var": 0.005, "params": {"template_size": 3, "search_size": 30, "similar": 3001, "name": "NL_mean"}, "name_den": "b7126e123e421e12dcdf2362d3a1dbc1", "psnr": 20.97186667181893, "ssim": 0.19952135977037744}