{"path": "images\\forest-1031022_640.jpg", "var": 0.005, "params": {"template_size": 13, "search_size": 20, "similar": 1, "name": "NL_mean"}, "name_den": "b7474862e7dce654a9b710a01b674ed2", "psnr": 22.992946513730228, "ssim": 0.36838116313980934}