{"path": "images\\man-164962_640.jpg", "var": 0.005, "params": {"template_size": 3, "search_size": 20, "similar": 1, "name": "NL_mean"}, "name_den": "b78fa371f5735afb8e40868cbb209f23", "psnr": 23.68502900290497, "ssim": 0.4428837971263703}