{"path": "images\\forest-1031022_640.jpg", "var": 0.005, "params": {"template_size": 18, "search_size": 20, "similar": 1, "name": "NL_mean"}, "name_den": "b976ef1783ae18d1f626e1ca6b2e1f8e", "psnr": 22.987208202485398, "ssim": 0.36786967674463233}