{"path": "images\\forest-1031022_640.jpg", "var": 0.005, "params": {"template_size": 3, "search_size": 10, "similar": 1001, "name": "NL_mean"}, "name_den": "b980eb799026320122b27b461ea1f3ef", "psnr": 21.476615510987678, "ssim": 0.2209426847453008}