{"path": "images\\brick-wall-1834446_640.jpg", "var": 0.005, "params": {"template_size": 18, "search_size": 20, "similar": 1, "name": "NL_mean"}, "name_den": "ba57d0f338a3dfef7fc690e1f9f91ac5", "psnr": 23.375705927130575, "ssim": 0.49136389977907785}