{"path": "images\\forest-1031022_640.jpg", "var": 0.005, "params": {"template_size": 8, "search_size": 10, "similar": 4001, "name": "NL_mean"}, "name_den": "ba5d447a0e6dfa6c6aa9ae54e80f014a", "psnr": 21.475096928810643, "ssim": 0.22035483577179046}