{"path": "images\\kingfisher-2046453_640.jpg", "var": 0.005, "params": {"template_size": 18, "search_size": 20, "similar": 4001, "name": "NL_mean"}, "name_den": "ba5f44668d630d3c0378038c02b387db", "psnr": 20.431564221406006, "ssim": 0.29049935413032674}