{"path": "images\\man-164962_640.jpg", "var": 0.005, "params": {"template_size": 13, "search_size": 20, "similar": 5001, "name": "NL_mean"}, "name_den": "bbe3a52e4c1af7a4130eb13bd72a97d9", "psnr": 18.728067403431925, "ssim": 0.2776335877744314}