{"path": "images\\kingfisher-2046453_640.jpg", "var": 0.005, "params": {"template_size": 8, "search_size": 10, "similar": 5001, "name": "NL_mean"}, "name_den": "bc6ecdc3eb60bc3aaa78d994d73f99dc", "psnr": 21.423333780508074, "ssim": 0.30879752140525274}