{"path": "images\\forest-1031022_640.jpg", "var": 0.005, "params": {"template_size": 8, "search_size": 30, "similar": 5001, "name": "NL_mean"}, "name_den": "bdf11f9c2b1b5acc46c72d6bafaa2adc", "psnr": 20.944219192125047, "ssim": 0.19810688958961406}