{"path": "images\\architecture-3076685_640.jpg", "var": 0.005, "params": {"template_size": 18, "search_size": 10, "similar": 5001, "name": "NL_mean"}, "name_den": "bf0af70edabaac9612adc930eb26de19", "psnr": 20.00685665605193, "ssim": 0.22457128552247516}