{"path": "images\\brick-wall-1834446_640.jpg", "var": 0.005, "params": {"template_size": 8, "search_size": 20, "similar": 3001, "name": "NL_mean"}, "name_den": "bf1803fa695baa73b0fb6abc30d1fff4", "psnr": 18.869626847854594, "ssim": 0.20407620036530383}