{"path": "images\\guy-2617866_640.jpg", "var": 0.005, "params": {"template_size": 18, "search_size": 20, "similar": 2001, "name": "NL_mean"}, "name_den": "c0aa91edfd0a801e5140b5cad92d7efd", "psnr": 19.6916758692043, "ssim": 0.23771455640233916}