{"path": "images\\forest-1031022_640.jpg", "var": 0.005, "params": {"template_size": 3, "search_size": 10, "similar": 1, "name": "NL_mean"}, "name_den": "c2747fd8e5b486aa0f20a13e914c042a", "psnr": 22.985725094979472, "ssim": 0.3676517792756137}