{"path": "images\\architecture-3076685_640.jpg", "var": 0.005, "params": {"template_size": 18, "search_size": 10, "similar": 3001, "name": "NL_mean"}, "name_den": "c353a59b3e9a77cc1ea364395c9822ae", "psnr": 20.010166109940787, "ssim": 0.22422125687812824}