{"path": "images\\guy-2617866_640.jpg", "var": 0.005, "params": {"template_size": 18, "search_size": 10, "similar": 3001, "name": "NL_mean"}, "name_den": "c39b6c3c80af9ec743e3029018dbf3c5", "psnr": 20.752085168931384, "ssim": 0.2571351479259315}