{"path": "images\\brick-wall-1834446_640.jpg", "var": 0.005, "params": {"template_size": 18, "search_size": 10, "similar": 1, "name": "NL_mean"}, "name_den": "c3dc449e7ee9b5982f1f2300d465bb45", "psnr": 23.38779097642862, "ssim": 0.4921294448152835}