{"path": "images\\guy-2617866_640.jpg", "var": 0.005, "params": {"template_size": 18, "search_size": 10, "similar": 4001, "name": "NL_mean"}, "name_den": "c4bd7ed8820b63cb587c222d42795467", "psnr": 20.763406088226407, "ssim": 0.2569398627372395}