{"path": "images\\kingfisher-2046453_640.jpg", "var": 0.005, "params": {"template_size": 18, "search_size": 10, "similar": 1001, "name": "NL_mean"}, "name_den": "c578d6dbce3eff5a15ff5956c71a32f9", "psnr": 21.429582662581584, "ssim": 0.30858733765666463}