{"path": "images\\guy-2617866_640.jpg", "var": 0.005, "params": {"template_size": 13, "search_size": 30, "similar": 5001, "name": "NL_mean"}, "name_den": "c5808a67765253a2cfe2ffcaef648b2c", "psnr": 19.05225020469662, "ssim": 0.23115388365803838}