{"path": "images\\man-164962_640.jpg", "var": 0.005, "params": {"template_size": 3, "search_size": 10, "similar": 5001, "name": "NL_mean"}, "name_den": "c5ba675192835254dbe58fe29fa82193", "psnr": 21.252352548899598, "ssim": 0.3605931937777232}