{"path": "images\\brick-wall-1834446_640.jpg", "var": 0.005, "params": {"template_size": 8, "search_size": 20, "similar": 1001, "name": "NL_mean"}, "name_den": "c6dc164af1e9c0d248c0b2cec6129e02", "psnr": 18.879345234279373, "ssim": 0.20454910975820104}