{"path": "images\\kingfisher-2046453_640.jpg", "var": 0.005, "params": {"template_size": 3, "search_size": 20, "similar": 1001, "name": "NL_mean"}, "name_den": "c7620f26a5cbbc6b49cf3bc574efe92f", "psnr": 20.72773527667115, "ssim": 0.3242780863272218}