{"path": "images\\guy-2617866_640.jpg", "var": 0.005, "params": {"template_size": 18, "search_size": 10, "similar": 1, "name": "NL_mean"}, "name_den": "c76a97b1516385b0d0b2cfe370386518", "psnr": 23.54928755613249, "ssim": 0.2822483003944655}