{"path": "images\\architecture-3076685_640.jpg", "var": 0.005, "params": {"template_size": 3, "search_size": 30, "similar": 1, "name": "NL_mean"}, "name_den": "c8bc741320f6e79ebb530dde1b15f7b0", "psnr": 24.000902692705534, "ssim": 0.5625612309312168}