{"path": "images\\brick-wall-1834446_640.jpg", "var": 0.005, "params": {"template_size": 8, "search_size": 10, "similar": 3001, "name": "NL_mean"}, "name_den": "c8f7d5a4eea00173e6ddd2366cda0b60", "psnr": 19.271033586233997, "ssim": 0.21155641391063065}