{"path": "images\\man-164962_640.jpg", "var": 0.005, "params": {"template_size": 8, "search_size": 20, "similar": 2001, "name": "NL_mean"}, "name_den": "c9454db0a0738f0f003e99bcc3ec9f6c", "psnr": 18.727199814303447, "ssim": 0.2783601018951538}