{"path": "images\\brick-wall-1834446_640.jpg", "var": 0.005, "params": {"template_size": 13, "search_size": 30, "similar": 4001, "name": "NL_mean"}, "name_den": "c98d8a7af6e20748cdbbc801409eca66", "psnr": 18.472668775068087, "ssim": 0.20239722479541286}