{"path": "images\\architecture-3076685_640.jpg", "var": 0.005, "params": {"template_size": 8, "search_size": 10, "similar": 1, "name": "NL_mean"}, "name_den": "cc4a8dcbc7841840fc02945ed2b23a03", "psnr": 23.985856987279384, "ssim": 0.5621721344104443}