{"path": "images\\brick-wall-1834446_640.jpg", "var": 0.005, "params": {"template_size": 18, "search_size": 20, "similar": 1001, "name": "NL_mean"}, "name_den": "ccc23af5614cc6a1fc59c5968e798499", "psnr": 18.871347683471797, "ssim": 0.20468914582073025}