{"path": "images\\kingfisher-2046453_640.jpg", "var": 0.005, "params": {"template_size": 18, "search_size": 20, "similar": 1001, "name": "NL_mean"}, "name_den": "cdab6a2629fe1b660f97ed2c501f93c8", "psnr": 20.446481219940328, "ssim": 0.29039156113841974}