{"path": "images\\guy-2617866_640.jpg", "var": 0.005, "params": {"template_size": 3, "search_size": 10, "similar": 2001, "name": "NL_mean"}, "name_den": "cf66693d62d5eeca9ae7176b776a1625", "psnr": 20.777153138509963, "ssim": 0.2578012260069909}