{"path": "images\\architecture-3076685_640.jpg", "var": 0.005, "params": {"template_size": 8, "search_size": 30, "similar": 4001, "name": "NL_mean"}, "name_den": "cfa25e438b4e3cd62882349c29355b95", "psnr": 19.208356082726638, "ssim": 0.1804691323307859}