{"path": "images\\architecture-3076685_640.jpg", "var": 0.005, "params": {"template_size": 3, "search_size": 20, "similar": 1, "name": "NL_mean"}, "name_den": "cfac6dfe4a84055dd1c7e87a565ec7a2", "psnr": 23.987820174785746, "ssim": 0.5621235753711744}