{"path": "images\\brick-wall-1834446_640.jpg", "var": 0.005, "params": {"template_size": 13, "search_size": 10, "similar": 3001, "name": "NL_mean"}, "name_den": "cfc39dad092e837af96e8150bde3d622", "psnr": 19.27892027558187, "ssim": 0.2118318527204196}