{"path": "images\\guy-2617866_640.jpg", "var": 0.005, "params": {"template_size": 8, "search_size": 30, "similar": 2001, "name": "NL_mean"}, "name_den": "cfee95b44e0dfef447ceb98b905b332a", "psnr": 19.068442404272794, "ssim": 0.23114161556544807}