{"path": "images\\architecture-3076685_640.jpg", "var": 0.005, "params": {"template_size": 13, "search_size": 30, "similar": 3001, "name": "NL_mean"}, "name_den": "d01beab5db537392a63a32a4162a92b3", "psnr": 19.190841559201072, "ssim": 0.17936612003917998}