{"path": "images\\kingfisher-2046453_640.jpg", "var": 0.005, "params": {"template_size": 13, "search_size": 20, "similar": 2001, "name": "NL_mean"}, "name_den": "d026d3958a19aae721d1c94095e5cfa9", "psnr": 20.44751510703594, "ssim": 0.2922022429916764}