{"path": "images\\architecture-3076685_640.jpg", "var": 0.005, "params": {"template_size": 8, "search_size": 20, "similar": 4001, "name": "NL_mean"}, "name_den": "d057062b4c03f70e19bac5564cec3e3b", "psnr": 19.459283279130283, "ssim": 0.1878940491382579}