{"path": "images\\guy-2617866_640.jpg", "var": 0.005, "params": {"template_size": 8, "search_size": 20, "similar": 3001, "name": "NL_mean"}, "name_den": "d0879820101388b5706572d9f664e0f3", "psnr": 19.68545031760152, "ssim": 0.23785077821807432}