{"path": "images\\man-164962_640.jpg", "var": 0.005, "params": {"template_size": 8, "search_size": 20, "similar": 1, "name": "NL_mean"}, "name_den": "d11c06f90dc9f8b46e87450678a40bc2", "psnr": 23.588648514923058, "ssim": 0.43792774806869694}