{"path": "images\\guy-2617866_640.jpg", "var": 0.005, "params": {"template_size": 8, "search_size": 20, "similar": 2001, "name": "NL_mean"}, "name_den": "d28c1ccf2449cd23a28ce22561b08078", "psnr": 19.698480276610596, "ssim": 0.23809836860053277}