{"path": "images\\brick-wall-1834446_640.jpg", "var": 0.005, "params": {"template_size": 13, "search_size": 30, "similar": 2001, "name": "NL_mean"}, "name_den": "d2d46f855901fda1079ab3691a640b60", "psnr": 18.48181932231078, "ssim": 0.20257532089402053}