{"path": "images\\brick-wall-1834446_640.jpg", "var": 0.005, "params": {"template_size": 13, "search_size": 10, "similar": 1001, "name": "NL_mean"}, "name_den": "d32a0a46c0980c55cb8c7362767efebd", "psnr": 19.278884553015445, "ssim": 0.21195956294902954}