{"path": "images\\guy-2617866_640.jpg", "var": 0.005, "params": {"template_size": 8, "search_size": 10, "similar": 1001, "name": "NL_mean"}, "name_den": "d3a34226da2f20df09404b8df590dd3a", "psnr": 20.78680939378915, "ssim": 0.2585664040875662}