{"path": "images\\guy-2617866_640.jpg", "var": 0.005, "params": {"template_size": 8, "search_size": 30, "similar": 3001, "name": "NL_mean"}, "name_den": "d3b6768ccf63b5fb5e27566756e93ea9", "psnr": 19.059266779042204, "ssim": 0.23183626706240582}