{"path": "images\\forest-1031022_640.jpg", "var": 0.005, "params": {"template_size": 8, "search_size": 10, "similar": 5001, "name": "NL_mean"}, "name_den": "d482336708ccac99bf0aab6867df4188", "psnr": 21.470198158118528, "ssim": 0.2205795937132282}