{"path": "images\\brick-wall-1834446_640.jpg", "var": 0.005, "params": {"template_size": 13, "search_size": 30, "similar": 1001, "name": "NL_mean"}, "name_den": "d4e406f325b5207625b0eed67ea4f024", "psnr": 18.473880863427304, "ssim": 0.20254257815305088}