{"path": "images\\guy-2617866_640.jpg", "var": 0.005, "params": {"template_size": 13, "search_size": 20, "similar": 4001, "name": "NL_mean"}, "name_den": "d602e9398c913322025be54c600c35d0", "psnr": 19.699349836834337, "ssim": 0.23880652439494235}