{"path": "images\\kingfisher-2046453_640.jpg", "var": 0.005, "params": {"template_size": 18, "search_size": 10, "similar": 4001, "name": "NL_mean"}, "name_den": "d629894b2e5d34421735170ebdc9e36b", "psnr": 21.426760238739444, "ssim": 0.30817345256826023}