{"path": "images\\man-164962_640.jpg", "var": 0.005, "params": {"template_size": 3, "search_size": 30, "similar": 1, "name": "NL_mean"}, "name_den": "d7532164148e37a6658a7cc0a736429f", "psnr": 23.712381450241054, "ssim": 0.44354587035779364}