{"path": "images\\kingfisher-2046453_640.jpg", "var": 0.005, "params": {"template_size": 13, "search_size": 30, "similar": 4001, "name": "NL_mean"}, "name_den": "d7e44b27b13f62fcfaf68ec296938ea0", "psnr": 19.731716480022115, "ssim": 0.2853243209444599}