{"path": "images\\man-164962_640.jpg", "var": 0.005, "params": {"template_size": 13, "search_size": 30, "similar": 1001, "name": "NL_mean"}, "name_den": "d8337b03a847e4c20acd444199d690ef", "psnr": 16.721664567664604, "ssim": 0.20628684467668337}