{"path": "images\\man-164962_640.jpg", "var": 0.005, "params": {"template_size": 13, "search_size": 30, "similar": 3001, "name": "NL_mean"}, "name_den": "d893332642cecf2b42114b6d062213a4", "psnr": 16.707088650569418, "ssim": 0.20626205614212853}