{"path": "images\\architecture-3076685_640.jpg", "var": 0.005, "params": {"template_size": 8, "search_size": 30, "similar": 5001, "name": "NL_mean"}, "name_den": "d8b15b2af310d3cad1396c24c64987cc", "psnr": 19.199317825845085, "ssim": 0.17998101101350858}