{"path": "images\\guy-2617866_640.jpg", "var": 0.005, "params": {"template_size": 8, "search_size": 20, "similar": 4001, "name": "NL_mean"}, "name_den": "d906328c9ba42ec3ef48e7972ca1d9ee", "psnr": 19.70067914511428, "ssim": 0.23857027771646075}