{"path": "images\\architecture-3076685_640.jpg", "var": 0.005, "params": {"template_size": 18, "search_size": 30, "similar": 1, "name": "NL_mean"}, "name_den": "d912f1f01e2a035791c634997dcb7a62", "psnr": 24.012762669288108, "ssim": 0.5633057989961664}