{"path": "images\\brick-wall-1834446_640.jpg", "var": 0.005, "params": {"template_size": 18, "search_size": 10, "similar": 5001, "name": "NL_mean"}, "name_den": "d915990506869fda38b9d4188b00b4fa", "psnr": 19.269474219128664, "ssim": 0.21122430076874765}