{"path": "images\\kingfisher-2046453_640.jpg", "var": 0.005, "params": {"template_size": 18, "search_size": 10, "similar": 3001, "name": "NL_mean"}, "name_den": "d94f76786d352d6a1a716677999d1617", "psnr": 21.424806351153936, "ssim": 0.30790639276192605}