{"path": "images\\architecture-3076685_640.jpg", "var": 0.005, "params": {"template_size": 8, "search_size": 20, "similar": 1001, "name": "NL_mean"}, "name_den": "da23b62f8f3309c3a093ee76bfeba1bd", "psnr": 19.469203102744245, "ssim": 0.1889953253670508}