{"path": "images\\forest-1031022_640.jpg", "var": 0.005, "params": {"template_size": 18, "search_size": 10, "similar": 1001, "name": "NL_mean"}, "name_den": "da975ebf8c91298b35a9cdd5ea01df99", "psnr": 21.470424041338852, "ssim": 0.22032567103375134}