{"path": "images\\architecture-3076685_640.jpg", "var": 0.005, "params": {"template_size": 13, "search_size": 10, "similar": 4001, "name": "NL_mean"}, "name_den": "dae7c3cd49c3b565b425a98eb66583c4", "psnr": 20.008195191497457, "ssim": 0.22430223377292272}