{"path": "images\\architecture-3076685_640.jpg", "var": 0.005, "params": {"template_size": 13, "search_size": 10, "similar": 2001, "name": "NL_mean"}, "name_den": "db3d2414accf191dcb5f958486d873e8", "psnr": 20.004424294800405, "ssim": 0.22448028832292888}