{"path": "images\\guy-2617866_640.jpg", "var": 0.005, "params": {"template_size": 3, "search_size": 20, "similar": 1, "name": "NL_mean"}, "name_den": "dca2e915ee294c717d645591c1f330ab", "psnr": 23.591891653247664, "ssim": 0.28394360833700777}