{"path": "images\\kingfisher-2046453_640.jpg", "var": 0.005, "params": {"template_size": 8, "search_size": 20, "similar": 3001, "name": "NL_mean"}, "name_den": "dcbd9bcca0628439e4190c111b76bb8b", "psnr": 20.443034478624643, "ssim": 0.2923513431256767}