{"path": "images\\man-164962_640.jpg", "var": 0.005, "params": {"template_size": 18, "search_size": 30, "similar": 3001, "name": "NL_mean"}, "name_den": "de431d50b498d94e2b000367d44ed3e5", "psnr": 16.704475009638273, "ssim": 0.20603898009010566}