{"path": "images\\brick-wall-1834446_640.jpg", "var": 0.005, "params": {"template_size": 3, "search_size": 20, "similar": 1001, "name": "NL_mean"}, "name_den": "de97a824202d09757a7c756b1be1f814", "psnr": 18.888323021041884, "ssim": 0.2052419537968999}