{"path": "images\\brick-wall-1834446_640.jpg", "var": 0.005, "params": {"template_size": 13, "search_size": 20, "similar": 1001, "name": "NL_mean"}, "name_den": "deaf72cdc2597c836fc06ee07e6a9054", "psnr": 18.86428728977772, "ssim": 0.20455124512649023}