{"path": "images\\kingfisher-2046453_640.jpg", "var": 0.005, "params": {"template_size": 3, "search_size": 20, "similar": 3001, "name": "NL_mean"}, "name_den": "dfa4215d6d51bc50bb7ac7df9061b832", "psnr": 20.716339526261436, "ssim": 0.3242335426326268}