{"path": "images\\kingfisher-2046453_640.jpg", "var": 0.005, "params": {"template_size": 13, "search_size": 30, "similar": 3001, "name": "NL_mean"}, "name_den": "dfea9577a98c64d42cee2d2c39b529d1", "psnr": 19.738239192328656, "ssim": 0.2872981856093559}