{"path": "images\\guy-2617866_640.jpg", "var": 0.005, "params": {"template_size": 8, "search_size": 30, "similar": 1001, "name": "NL_mean"}, "name_den": "e082fdab8c130eafb876b68830c3b263", "psnr": 19.058509797057145, "ssim": 0.23084083933797447}