{"path": "images\\guy-2617866_640.jpg", "var": 0.005, "params": {"template_size": 13, "search_size": 10, "similar": 2001, "name": "NL_mean"}, "name_den": "e0bfe1d9c14a0b4b6cf39e7186d4f768", "psnr": 20.75847189990153, "ssim": 0.25771640621345937}