{"path": "images\\brick-wall-1834446_640.jpg", "var": 0.005, "params": {"template_size": 18, "search_size": 30, "similar": 5001, "name": "NL_mean"}, "name_den": "e0f53cc1e8ac65f6b12f4853268d3a3d", "psnr": 18.47122270267235, "ssim": 0.20283686103167486}