{"path": "images\\kingfisher-2046453_640.jpg", "var": 0.005, "params": {"template_size": 13, "search_size": 20, "similar": 1001, "name": "NL_mean"}, "name_den": "e1cc98e3dcd21c02dc823792f498018f", "psnr": 20.441818744579013, "ssim": 0.29150372742369995}