{"path": "images\\brick-wall-1834446_640.jpg", "var": 0.005, "params": {"template_size": 13, "search_size": 10, "similar": 1, "name": "NL_mean"}, "name_den": "e1eb516c6569dd40ea5804326706682d", "psnr": 23.369797207080723, "ssim": 0.4917655272215458}