{"path": "images\\man-164962_640.jpg", "var": 0.005, "params": {"template_size": 13, "search_size": 20, "similar": 4001, "name": "NL_mean"}, "name_den": "e22665032e8e0c314a41861b8aba8a80", "psnr": 18.72210206635345, "ssim": 0.27756545428223933}