{"path": "images\\brick-wall-1834446_640.jpg", "var": 0.005, "params": {"template_size": 18, "search_size": 10, "similar": 4001, "name": "NL_mean"}, "name_den": "e2974100b869b867980fef340f1921c9", "psnr": 19.26980305762193, "ssim": 0.2110996715983732}