{"path": "images\\man-164962_640.jpg", "var": 0.005, "params": {"template_size": 13, "search_size": 20, "similar": 1001, "name": "NL_mean"}, "name_den": "e30ec833517b3e68afc87fb2317f5233", "psnr": 18.74673344039752, "ssim": 0.2791521182909324}