{"path": "images\\kingfisher-2046453_640.jpg", "var": 0.005, "params": {"template_size": 8, "search_size": 20, "similar": 1, "name": "NL_mean"}, "name_den": "e358df5af7a284f9dba0a729f1f80449", "psnr": 23.269402392185597, "ssim": 0.31435920691869607}