{"path": "images\\forest-1031022_640.jpg", "var": 0.005, "params": {"template_size": 13, "search_size": 30, "similar": 5001, "name": "NL_mean"}, "name_den": "e39ec04bde69e950765b41fae4868537", "psnr": 20.94072935830381, "ssim": 0.19848519533311185}