{"path": "images\\kingfisher-2046453_640.jpg", "var": 0.005, "params": {"template_size": 8, "search_size": 10, "similar": 1, "name": "NL_mean"}, "name_den": "e3fce961498caf485de75bdcd35960c7", "psnr": 23.253193897689485, "ssim": 0.3134288766647462}