{"path": "images\\guy-2617866_640.jpg", "var": 0.005, "params": {"template_size": 18, "search_size": 30, "similar": 1001, "name": "NL_mean"}, "name_den": "e51b09d3e4510a42887690039cbbd55a", "psnr": 19.055276328023098, "ssim": 0.23118285714879008}