{"path": "images\\brick-wall-1834446_640.jpg", "var": 0.005, "params": {"template_size": 3, "search_size": 30, "similar": 3001, "name": "NL_mean"}, "name_den": "e548cfbfde3ef0b7fad943666335a5f4", "psnr": 18.4902369121812, "ssim": 0.20372605693870346}