{"path": "images\\kingfisher-2046453_640.jpg", "var": 0.005, "params": {"template_size": 18, "search_size": 30, "similar": 5001, "name": "NL_mean"}, "name_den": "e58c03e9939cc26b9881665b1800dc5c", "psnr": 19.734335195317534, "ssim": 0.2846038609771862}