{"path": "images\\forest-1031022_640.jpg", "var": 0.005, "params": {"template_size": 13, "search_size": 10, "similar": 1001, "name": "NL_mean"}, "name_den": "e5ef152f0be276f10cb59cc144a61d83", "psnr": 21.470380130539116, "ssim": 0.2201114923185741}