{"path": "images\\man-164962_640.jpg", "var": 0.005, "params": {"template_size": 18, "search_size": 20, "similar": 1001, "name": "NL_mean"}, "name_den": "e63bf2cd959b102611da0eb23eec9b8c", "psnr": 18.725778322605954, "ssim": 0.27706475826973126}