{"path": "images\\man-164962_640.jpg", "var": 0.005, "params": {"template_size": 13, "search_size": 10, "similar": 4001, "name": "NL_mean"}, "name_den": "e7a64bc5b9eef966e26c89d412396066", "psnr": 21.21108814113908, "ssim": 0.3582193940041177}