{"path": "images\\man-164962_640.jpg", "var": 0.005, "params": {"template_size": 8, "search_size": 10, "similar": 1001, "name": "NL_mean"}, "name_den": "e7ea1a404b5c69ca3f7a5ef49044348a", "psnr": 21.216045928400703, "ssim": 0.3590322817287814}