{"path": "images\\guy-2617866_640.jpg", "var": 0.005, "params": {"template_size": 13, "search_size": 30, "similar": 1001, "name": "NL_mean"}, "name_den": "e81d3365e9f0410a174e4b68da3c90a5", "psnr": 19.061568259854813, "ssim": 0.2312543836373605}