{"path": "images\\guy-2617866_640.jpg", "var": 0.005, "params": {"template_size": 3, "search_size": 20, "similar": 1001, "name": "NL_mean"}, "name_den": "e86028a8f7ee8bfa9e16ab304e01ed6f", "psnr": 19.705932670939973, "ssim": 0.23753741074292298}