{"path": "images\\architecture-3076685_640.jpg", "var": 0.005, "params": {"template_size": 3, "search_size": 20, "similar": 2001, "name": "NL_mean"}, "name_den": "e92e07ab9f0a7feee4f04cf930b26f33", "psnr": 19.47870704780511, "ssim": 0.1892104565306398}