{"path": "images\\man-164962_640.jpg", "var": 0.005, "params": {"template_size": 13, "search_size": 30, "similar": 1, "name": "NL_mean"}, "name_den": "e95cd2ef0182fc24f19cef7c7f8a09cb", "psnr": 23.57495976648671, "ssim": 0.43722892743014113}