{"path": "images\\man-164962_640.jpg", "var": 0.005, "params": {"template_size": 3, "search_size": 30, "similar": 5001, "name": "NL_mean"}, "name_den": "ea3899f3fed6b86d7c553df15e6e7929", "psnr": 16.727670778083038, "ssim": 0.20833631027124674}