{"path": "images\\architecture-3076685_640.jpg", "var": 0.005, "params": {"template_size": 8, "search_size": 30, "similar": 1001, "name": "NL_mean"}, "name_den": "ea6fd3699f6e4cb914beb3abb77348b0", "psnr": 19.195614894617364, "ssim": 0.17992464950454715}