{"path": "images\\forest-1031022_640.jpg", "var": 0.005, "params": {"template_size": 3, "search_size": 30, "similar": 4001, "name": "NL_mean"}, "name_den": "ea7024aa3fc721f798e54ff6e5f23bf0", "psnr": 20.951566462309348, "ssim": 0.19807001611555852}