{"path": "images\\architecture-3076685_640.jpg", "var": 0.005, "params": {"template_size": 18, "search_size": 20, "similar": 1001, "name": "NL_mean"}, "name_den": "eb5b980738f909d73dc195949c779892", "psnr": 19.461797722267473, "ssim": 0.18862159848466412}