{"path": "images\\brick-wall-1834446_640.jpg", "var": 0.005, "params": {"template_size": 3, "search_size": 30, "similar": 4001, "name": "NL_mean"}, "name_den": "ec8a95a87ea896b1f03c008bbb2a6578", "psnr": 18.49164922945935, "ssim": 0.2033616578281504}