{"path": "images\\guy-2617866_640.jpg", "var": 0.005, "params": {"template_size": 18, "search_size": 10, "similar": 5001, "name": "NL_mean"}, "name_den": "edc1c11cc5f726ebccef202769d0a072", "psnr": 20.7622786839732, "ssim": 0.25735277497257686}