{"path": "images\\forest-1031022_640.jpg", "var": 0.005, "params": {"template_size": 18, "search_size": 10, "similar": 4001, "name": "NL_mean"}, "name_den": "edcc48053188836ac97b828f7b31d6d9", "psnr": 21.461869753093048, "ssim": 0.22036933147841223}