{"path": "images\\man-164962_640.jpg", "var": 0.005, "params": {"template_size": 8, "search_size": 30, "similar": 5001, "name": "NL_mean"}, "name_den": "eddd5bdc2705b1e542883c7e1156bf59", "psnr": 16.70813733331213, "ssim": 0.207327863950825}