{"path": "images\\brick-wall-1834446_640.jpg", "var": 0.005, "params": {"template_size": 8, "search_size": 10, "similar": 2001, "name": "NL_mean"}, "name_den": "ee0719b59e722276b33132b8542b3909", "psnr": 19.286648626429834, "ssim": 0.2132107679364366}