{"path": "images\\forest-1031022_640.jpg", "var": 0.005, "params": {"template_size": 3, "search_size": 30, "similar": 2001, "name": "NL_mean"}, "name_den": "ee4c6a9ced724e15577e40f17232feca", "psnr": 20.94799305751183, "ssim": 0.19795129684204368}