{"path": "images\\architecture-3076685_640.jpg", "var": 0.005, "params": {"template_size": 8, "search_size": 20, "similar": 2001, "name": "NL_mean"}, "name_den": "eedc18344dc8c598393fdfec4ed153fd", "psnr": 19.470248318774296, "ssim": 0.18917026064485218}