{"path": "images\\man-164962_640.jpg", "var": 0.005, "params": {"template_size": 8, "search_size": 10, "similar": 1, "name": "NL_mean"}, "name_den": "eeeffe84821eb3e04a021585372fcec7", "psnr": 23.590306645096398, "ssim": 0.43853947654334063}