{"path": "images\\guy-2617866_640.jpg", "var": 0.005, "params": {"template_size": 18, "search_size": 30, "similar": 1, "name": "NL_mean"}, "name_den": "ef32778b72a4dea8f90df6a737ecb0cf", "psnr": 23.555047759317766, "ssim": 0.28237258713264113}