{"path": "images\\architecture-3076685_640.jpg", "var": 0.005, "params": {"template_size": 13, "search_size": 30, "similar": 2001, "name": "NL_mean"}, "name_den": "ef333970854171fdbeaa62b8d0c1da46", "psnr": 19.20084501965317, "ssim": 0.17981809135288299}