{"path": "images\\architecture-3076685_640.jpg", "var": 0.005, "params": {"template_size": 3, "search_size": 10, "similar": 2001, "name": "NL_mean"}, "name_den": "efdb2a0c21880d427bba7607c11635ef", "psnr": 19.998463741197497, "ssim": 0.22451385876211363}