{"path": "images\\forest-1031022_640.jpg", "var": 0.005, "params": {"template_size": 3, "search_size": 20, "similar": 1001, "name": "NL_mean"}, "name_den": "f18ae0778490dbc1e84c3cc012919a77", "psnr": 21.140098765971814, "ssim": 0.20311540670635467}