{"path": "images\\architecture-3076685_640.jpg", "var": 0.005, "params": {"template_size": 3, "search_size": 10, "similar": 1, "name": "NL_mean"}, "name_den": "f1c2b1ae7e3f50beb0554d02b0013c1f", "psnr": 23.988549845486045, "ssim": 0.5622397737217749}