{"path": "images\\brick-wall-1834446_640.jpg", "var": 0.005, "params": {"template_size": 3, "search_size": 30, "similar": 2001, "name": "NL_mean"}, "name_den": "f22cd2983b2ce3e839133a995c0e314f", "psnr": 18.48783383328339, "ssim": 0.20343099554838526}