{"path": "images\\brick-wall-1834446_640.jpg", "var": 0.005, "params": {"template_size": 13, "search_size": 20, "similar": 2001, "name": "NL_mean"}, "name_den": "f2bf2ac735f5818542a02a77f8151e95", "psnr": 18.873999615181027, "ssim": 0.20548305861556082}