{"path": "images\\architecture-3076685_640.jpg", "var": 0.005, "params": {"template_size": 8, "search_size": 20, "similar": 1, "name": "NL_mean"}, "name_den": "f3615e5bbc54ec5ab8fbeb49b1a9c1e4", "psnr": 23.99972322865313, "ssim": 0.5623850122163215}