{"path": "images\\forest-1031022_640.jpg", "var": 0.005, "params": {"template_size": 8, "search_size": 30, "similar": 2001, "name": "NL_mean"}, "name_den": "f3ebbf594e048f166d45fc25fea53bcc", "psnr": 20.951066227261812, "ssim": 0.19809755718612368}