{"path": "images\\kingfisher-2046453_640.jpg", "var": 0.005, "params": {"template_size": 8, "search_size": 20, "similar": 2001, "name": "NL_mean"}, "name_den": "f59c923598e956c511bd3785fc380a20", "psnr": 20.474093224678718, "ssim": 0.2933833855628895}