{"path": "images\\brick-wall-1834446_640.jpg", "var": 0.005, "params": {"template_size": 8, "search_size": 30, "similar": 1001, "name": "NL_mean"}, "name_den": "f72bd117890ab64682d6ff0b652b32bd", "psnr": 18.47841712154587, "ssim": 0.20273366790728764}