{"path": "images\\guy-2617866_640.jpg", "var": 0.005, "params": {"template_size": 13, "search_size": 30, "similar": 1, "name": "NL_mean"}, "name_den": "f7b52940a61684403fc4f316cace39e8", "psnr": 23.56485905503593, "ssim": 0.2827233647827731}