{"path": "images\\architecture-3076685_640.jpg", "var": 0.005, "params": {"template_size": 3, "search_size": 10, "similar": 3001, "name": "NL_mean"}, "name_den": "f7d5f110f643baabb8ad5acd95a988ab", "psnr": 20.008798656302773, "ssim": 0.22467504979736716}