{"path": "images\\kingfisher-2046453_640.jpg", "var": 0.005, "params": {"template_size": 18, "search_size": 20, "similar": 2001, "name": "NL_mean"}, "name_den": "f9aac519ddfc095dafb33e32113c2c86", "psnr": 20.43325015636635, "ssim": 0.2898560073973319}