{"path": "images\\kingfisher-2046453_640.jpg", "var": 0.005, "params": {"template_size": 18, "search_size": 10, "similar": 1, "name": "NL_mean"}, "name_den": "f9d4867594e3272a1891a3a5b219225f", "psnr": 23.2323365130391, "ssim": 0.3122170106033563}