{"path": "images\\guy-2617866_640.jpg", "var": 0.005, "params": {"template_size": 8, "search_size": 20, "similar": 5001, "name": "NL_mean"}, "name_den": "fabfff2735065959e658312a9d815f30", "psnr": 19.68793612668127, "ssim": 0.2378292778023181}