{"path": "images\\architecture-3076685_640.jpg", "var": 0.005, "params": {"template_size": 3, "search_size": 30, "similar": 1001, "name": "NL_mean"}, "name_den": "fb1a97e634ee5cf97d2456b8316f135e", "psnr": 19.21370381731795, "ssim": 0.1808808300743674}