{"path": "images\\forest-1031022_640.jpg", "var": 0.005, "params": {"template_size": 18, "search_size": 30, "similar": 4001, "name": "NL_mean"}, "name_den": "fba74fc4e7bc575b3372c8c430dc536f", "psnr": 20.937053702683208, "ssim": 0.19790035956953692}