{"path": "images\\kingfisher-2046453_640.jpg", "var": 0.005, "params": {"template_size": 3, "search_size": 30, "similar": 1, "name": "NL_mean"}, "name_den": "fd34d815847e9fe406801b0f464a3ae7", "psnr": 23.88638375822098, "ssim": 0.34217779364164974}