{"path": "images\\kingfisher-2046453_640.jpg", "var": 0.005, "params": {"template_size": 13, "search_size": 10, "similar": 1, "name": "NL_mean"}, "name_den": "fd4c9ded619e67e13a8fe281d39b551f", "psnr": 23.242870258732083, "ssim": 0.31281407203821954}