{"path": "images\\kingfisher-2046453_640.jpg", "var": 0.005, "params": {"template_size": 18, "search_size": 30, "similar": 1001, "name": "NL_mean"}, "name_den": "fda76d89c14d607a54f1f9df7da6c29c", "psnr": 19.733159522950253, "ssim": 0.2844745270326523}