{"path": "images\\brick-wall-1834446_640.jpg", "var": 0.005, "params": {"template_size": 13, "search_size": 10, "similar": 2001, "name": "NL_mean"}, "name_den": "fdf43a643528d8d05349e1b55c248553", "psnr": 19.273639079010355, "ssim": 0.2115552991830936}