{"path": "images\\forest-1031022_640.jpg", "var": 0.005, "params": {"template_size": 8, "search_size": 20, "similar": 4001, "name": "NL_mean"}, "name_den": "fe9610e8588e67ad1ae3a598005addfd", "psnr": 21.149758363252346, "ssim": 0.20271553643386597}