{"path": "images\\kingfisher-2046453_640.jpg", "var": 0.005, "params": {"template_size": 8, "search_size": 10, "similar": 2001, "name": "NL_mean"}, "name_den": "ff0f7efb03fe974b3bdfb8b7f93d6bbc", "psnr": 21.43526528042028, "ssim": 0.3094186082194315}