{"path": "images\\man-164962_640.jpg", "var": 0.005, "params": {"template_size": 18, "search_size": 10, "similar": 5001, "name": "NL_mean"}, "name_den": "ff1f15c4f321af9dd54781369171b6c2", "psnr": 21.194709551893986, "ssim": 0.3573397446188799}