{"path": "images\\brick-wall-1834446_640.jpg", "var": 0.005, "params": {"template_size": 8, "search_size": 10, "similar": 5001, "name": "NL_mean"}, "name_den": "ff7f15c260832ab65ef8f37255523b72", "psnr": 19.27899629952561, "ssim": 0.21254746837120422}