{"path": "images\\architecture-3076685_640.jpg", "var": 0.005, "params": {"template_size": 8, "search_size": 10, "similar": 4001, "name": "NL_mean"}, "name_den": "ffe44a9666155c7f10e01cb94f8a6ab7", "psnr": 20.01796000044707, "ssim": 0.2248947005360136}