{"path": "images\\architecture-3076685_640.jpg", "var": 0.2, "params": {"diameter": 3, "sigma_i": 50, "sigma_s": 1, "name": "Bilateral"}, "name_den": "4a4d372166997bff3ed547d0f3535c72", "psnr": 10.870170353560997, "ssim": 0.06575133503102777}