{"path": "images\\man-164962_640.jpg", "var": 0.2, "params": {"diameter": 3, "sigma_i": 50, "sigma_s": 1, "name": "Bilateral"}, "name_den": "bbd6c8d0e2b9a4c8a6619251ae9c5001", "psnr": 10.76109165413268, "ssim": 0.06202794578825024}