{"path": "images\\kingfisher-2046453_640.jpg", "var": 0.2, "params": {"diameter": 3, "sigma_i": 50, "sigma_s": 1, "name": "Bilateral"}, "name_den": "bc1488787f9ad55c83303a7c2e6994d1", "psnr": 10.573431272127586, "ssim": 0.05035013798171014}