{"path": "images\\brick-wall-1834446_640.jpg", "var": 0.2, "params": {"diameter": 3, "sigma_i": 50, "sigma_s": 1, "name": "Bilateral"}, "name_den": "cbbcdeedef1da7741146c9bab236ce24", "psnr": 10.688934766607458, "ssim": 0.08478994719521399}