{"path": "images\\nikita.jpg", "var": 0.2, "params": {"diameter": 3, "sigma_i": 50, "sigma_s": 1, "name": "Bilateral"}, "name_den": "d7e3bf0aaae8605645c8e8495f148329", "psnr": 11.056247467101452, "ssim": 0.029744546914268363}