{"path": "images\\kingfisher-2046453_640.jpg", "var": 0.005, "params": {"diameter": 7, "sigma_i": 250, "sigma_s": 3, "name": "Bilateral"}, "name_den": "0045e6a297acb227807263dc49364fa2", "psnr": 26.720548724998146, "ssim": 0.8357249548107699}