{"path": "images\\man-164962_640.jpg", "var": 0.005, "params": {"diameter": 3, "sigma_i": 50, "sigma_s": 1, "name": "Bilateral"}, "name_den": "0071e9b52174d3c39f19fc285502c092", "psnr": 29.452923827938832, "ssim": 0.713431899016729}