{"path": "images\\guy-2617866_640.jpg", "var": 0.005, "params": {"diameter": 3, "sigma_i": 230, "sigma_s": 5, "name": "Bilateral"}, "name_den": "008eb71dcd7ca9f228cec64307e459d5", "psnr": 29.57988156877933, "ssim": 0.6835831925425527}