{"path": "images\\forest-1031022_640.jpg", "var": 0.005, "params": {"diameter": 5, "sigma_i": 190, "sigma_s": 5, "name": "Bilateral"}, "name_den": "00d98b6c7f67f3abd2c7407bfc5754a9", "psnr": 28.042429813483196, "ssim": 0.6932415864889165}