{"path": "images\\nikita.jpg", "var": 0.005, "params": {"diameter": 3, "sigma_i": 50, "sigma_s": 1, "name": "Bilateral"}, "name_den": "018ca2edd60f41da92c22377719346b6", "psnr": 30.87228104543483, "ssim": 0.6644042381013892}