{"path": "images\\architecture-3076685_640.jpg", "var": 0.005, "params": {"diameter": 7, "sigma_i": 50, "sigma_s": 1, "name": "Bilateral"}, "name_den": "01f54d019cda58b32e5d72a9a3ed356b", "psnr": 26.846041432533877, "ssim": 0.6655259862852533}