{"path": "images\\man-164962_640.jpg", "var": 0.005, "params": {"diameter": 3, "sigma_i": 210, "sigma_s": 7, "name": "Bilateral"}, "name_den": "01ff88fcbbb6c365fdc662888799ac3a", "psnr": 29.39660337684254, "ssim": 0.7349176092123385}