{"path": "images\\guy-2617866_640.jpg", "var": 0.005, "params": {"diameter": 3, "sigma_i": 90, "sigma_s": 5, "name": "Bilateral"}, "name_den": "0222001b05f8334b4254624d205fd030", "psnr": 30.38481204529281, "ssim": 0.6878508789731193}