{"path": "images\\forest-1031022_640.jpg", "var": 0.005, "params": {"diameter": 3, "sigma_i": 210, "sigma_s": 3, "name": "Bilateral"}, "name_den": "024a488266e83d56e037b9c65f9af6c8", "psnr": 28.808768489260586, "ssim": 0.6784616189123827}