{"path": "images\\man-164962_640.jpg", "var": 0.005, "params": {"diameter": 5, "sigma_i": 150, "sigma_s": 1, "name": "Bilateral"}, "name_den": "024a01648dad3db64f334eb319e7e1e3", "psnr": 28.638720747605436, "ssim": 0.7418957026434997}