{"path": "images\\guy-2617866_640.jpg", "var": 0.005, "params": {"diameter": 7, "sigma_i": 230, "sigma_s": 5, "name": "Bilateral"}, "name_den": "02e733c4f24a366a3519513da5ff80d1", "psnr": 27.643441326425858, "ssim": 0.8284632140194418}