{"path": "images\\kingfisher-2046453_640.jpg", "var": 0.005, "params": {"diameter": 5, "sigma_i": 130, "sigma_s": 1, "name": "Bilateral"}, "name_den": "03a1935383f25841dfd3385ec5c0bca9", "psnr": 28.280650290707353, "ssim": 0.7611219370440755}