{"path": "images\\guy-2617866_640.jpg", "var": 0.005, "params": {"diameter": 5, "sigma_i": 90, "sigma_s": 3, "name": "Bilateral"}, "name_den": "040fe06bbdf368e16c204bee81e4b637", "psnr": 30.606538735811426, "ssim": 0.8081707350867505}