{"path": "images\\guy-2617866_640.jpg", "var": 0.005, "params": {"diameter": 7, "sigma_i": 170, "sigma_s": 5, "name": "Bilateral"}, "name_den": "04378421e70fcbb52e0b2ec14f9ef16a", "psnr": 28.12275703734796, "ssim": 0.8329284547477375}