{"path": "images\\kingfisher-2046453_640.jpg", "var": 0.005, "params": {"diameter": 3, "sigma_i": 210, "sigma_s": 7, "name": "Bilateral"}, "name_den": "043ddb89ccfd767549f783c10ebc059e", "psnr": 28.344063183751224, "ssim": 0.6871709955160729}