{"path": "images\\man-164962_640.jpg", "var": 0.005, "params": {"diameter": 5, "sigma_i": 210, "sigma_s": 7, "name": "Bilateral"}, "name_den": "04436af6d4b8dc6a363c0e8de294d27f", "psnr": 28.437655808653123, "ssim": 0.7531501745897851}