{"path": "images\\kingfisher-2046453_640.jpg", "var": 0.005, "params": {"diameter": 7, "sigma_i": 110, "sigma_s": 7, "name": "Bilateral"}, "name_den": "0497df65a7cfafaeb160e4782b192d4a", "psnr": 27.832709256637568, "ssim": 0.8520352414933461}