{"path": "images\\man-164962_640.jpg", "var": 0.005, "params": {"diameter": 5, "sigma_i": 130, "sigma_s": 5, "name": "Bilateral"}, "name_den": "04aaf26b33541fae80d3f9451e0285d8", "psnr": 28.77146812097862, "ssim": 0.7606174607924391}