{"path": "images\\man-164962_640.jpg", "var": 0.005, "params": {"diameter": 3, "sigma_i": 150, "sigma_s": 1, "name": "Bilateral"}, "name_den": "0539acaec45c1224e80490fc2d4460ff", "psnr": 29.158505823901955, "ssim": 0.7158682405276502}