{"path": "images\\kingfisher-2046453_640.jpg", "var": 0.005, "params": {"diameter": 5, "sigma_i": 90, "sigma_s": 5, "name": "Bilateral"}, "name_den": "05534eb43cffab30f0d495801f3600d2", "psnr": 28.912936540948316, "ssim": 0.8200749877700907}