{"path": "images\\brick-wall-1834446_640.jpg", "var": 0.005, "params": {"diameter": 5, "sigma_i": 170, "sigma_s": 1, "name": "Bilateral"}, "name_den": "056e4a32a46760603332ff1bed6e835c", "psnr": 22.40112521035305, "ssim": 0.4519814312876809}