{"path": "images\\kingfisher-2046453_640.jpg", "var": 0.005, "params": {"diameter": 5, "sigma_i": 170, "sigma_s": 5, "name": "Bilateral"}, "name_den": "05dc03169ce9f510ccaf5041c13127d7", "psnr": 27.77084625624532, "ssim": 0.8085362298425341}