{"path": "images\\brick-wall-1834446_640.jpg", "var": 0.005, "params": {"diameter": 3, "sigma_i": 190, "sigma_s": 3, "name": "Bilateral"}, "name_den": "05e41ff4723207da09636732f63a9120", "psnr": 23.48257599069266, "ssim": 0.5218332643294333}