{"path": "images\\brick-wall-1834446_640.jpg", "var": 0.005, "params": {"diameter": 3, "sigma_i": 150, "sigma_s": 1, "name": "Bilateral"}, "name_den": "05e9c404ad787af7d69fc01a486f0d41", "psnr": 23.84040551899411, "ssim": 0.5349581900642443}