{"path": "images\\brick-wall-1834446_640.jpg", "var": 0.005, "params": {"diameter": 7, "sigma_i": 110, "sigma_s": 1, "name": "Bilateral"}, "name_den": "0649b19e666a0505c70cf8c990d38b78", "psnr": 23.406303316590538, "ssim": 0.5298555529616255}