{"path": "images\\architecture-3076685_640.jpg", "var": 0.005, "params": {"diameter": 3, "sigma_i": 210, "sigma_s": 7, "name": "Bilateral"}, "name_den": "065807d8ed0038b9038bf6b5fbe07beb", "psnr": 26.248746995390718, "ssim": 0.6429727284595191}