{"path": "images\\kingfisher-2046453_640.jpg", "var": 0.005, "params": {"diameter": 5, "sigma_i": 70, "sigma_s": 5, "name": "Bilateral"}, "name_den": "06faaedac05f09bd53a9c1ce9dc4b97e", "psnr": 29.547339661726994, "ssim": 0.8215031723740607}