{"path": "images\\man-164962_640.jpg", "var": 0.005, "params": {"diameter": 7, "sigma_i": 130, "sigma_s": 3, "name": "Bilateral"}, "name_den": "077272734429700d557da3b2d977592e", "psnr": 28.085951079450954, "ssim": 0.759110482118481}