{"path": "images\\guy-2617866_640.jpg", "var": 0.005, "params": {"diameter": 5, "sigma_i": 210, "sigma_s": 7, "name": "Bilateral"}, "name_den": "07a5b3ecf15cf207e6bb1b9a4fd327f6", "psnr": 28.770556665234757, "ssim": 0.7971610298755851}