{"path": "images\\brick-wall-1834446_640.jpg", "var": 0.005, "params": {"diameter": 3, "sigma_i": 90, "sigma_s": 7, "name": "Bilateral"}, "name_den": "07b40a8400d6d21a5d7deccfe0f2cd46", "psnr": 24.42053202517153, "ssim": 0.5708379366688354}