{"path": "images\\kingfisher-2046453_640.jpg", "var": 0.005, "params": {"diameter": 7, "sigma_i": 230, "sigma_s": 5, "name": "Bilateral"}, "name_den": "07fa106d93c982892c3429ad47df410c", "psnr": 26.69556086058188, "ssim": 0.8363407280671197}