{"path": "images\\man-164962_640.jpg", "var": 0.005, "params": {"diameter": 3, "sigma_i": 250, "sigma_s": 7, "name": "Bilateral"}, "name_den": "08210309092a7fc4e88ca13659078f8a", "psnr": 29.347362162898026, "ssim": 0.7336536826045524}