{"path": "images\\forest-1031022_640.jpg", "var": 0.005, "params": {"diameter": 3, "sigma_i": 130, "sigma_s": 1, "name": "Bilateral"}, "name_den": "08533f98a8f515b0de496c7b0b1d5556", "psnr": 28.666733272981805, "ssim": 0.6585106135593274}