{"path": "images\\architecture-3076685_640.jpg", "var": 0.005, "params": {"diameter": 5, "sigma_i": 50, "sigma_s": 3, "name": "Bilateral"}, "name_den": "0907b1e468c16c803069755c31d0da03", "psnr": 27.026648903568955, "ssim": 0.6780689803123332}