{"path": "images\\man-164962_640.jpg", "var": 0.005, "params": {"diameter": 5, "sigma_i": 230, "sigma_s": 3, "name": "Bilateral"}, "name_den": "095a8c83c1bf28d2a2db438e2229391b", "psnr": 28.46480660348979, "ssim": 0.7551271977881223}