{"path": "images\\brick-wall-1834446_640.jpg", "var": 0.005, "params": {"diameter": 7, "sigma_i": 70, "sigma_s": 3, "name": "Bilateral"}, "name_den": "096a4932a64eb58ca18ac3a86d7b8b6d", "psnr": 24.74778352306771, "ssim": 0.6244349580039043}