{"path": "images\\kingfisher-2046453_640.jpg", "var": 0.005, "params": {"diameter": 7, "sigma_i": 90, "sigma_s": 3, "name": "Bilateral"}, "name_den": "09898c88e0f7655378ed335c2861b3c9", "psnr": 28.48825590755984, "ssim": 0.8573928385219708}