{"path": "images\\forest-1031022_640.jpg", "var": 0.005, "params": {"diameter": 3, "sigma_i": 90, "sigma_s": 7, "name": "Bilateral"}, "name_den": "09d744818da47ddd8b2e97f599953356", "psnr": 29.15491941804616, "ssim": 0.688512901175407}