{"path": "images\\brick-wall-1834446_640.jpg", "var": 0.005, "params": {"diameter": 5, "sigma_i": 190, "sigma_s": 5, "name": "Bilateral"}, "name_den": "09fb59e888c91e380864f89a3c9c53bb", "psnr": 22.074595037306434, "ssim": 0.4364395038270423}