{"path": "images\\architecture-3076685_640.jpg", "var": 0.005, "params": {"diameter": 5, "sigma_i": 70, "sigma_s": 5, "name": "Bilateral"}, "name_den": "0a5ce477bee99dcd77223419f97aa0be", "psnr": 26.211586949891753, "ssim": 0.6315018367664779}