{"path": "images\\guy-2617866_640.jpg", "var": 0.005, "params": {"diameter": 5, "sigma_i": 150, "sigma_s": 5, "name": "Bilateral"}, "name_den": "0b3793e9ab01757bb4bc16d2114c95ce", "psnr": 29.281219277459943, "ssim": 0.8000766755079954}