{"path": "images\\forest-1031022_640.jpg", "var": 0.005, "params": {"diameter": 3, "sigma_i": 210, "sigma_s": 7, "name": "Bilateral"}, "name_den": "0b5873c1f5b2e089c5c08baa52fdd3b4", "psnr": 28.804474652186208, "ssim": 0.6785578481068378}