{"path": "images\\kingfisher-2046453_640.jpg", "var": 0.005, "params": {"diameter": 5, "sigma_i": 130, "sigma_s": 7, "name": "Bilateral"}, "name_den": "0c2fceffa98290c4f6aa469b35098c8f", "psnr": 28.124694588074966, "ssim": 0.8124077702167686}