{"path": "images\\brick-wall-1834446_640.jpg", "var": 0.005, "params": {"diameter": 7, "sigma_i": 150, "sigma_s": 7, "name": "Bilateral"}, "name_den": "0c9e7af4c6af939dac9f9b581cb42fce", "psnr": 22.95088018208446, "ssim": 0.5276654546462197}