{"path": "images\\brick-wall-1834446_640.jpg", "var": 0.005, "params": {"diameter": 7, "sigma_i": 170, "sigma_s": 1, "name": "Bilateral"}, "name_den": "0cb965016ed988505af6f0d2e9e7662d", "psnr": 22.760942609849067, "ssim": 0.49196079757808914}