{"path": "images\\kingfisher-2046453_640.jpg", "var": 0.005, "params": {"diameter": 3, "sigma_i": 110, "sigma_s": 1, "name": "Bilateral"}, "name_den": "0d7cfc65c21690c36f353de13166fe10", "psnr": 28.741289504470497, "ssim": 0.6607072900739905}