{"path": "images\\man-164962_640.jpg", "var": 0.005, "params": {"diameter": 5, "sigma_i": 210, "sigma_s": 1, "name": "Bilateral"}, "name_den": "0dcf1c74c813318d0db0dd8d7f7a0442", "psnr": 28.47225509568588, "ssim": 0.7397577501715645}