{"path": "images\\architecture-3076685_640.jpg", "var": 0.005, "params": {"diameter": 7, "sigma_i": 150, "sigma_s": 5, "name": "Bilateral"}, "name_den": "0dda722417c6559b7506f526de2fc529", "psnr": 24.647853388132784, "ssim": 0.5283805906565369}