{"path": "images\\kingfisher-2046453_640.jpg", "var": 0.005, "params": {"diameter": 3, "sigma_i": 130, "sigma_s": 5, "name": "Bilateral"}, "name_den": "0e355973a9fabda5a365236c9bc45fa6", "psnr": 28.670564801559394, "ssim": 0.6905796582118854}