{"path": "images\\brick-wall-1834446_640.jpg", "var": 0.005, "params": {"diameter": 3, "sigma_i": 230, "sigma_s": 7, "name": "Bilateral"}, "name_den": "0e958013737fc28f8624ced640da337a", "psnr": 23.34507783541584, "ssim": 0.5149733627614115}