{"path": "images\\architecture-3076685_640.jpg", "var": 0.005, "params": {"diameter": 3, "sigma_i": 230, "sigma_s": 5, "name": "Bilateral"}, "name_den": "0fecd1d4fb4beb9c82813316b02433f8", "psnr": 26.225822221692532, "ssim": 0.6415117458307177}