{"path": "images\\man-164962_640.jpg", "var": 0.005, "params": {"diameter": 3, "sigma_i": 150, "sigma_s": 7, "name": "Bilateral"}, "name_den": "0ff6b977a01fa3e4b4bb6bf5a4825eef", "psnr": 29.48015449117438, "ssim": 0.7362931732724393}