{"path": "images\\forest-1031022_640.jpg", "var": 0.005, "params": {"diameter": 3, "sigma_i": 50, "sigma_s": 7, "name": "Bilateral"}, "name_den": "1071acefdcd247b3463d6380a9d86510", "psnr": 29.440636743170412, "ssim": 0.6900591149059688}