{"path": "images\\architecture-3076685_640.jpg", "var": 0.005, "params": {"diameter": 7, "sigma_i": 190, "sigma_s": 3, "name": "Bilateral"}, "name_den": "118e1b3b2e4c37933648d5f0b12fd32e", "psnr": 24.558996930229952, "ssim": 0.524000547029026}