{"path": "images\\brick-wall-1834446_640.jpg", "var": 0.005, "params": {"diameter": 5, "sigma_i": 230, "sigma_s": 5, "name": "Bilateral"}, "name_den": "12275ffb18654d1b4371a22327da22a2", "psnr": 21.957632827889565, "ssim": 0.4283089132811349}