{"path": "images\\architecture-3076685_640.jpg", "var": 0.005, "params": {"diameter": 5, "sigma_i": 150, "sigma_s": 7, "name": "Bilateral"}, "name_den": "12456db995bac2344ff81340eebc552c", "psnr": 25.184521692413423, "ssim": 0.5703844271794464}