{"path": "images\\guy-2617866_640.jpg", "var": 0.005, "params": {"diameter": 3, "sigma_i": 150, "sigma_s": 3, "name": "Bilateral"}, "name_den": "1275f3ad680ea6330f8351c4bd415af6", "psnr": 29.86711798938964, "ssim": 0.6848987955931777}