{"path": "images\\kingfisher-2046453_640.jpg", "var": 0.005, "params": {"diameter": 3, "sigma_i": 190, "sigma_s": 7, "name": "Bilateral"}, "name_den": "129954c065b250c7b69819018958ab0e", "psnr": 28.399508974023725, "ssim": 0.6876519058001888}