{"path": "images\\brick-wall-1834446_640.jpg", "var": 0.005, "params": {"diameter": 7, "sigma_i": 90, "sigma_s": 1, "name": "Bilateral"}, "name_den": "12ce16f203f00ca91d84461f6bd0a5e5", "psnr": 23.885222158824085, "ssim": 0.5571295831025286}