{"path": "images\\brick-wall-1834446_640.jpg", "var": 0.005, "params": {"diameter": 3, "sigma_i": 230, "sigma_s": 5, "name": "Bilateral"}, "name_den": "136adf3fb12e0abdf650abe1af2a77e6", "psnr": 23.346602812015416, "ssim": 0.5136779971343872}