{"path": "images\\forest-1031022_640.jpg", "var": 0.005, "params": {"diameter": 3, "sigma_i": 50, "sigma_s": 5, "name": "Bilateral"}, "name_den": "13bd601eaf8adb1358907a5087170a99", "psnr": 29.450968906656097, "ssim": 0.6893461710927982}