{"path": "images\\kingfisher-2046453_640.jpg", "var": 0.005, "params": {"diameter": 3, "sigma_i": 130, "sigma_s": 1, "name": "Bilateral"}, "name_den": "14685e27fab8d349ba5d98677604aa27", "psnr": 28.57563584993923, "ssim": 0.6593233367830856}