{"path": "images\\architecture-3076685_640.jpg", "var": 0.005, "params": {"diameter": 5, "sigma_i": 150, "sigma_s": 5, "name": "Bilateral"}, "name_den": "14748f9ffadde6b8b10b6a14e3054fcc", "psnr": 25.19825135669597, "ssim": 0.5717915715258072}