{"path": "images\\brick-wall-1834446_640.jpg", "var": 0.005, "params": {"diameter": 5, "sigma_i": 190, "sigma_s": 1, "name": "Bilateral"}, "name_den": "148fbbbd717e80dc836c1c8825e9753f", "psnr": 22.308921732140035, "ssim": 0.4458056359146645}