{"path": "images\\guy-2617866_640.jpg", "var": 0.005, "params": {"diameter": 3, "sigma_i": 50, "sigma_s": 5, "name": "Bilateral"}, "name_den": "15038a7e896ec9cf29859c3d034e8369", "psnr": 30.704489042958976, "ssim": 0.6738844733733832}