{"path": "images\\architecture-3076685_640.jpg", "var": 0.005, "params": {"diameter": 5, "sigma_i": 170, "sigma_s": 5, "name": "Bilateral"}, "name_den": "157656bc8fb49138c1c05b35cafbc049", "psnr": 25.126944683848453, "ssim": 0.5674716302088437}