{"path": "images\\brick-wall-1834446_640.jpg", "var": 0.005, "params": {"diameter": 7, "sigma_i": 130, "sigma_s": 7, "name": "Bilateral"}, "name_den": "15e2d2d158dc99a6aee9db7d3d39ff4b", "psnr": 23.16083550270674, "ssim": 0.5400887605009913}