{"path": "images\\guy-2617866_640.jpg", "var": 0.005, "params": {"diameter": 7, "sigma_i": 170, "sigma_s": 1, "name": "Bilateral"}, "name_den": "161fb78820bde544d81fae3a5b90c1ed", "psnr": 28.63058227241115, "ssim": 0.7770813457173243}