{"path": "images\\forest-1031022_640.jpg", "var": 0.005, "params": {"diameter": 7, "sigma_i": 230, "sigma_s": 3, "name": "Bilateral"}, "name_den": "1674a64286a3d39c0c4ff7cf499d0245", "psnr": 27.499356531418666, "ssim": 0.6810647482841558}