{"path": "images\\guy-2617866_640.jpg", "var": 0.005, "params": {"diameter": 5, "sigma_i": 170, "sigma_s": 1, "name": "Bilateral"}, "name_den": "16c4582b86f3291e248e03a4c5ccebb9", "psnr": 29.212083002154788, "ssim": 0.7515786967222233}