{"path": "images\\architecture-3076685_640.jpg", "var": 0.005, "params": {"diameter": 7, "sigma_i": 50, "sigma_s": 3, "name": "Bilateral"}, "name_den": "1727ad280ac38f0c552c91fbad6a5e74", "psnr": 26.724202675765692, "ssim": 0.659539198571049}