{"path": "images\\forest-1031022_640.jpg", "var": 0.005, "params": {"diameter": 7, "sigma_i": 190, "sigma_s": 7, "name": "Bilateral"}, "name_den": "17d32e8b35933f0b33ffb0b07236bc54", "psnr": 27.455716099717023, "ssim": 0.6775898912819508}