{"path": "images\\architecture-3076685_640.jpg", "var": 0.005, "params": {"diameter": 3, "sigma_i": 130, "sigma_s": 1, "name": "Bilateral"}, "name_den": "180b6fa8f42f945d0f139388769db9aa", "psnr": 26.507428608679543, "ssim": 0.6548720609149373}