{"path": "images\\forest-1031022_640.jpg", "var": 0.005, "params": {"diameter": 7, "sigma_i": 130, "sigma_s": 7, "name": "Bilateral"}, "name_den": "193ef94a3161629d2df7f9e81999f20a", "psnr": 27.701858377989062, "ssim": 0.689347291049425}