{"path": "images\\man-164962_640.jpg", "var": 0.005, "params": {"diameter": 5, "sigma_i": 130, "sigma_s": 7, "name": "Bilateral"}, "name_den": "1989ccdd3d3f6f638f5a2f414a95528a", "psnr": 28.761145513470538, "ssim": 0.7599420382724813}