{"path": "images\\kingfisher-2046453_640.jpg", "var": 0.005, "params": {"diameter": 3, "sigma_i": 250, "sigma_s": 3, "name": "Bilateral"}, "name_den": "198a569b4e073de2e0b5bfc3ae9a5fd1", "psnr": 28.295583457888842, "ssim": 0.6857423000048776}