{"path": "images\\guy-2617866_640.jpg", "var": 0.005, "params": {"diameter": 3, "sigma_i": 70, "sigma_s": 5, "name": "Bilateral"}, "name_den": "19f887fa4013568062baf7949af9e148", "psnr": 30.631959174019954, "ssim": 0.6855833757259452}