{"path": "images\\architecture-3076685_640.jpg", "var": 0.005, "params": {"diameter": 5, "sigma_i": 110, "sigma_s": 1, "name": "Bilateral"}, "name_den": "1a112d571e454172807a481fde9c5747", "psnr": 25.70403473240549, "ssim": 0.6049323573998445}