{"path": "images\\man-164962_640.jpg", "var": 0.005, "params": {"diameter": 5, "sigma_i": 90, "sigma_s": 7, "name": "Bilateral"}, "name_den": "1a3649013d4b4933ed5a30cc7a082fb8", "psnr": 29.172626569473493, "ssim": 0.7676234119493531}