{"path": "images\\guy-2617866_640.jpg", "var": 0.005, "params": {"diameter": 5, "sigma_i": 250, "sigma_s": 5, "name": "Bilateral"}, "name_den": "1a8f9c8631f34392cb2055654c9634d0", "psnr": 28.61113493904935, "ssim": 0.7952335813930628}