{"path": "images\\kingfisher-2046453_640.jpg", "var": 0.005, "params": {"diameter": 7, "sigma_i": 50, "sigma_s": 3, "name": "Bilateral"}, "name_den": "1aa6a54887d36734c105043d7df9c64f", "psnr": 30.255959368649993, "ssim": 0.8462127530580812}