{"path": "images\\architecture-3076685_640.jpg", "var": 0.005, "params": {"diameter": 3, "sigma_i": 110, "sigma_s": 1, "name": "Bilateral"}, "name_den": "1adf599305baf9651f70430b3991b839", "psnr": 26.62698654026824, "ssim": 0.6605175164294866}