{"path": "images\\forest-1031022_640.jpg", "var": 0.005, "params": {"diameter": 5, "sigma_i": 190, "sigma_s": 3, "name": "Bilateral"}, "name_den": "1b2cb2460eadad7ce230f53f0b730876", "psnr": 28.10100554414856, "ssim": 0.6961008810496035}