{"path": "images\\guy-2617866_640.jpg", "var": 0.005, "params": {"diameter": 5, "sigma_i": 130, "sigma_s": 1, "name": "Bilateral"}, "name_den": "1b89cc4f87acc7806d3daf7509131a2a", "psnr": 29.63979047286845, "ssim": 0.7543289076216544}