{"path": "images\\guy-2617866_640.jpg", "var": 0.005, "params": {"diameter": 5, "sigma_i": 210, "sigma_s": 3, "name": "Bilateral"}, "name_den": "1c4ae9086726eefb06e4c32a663dcb65", "psnr": 28.85142095018129, "ssim": 0.7970135635444433}