{"path": "images\\man-164962_640.jpg", "var": 0.005, "params": {"diameter": 3, "sigma_i": 150, "sigma_s": 5, "name": "Bilateral"}, "name_den": "1cb0bd6b5c61107ad58787f1dc163721", "psnr": 29.48293212087033, "ssim": 0.7361029456359942}