{"path": "images\\forest-1031022_640.jpg", "var": 0.005, "params": {"diameter": 3, "sigma_i": 130, "sigma_s": 3, "name": "Bilateral"}, "name_den": "1cc632125126402c56d1ce9771827bfc", "psnr": 28.954744262011353, "ssim": 0.6826489784532619}