{"path": "images\\architecture-3076685_640.jpg", "var": 0.005, "params": {"diameter": 5, "sigma_i": 90, "sigma_s": 3, "name": "Bilateral"}, "name_den": "1cd3e046a9f93cfc928331aefec1b99c", "psnr": 25.79825448143734, "ssim": 0.6084003185666883}