{"path": "images\\man-164962_640.jpg", "var": 0.005, "params": {"diameter": 5, "sigma_i": 110, "sigma_s": 3, "name": "Bilateral"}, "name_den": "1d1f1c3d20f65a3b4b779b00e9dc5df7", "psnr": 28.98860213714821, "ssim": 0.7648913549928374}