{"path": "images\\man-164962_640.jpg", "var": 0.005, "params": {"diameter": 3, "sigma_i": 130, "sigma_s": 1, "name": "Bilateral"}, "name_den": "1d5a806bff548fc96c4746d26bb44630", "psnr": 29.229583373198448, "ssim": 0.7179728068304269}