{"path": "images\\guy-2617866_640.jpg", "var": 0.005, "params": {"diameter": 5, "sigma_i": 110, "sigma_s": 3, "name": "Bilateral"}, "name_den": "1d859ce83c203d1396868be04ff2b1d0", "psnr": 30.065135121883312, "ssim": 0.8046416968359527}