{"path": "images\\forest-1031022_640.jpg", "var": 0.005, "params": {"diameter": 5, "sigma_i": 90, "sigma_s": 7, "name": "Bilateral"}, "name_den": "1dad4be4a9344b2a446beec1821e2f7a", "psnr": 28.656768775918803, "ssim": 0.7158639462297294}