{"path": "images\\architecture-3076685_640.jpg", "var": 0.005, "params": {"diameter": 5, "sigma_i": 110, "sigma_s": 7, "name": "Bilateral"}, "name_den": "1dd76301fe00d1d0d8717f26d409c861", "psnr": 25.467178185779403, "ssim": 0.5870847314234643}