{"path": "images\\man-164962_640.jpg", "var": 0.005, "params": {"diameter": 7, "sigma_i": 190, "sigma_s": 3, "name": "Bilateral"}, "name_den": "1dfcdd8588b68657fa143c048bad3699", "psnr": 27.734918559116082, "ssim": 0.7515959022257633}