{"path": "images\\man-164962_640.jpg", "var": 0.005, "params": {"diameter": 5, "sigma_i": 170, "sigma_s": 1, "name": "Bilateral"}, "name_den": "1e1e45c6e7f2ba335735e7f6d4d6c514", "psnr": 28.559402454601234, "ssim": 0.7397157516317355}