{"path": "images\\brick-wall-1834446_640.jpg", "var": 0.005, "params": {"diameter": 3, "sigma_i": 90, "sigma_s": 3, "name": "Bilateral"}, "name_den": "1e2d982c963704ede9a2e4b7b1e9182b", "psnr": 24.454862759741467, "ssim": 0.5716716929127044}