{"path": "images\\kingfisher-2046453_640.jpg", "var": 0.005, "params": {"diameter": 7, "sigma_i": 210, "sigma_s": 7, "name": "Bilateral"}, "name_den": "1e33e57add0eb67cc50a9187f344e51d", "psnr": 26.746195113672748, "ssim": 0.8374268338522227}