{"path": "images\\man-164962_640.jpg", "var": 0.005, "params": {"diameter": 7, "sigma_i": 110, "sigma_s": 3, "name": "Bilateral"}, "name_den": "1e5345a80d8cbd0ba11f480245f1063c", "psnr": 28.328257124417014, "ssim": 0.7640903288185813}