{"path": "images\\kingfisher-2046453_640.jpg", "var": 0.005, "params": {"diameter": 7, "sigma_i": 50, "sigma_s": 5, "name": "Bilateral"}, "name_den": "1f774ebeacba2fc95d0c4981df748ecf", "psnr": 30.183379301685157, "ssim": 0.8483194405772599}