{"path": "images\\architecture-3076685_640.jpg", "var": 0.005, "params": {"diameter": 5, "sigma_i": 250, "sigma_s": 5, "name": "Bilateral"}, "name_den": "1fe916e9e42a5d20b4016c7951797a57", "psnr": 24.971685881321342, "ssim": 0.5589247215976106}