{"path": "images\\brick-wall-1834446_640.jpg", "var": 0.005, "params": {"diameter": 7, "sigma_i": 150, "sigma_s": 1, "name": "Bilateral"}, "name_den": "205e79f2d65d5bc0cd1db3a3aa8dee28", "psnr": 22.900340066369466, "ssim": 0.5004448132357128}