{"path": "images\\kingfisher-2046453_640.jpg", "var": 0.005, "params": {"diameter": 5, "sigma_i": 70, "sigma_s": 7, "name": "Bilateral"}, "name_den": "20dea611f9a0e7a476b19575e28ffc83", "psnr": 29.539267074518346, "ssim": 0.8226610433854757}