{"path": "images\\kingfisher-2046453_640.jpg", "var": 0.005, "params": {"diameter": 3, "sigma_i": 70, "sigma_s": 5, "name": "Bilateral"}, "name_den": "21b9f9ff1526a1cff7465bb539542088", "psnr": 29.371645533508776, "ssim": 0.6929882895601253}