{"path": "images\\man-164962_640.jpg", "var": 0.005, "params": {"diameter": 7, "sigma_i": 150, "sigma_s": 1, "name": "Bilateral"}, "name_den": "227a080e75f34f2ae8c7ef8a2a9cb0bd", "psnr": 28.043889999436324, "ssim": 0.7377360773120628}