{"path": "images\\architecture-3076685_640.jpg", "var": 0.005, "params": {"diameter": 5, "sigma_i": 190, "sigma_s": 5, "name": "Bilateral"}, "name_den": "229e0028544a122a238c7edad6cb2e5a", "psnr": 25.06449817554122, "ssim": 0.5633426646792373}