{"path": "images\\guy-2617866_640.jpg", "var": 0.005, "params": {"diameter": 3, "sigma_i": 210, "sigma_s": 3, "name": "Bilateral"}, "name_den": "22cbe0353c856b4758d1d43b31e3c1a1", "psnr": 29.627303140960713, "ssim": 0.6828428855894252}