{"path": "images\\man-164962_640.jpg", "var": 0.005, "params": {"diameter": 3, "sigma_i": 190, "sigma_s": 5, "name": "Bilateral"}, "name_den": "22d3ba3664f7bf08ad99cd6f120eb20e", "psnr": 29.415989151123732, "ssim": 0.735226445391454}