{"path": "images\\forest-1031022_640.jpg", "var": 0.005, "params": {"diameter": 7, "sigma_i": 130, "sigma_s": 5, "name": "Bilateral"}, "name_den": "22dcf96295bead0633ca007b9879f692", "psnr": 27.725668512322244, "ssim": 0.6905138346030156}