{"path": "images\\brick-wall-1834446_640.jpg", "var": 0.005, "params": {"diameter": 3, "sigma_i": 110, "sigma_s": 7, "name": "Bilateral"}, "name_den": "2364b5bc670b11d6e3c429b935785f40", "psnr": 24.04181169733426, "ssim": 0.5511861224053289}