{"path": "images\\kingfisher-2046453_640.jpg", "var": 0.005, "params": {"diameter": 5, "sigma_i": 50, "sigma_s": 5, "name": "Bilateral"}, "name_den": "2369d4a0ccbc37372d231ccdc48d0d92", "psnr": 30.286779959754085, "ssim": 0.8069670066713034}