{"path": "images\\architecture-3076685_640.jpg", "var": 0.005, "params": {"diameter": 7, "sigma_i": 150, "sigma_s": 1, "name": "Bilateral"}, "name_den": "24184fcb8a76dac3b6af3f903dcdf565", "psnr": 24.979148738450814, "ssim": 0.5546914434657704}