{"path": "images\\man-164962_640.jpg", "var": 0.005, "params": {"diameter": 3, "sigma_i": 70, "sigma_s": 1, "name": "Bilateral"}, "name_den": "2444a58fb87d56254c21b0cf0cae8bbc", "psnr": 29.483694315557774, "ssim": 0.7190632448077462}