{"path": "images\\man-164962_640.jpg", "var": 0.005, "params": {"diameter": 5, "sigma_i": 250, "sigma_s": 3, "name": "Bilateral"}, "name_den": "24f6187af702f35f040e49f199ad0fa6", "psnr": 28.43140398587922, "ssim": 0.7543173891833531}