{"path": "images\\guy-2617866_640.jpg", "var": 0.005, "params": {"diameter": 3, "sigma_i": 230, "sigma_s": 3, "name": "Bilateral"}, "name_den": "2528beaf79c970fc19d2307c0109486d", "psnr": 29.589364041443858, "ssim": 0.6822642455936094}