{"path": "images\\man-164962_640.jpg", "var": 0.005, "params": {"diameter": 5, "sigma_i": 250, "sigma_s": 7, "name": "Bilateral"}, "name_den": "25bec1bcb2e321c53aef865a45069876", "psnr": 28.376755432766963, "ssim": 0.7517474704071153}