{"path": "images\\man-164962_640.jpg", "var": 0.005, "params": {"diameter": 3, "sigma_i": 230, "sigma_s": 3, "name": "Bilateral"}, "name_den": "25e8999543dc013904852398aeeb9381", "psnr": 29.368943528219592, "ssim": 0.7340531584761516}