{"path": "images\\man-164962_640.jpg", "var": 0.005, "params": {"diameter": 3, "sigma_i": 150, "sigma_s": 3, "name": "Bilateral"}, "name_den": "274efa990727c6bc599933af91c4deec", "psnr": 29.491485634346155, "ssim": 0.7365253325085898}