{"path": "images\\guy-2617866_640.jpg", "var": 0.005, "params": {"diameter": 3, "sigma_i": 50, "sigma_s": 1, "name": "Bilateral"}, "name_den": "277b19a5eb94506a9efb4bcaf44fbb6f", "psnr": 30.1656353105902, "ssim": 0.6341074081238506}