{"path": "images\\guy-2617866_640.jpg", "var": 0.005, "params": {"diameter": 3, "sigma_i": 130, "sigma_s": 5, "name": "Bilateral"}, "name_den": "27a83b0d0e6f3102d01278f0bbc8bc0e", "psnr": 29.998458019073976, "ssim": 0.685890809747598}