{"path": "images\\guy-2617866_640.jpg", "var": 0.005, "params": {"diameter": 5, "sigma_i": 110, "sigma_s": 7, "name": "Bilateral"}, "name_den": "27d1a3bcb629bf679434e2bd3e9b2690", "psnr": 29.998837279119517, "ssim": 0.8061578362244219}