{"path": "images\\kingfisher-2046453_640.jpg", "var": 0.005, "params": {"diameter": 5, "sigma_i": 110, "sigma_s": 3, "name": "Bilateral"}, "name_den": "27d4ac84966554dcd06ae6a214a5516a", "psnr": 28.505995580667033, "ssim": 0.8160620433969571}