{"path": "images\\man-164962_640.jpg", "var": 0.005, "params": {"diameter": 7, "sigma_i": 110, "sigma_s": 7, "name": "Bilateral"}, "name_den": "2820d631f8a2bf5d25aef3a78d94492e", "psnr": 28.23453345211294, "ssim": 0.7607213493063778}