{"path": "images\\architecture-3076685_640.jpg", "var": 0.005, "params": {"diameter": 7, "sigma_i": 170, "sigma_s": 1, "name": "Bilateral"}, "name_den": "2822b31e7b05bc23431a69a5d88a2667", "psnr": 24.896492192794707, "ssim": 0.5492546770047394}