{"path": "images\\kingfisher-2046453_640.jpg", "var": 0.005, "params": {"diameter": 3, "sigma_i": 190, "sigma_s": 1, "name": "Bilateral"}, "name_den": "282dbdd9596db05e57e2f86873bad2d9", "psnr": 28.354916775369134, "ssim": 0.6575582647003607}