{"path": "images\\man-164962_640.jpg", "var": 0.005, "params": {"diameter": 5, "sigma_i": 190, "sigma_s": 3, "name": "Bilateral"}, "name_den": "284b88c7f9a7023fe76bc8cfacf27dc7", "psnr": 28.546482475488734, "ssim": 0.7565673946657722}