{"path": "images\\guy-2617866_640.jpg", "var": 0.005, "params": {"diameter": 7, "sigma_i": 210, "sigma_s": 3, "name": "Bilateral"}, "name_den": "285218e3e183f83893648e1969eda212", "psnr": 27.887134007109793, "ssim": 0.8302616193213715}