{"path": "images\\brick-wall-1834446_640.jpg", "var": 0.005, "params": {"diameter": 7, "sigma_i": 70, "sigma_s": 5, "name": "Bilateral"}, "name_den": "2861ad9e1148039f94c437ada293d4db", "psnr": 24.758182684083486, "ssim": 0.6261236006023669}