{"path": "images\\brick-wall-1834446_640.jpg", "var": 0.005, "params": {"diameter": 5, "sigma_i": 190, "sigma_s": 7, "name": "Bilateral"}, "name_den": "2888e9e62e47ca3348c41553127ae330", "psnr": 22.063274354057796, "ssim": 0.435334402687513}