{"path": "images\\kingfisher-2046453_640.jpg", "var": 0.005, "params": {"diameter": 7, "sigma_i": 110, "sigma_s": 5, "name": "Bilateral"}, "name_den": "28b1dbb7ecbc41e1805fd99453ed3ffd", "psnr": 27.864597266476217, "ssim": 0.8523187672264472}