{"path": "images\\kingfisher-2046453_640.jpg", "var": 0.005, "params": {"diameter": 7, "sigma_i": 130, "sigma_s": 3, "name": "Bilateral"}, "name_den": "290c0a90cdd9b5a430f1f324b1cd13e6", "psnr": 27.573082868185775, "ssim": 0.847910951880004}