{"path": "images\\guy-2617866_640.jpg", "var": 0.005, "params": {"diameter": 3, "sigma_i": 250, "sigma_s": 3, "name": "Bilateral"}, "name_den": "2968d337c7e67bc6820ccfa5a4e70d03", "psnr": 29.583876004146553, "ssim": 0.6841036062939739}