{"path": "images\\guy-2617866_640.jpg", "var": 0.005, "params": {"diameter": 5, "sigma_i": 70, "sigma_s": 5, "name": "Bilateral"}, "name_den": "2a0f39f7d1b394328e7f1aff56022b4d", "psnr": 31.294825823696595, "ssim": 0.8102618010902761}