{"path": "images\\guy-2617866_640.jpg", "var": 0.005, "params": {"diameter": 3, "sigma_i": 170, "sigma_s": 7, "name": "Bilateral"}, "name_den": "2a503043538378b49fba5e8a849d6b3f", "psnr": 29.75590025035539, "ssim": 0.6848103846718058}