{"path": "images\\architecture-3076685_640.jpg", "var": 0.005, "params": {"diameter": 3, "sigma_i": 70, "sigma_s": 1, "name": "Bilateral"}, "name_den": "2a7c3a6e792f12334402c0624ce03c22", "psnr": 27.063213768300006, "ssim": 0.6795636797990378}