{"path": "images\\forest-1031022_640.jpg", "var": 0.005, "params": {"diameter": 5, "sigma_i": 130, "sigma_s": 7, "name": "Bilateral"}, "name_den": "2ac12f8ecb1129456e28e63a7bedf770", "psnr": 28.24843520379133, "ssim": 0.700892744090365}