{"path": "images\\forest-1031022_640.jpg", "var": 0.005, "params": {"diameter": 3, "sigma_i": 190, "sigma_s": 3, "name": "Bilateral"}, "name_den": "2b1d1bd8d99487dbb2b534193b2bffa8", "psnr": 28.8255416191123, "ssim": 0.6787772009238928}