{"path": "images\\guy-2617866_640.jpg", "var": 0.005, "params": {"diameter": 7, "sigma_i": 230, "sigma_s": 7, "name": "Bilateral"}, "name_den": "2bc3e49c3c7e49ba93d40a0a58a215dd", "psnr": 27.59983939813314, "ssim": 0.8277490007325993}