{"path": "images\\guy-2617866_640.jpg", "var": 0.005, "params": {"diameter": 3, "sigma_i": 170, "sigma_s": 1, "name": "Bilateral"}, "name_den": "2bf402724933e96af947f597499938dd", "psnr": 29.54973693773581, "ssim": 0.6523924066468695}