{"path": "images\\forest-1031022_640.jpg", "var": 0.005, "params": {"diameter": 3, "sigma_i": 190, "sigma_s": 5, "name": "Bilateral"}, "name_den": "2c2b1b8f4674607bc3f8d57aa49aff65", "psnr": 28.826534569484675, "ssim": 0.6790115972461269}