{"path": "images\\brick-wall-1834446_640.jpg", "var": 0.005, "params": {"diameter": 7, "sigma_i": 130, "sigma_s": 1, "name": "Bilateral"}, "name_den": "2c8d1e243c527221ae8dab0716c0dedb", "psnr": 23.101363804806695, "ssim": 0.5117980958718995}