{"path": "images\\kingfisher-2046453_640.jpg", "var": 0.005, "params": {"diameter": 7, "sigma_i": 150, "sigma_s": 5, "name": "Bilateral"}, "name_den": "2ca6cbb6b4bc9c42129fe585d3e2dcef", "psnr": 27.21541032125647, "ssim": 0.843983890388543}