{"path": "images\\architecture-3076685_640.jpg", "var": 0.005, "params": {"diameter": 3, "sigma_i": 130, "sigma_s": 7, "name": "Bilateral"}, "name_den": "2d3115a4bff21379480ab4be170e1e43", "psnr": 26.442935639321107, "ssim": 0.6514250906931095}