{"path": "images\\brick-wall-1834446_640.jpg", "var": 0.005, "params": {"diameter": 5, "sigma_i": 150, "sigma_s": 7, "name": "Bilateral"}, "name_den": "2db0648f0b9a6901b6831dff040fd144", "psnr": 22.28452179918078, "ssim": 0.45064273364999036}