{"path": "images\\guy-2617866_640.jpg", "var": 0.005, "params": {"diameter": 7, "sigma_i": 130, "sigma_s": 7, "name": "Bilateral"}, "name_den": "2ddfab7fd6f40adfa80e26db73b7739f", "psnr": 28.749641004566282, "ssim": 0.8383125987411238}