{"path": "images\\man-164962_640.jpg", "var": 0.005, "params": {"diameter": 5, "sigma_i": 130, "sigma_s": 3, "name": "Bilateral"}, "name_den": "2e0e8f69c2c13e17021b1a81dfb70de2", "psnr": 28.82264550987873, "ssim": 0.7617717760405266}