{"path": "images\\forest-1031022_640.jpg", "var": 0.005, "params": {"diameter": 5, "sigma_i": 70, "sigma_s": 7, "name": "Bilateral"}, "name_den": "2e5683178d4f9af6ddb642d0e45635b5", "psnr": 29.051086259444112, "ssim": 0.7289782847325771}