{"path": "images\\architecture-3076685_640.jpg", "var": 0.005, "params": {"diameter": 3, "sigma_i": 210, "sigma_s": 5, "name": "Bilateral"}, "name_den": "2e58b7a019b94c796fd72e843c89cbe0", "psnr": 26.251962953505807, "ssim": 0.6424959933232689}