{"path": "images\\man-164962_640.jpg", "var": 0.005, "params": {"diameter": 3, "sigma_i": 50, "sigma_s": 3, "name": "Bilateral"}, "name_den": "2ed9b171710abb89190bda581342e178", "psnr": 29.858365449165905, "ssim": 0.7357451848084654}