{"path": "images\\forest-1031022_640.jpg", "var": 0.005, "params": {"diameter": 7, "sigma_i": 170, "sigma_s": 1, "name": "Bilateral"}, "name_den": "2f8ed742326c3279d735b6c45ab58c2e", "psnr": 27.811290098197922, "ssim": 0.669866751549763}