{"path": "images\\brick-wall-1834446_640.jpg", "var": 0.005, "params": {"diameter": 5, "sigma_i": 90, "sigma_s": 3, "name": "Bilateral"}, "name_den": "2fc8a13c57300270cfda4b84e8a40f7b", "psnr": 23.224753072534952, "ssim": 0.5144228538109156}