{"path": "images\\man-164962_640.jpg", "var": 0.005, "params": {"diameter": 5, "sigma_i": 130, "sigma_s": 1, "name": "Bilateral"}, "name_den": "2fcd0550743fa31eedf9b9b5e6906f4c", "psnr": 28.74252488897819, "ssim": 0.743530213452457}