{"path": "images\\guy-2617866_640.jpg", "var": 0.005, "params": {"diameter": 3, "sigma_i": 150, "sigma_s": 7, "name": "Bilateral"}, "name_den": "302c40ec0d44e04723afb3b691b70afb", "psnr": 29.85055040203943, "ssim": 0.6849452857961954}