{"path": "images\\guy-2617866_640.jpg", "var": 0.005, "params": {"diameter": 5, "sigma_i": 110, "sigma_s": 1, "name": "Bilateral"}, "name_den": "303ca57cb77c4fc10fdcd361018c55c3", "psnr": 29.986299754280612, "ssim": 0.7562817863570283}