{"path": "images\\brick-wall-1834446_640.jpg", "var": 0.005, "params": {"diameter": 5, "sigma_i": 170, "sigma_s": 5, "name": "Bilateral"}, "name_den": "309c3b6afb4e714433b2e97abf01a640", "psnr": 22.168204219788436, "ssim": 0.442518464841259}