{"path": "images\\guy-2617866_640.jpg", "var": 0.005, "params": {"diameter": 7, "sigma_i": 70, "sigma_s": 5, "name": "Bilateral"}, "name_den": "30e86ec76d291e87414f03c9d3bb6bf8", "psnr": 30.99152595235799, "ssim": 0.851394734990999}