{"path": "images\\man-164962_640.jpg", "var": 0.005, "params": {"diameter": 7, "sigma_i": 90, "sigma_s": 7, "name": "Bilateral"}, "name_den": "314f509c9b732f2fc366633714ab9375", "psnr": 28.5605459025832, "ssim": 0.7679233349849471}