{"path": "images\\forest-1031022_640.jpg", "var": 0.005, "params": {"diameter": 5, "sigma_i": 90, "sigma_s": 1, "name": "Bilateral"}, "name_den": "317c3b913f3b373de4b1741e64b413c5", "psnr": 28.697124347966287, "ssim": 0.6954521255675367}