{"path": "images\\man-164962_640.jpg", "var": 0.005, "params": {"diameter": 7, "sigma_i": 70, "sigma_s": 3, "name": "Bilateral"}, "name_den": "3195927f1a004011fda705d20f20d0f5", "psnr": 29.127150238989017, "ssim": 0.7785505803943806}