{"path": "images\\brick-wall-1834446_640.jpg", "var": 0.005, "params": {"diameter": 5, "sigma_i": 230, "sigma_s": 1, "name": "Bilateral"}, "name_den": "31eb4fa2669ab80ea4a6cdfb413bc08a", "psnr": 22.191369876651535, "ssim": 0.43808671698171325}