{"path": "images\\architecture-3076685_640.jpg", "var": 0.005, "params": {"diameter": 5, "sigma_i": 230, "sigma_s": 7, "name": "Bilateral"}, "name_den": "321e96a4d05b6718aa8878c3cfa02e50", "psnr": 24.98150976284723, "ssim": 0.5582427302013296}