{"path": "images\\forest-1031022_640.jpg", "var": 0.005, "params": {"diameter": 3, "sigma_i": 230, "sigma_s": 5, "name": "Bilateral"}, "name_den": "3227aa7653e176a130eb3cdc7d357842", "psnr": 28.78907271563004, "ssim": 0.6775534810541983}