{"path": "images\\brick-wall-1834446_640.jpg", "var": 0.005, "params": {"diameter": 7, "sigma_i": 50, "sigma_s": 7, "name": "Bilateral"}, "name_den": "322b343545b554d18b1448194c526f4c", "psnr": 26.054016902972123, "ssim": 0.6805105077765262}