{"path": "images\\kingfisher-2046453_640.jpg", "var": 0.005, "params": {"diameter": 3, "sigma_i": 130, "sigma_s": 7, "name": "Bilateral"}, "name_den": "3246df33d74c9fb36c59f7c0088befc1", "psnr": 28.658592125524763, "ssim": 0.6898156660030611}