{"path": "images\\man-164962_640.jpg", "var": 0.005, "params": {"diameter": 3, "sigma_i": 250, "sigma_s": 5, "name": "Bilateral"}, "name_den": "32685fa0dbe6777576e0daed53ab0d8a", "psnr": 29.348551496152115, "ssim": 0.7342332023028955}