{"path": "images\\guy-2617866_640.jpg", "var": 0.005, "params": {"diameter": 3, "sigma_i": 230, "sigma_s": 7, "name": "Bilateral"}, "name_den": "32aafaa2fb6da4fda9dbb24b1f1eca2f", "psnr": 29.569061942485536, "ssim": 0.6832610895952304}