{"path": "images\\brick-wall-1834446_640.jpg", "var": 0.005, "params": {"diameter": 7, "sigma_i": 90, "sigma_s": 7, "name": "Bilateral"}, "name_den": "32ca9787356b4b208a2b58755724c75a", "psnr": 23.964535008594407, "ssim": 0.5855159242842501}