{"path": "images\\man-164962_640.jpg", "var": 0.005, "params": {"diameter": 3, "sigma_i": 90, "sigma_s": 7, "name": "Bilateral"}, "name_den": "343a5c6c06f9bb641c118340822c9c1d", "psnr": 29.713170563797476, "ssim": 0.7391903502180543}