{"path": "images\\brick-wall-1834446_640.jpg", "var": 0.005, "params": {"diameter": 3, "sigma_i": 230, "sigma_s": 3, "name": "Bilateral"}, "name_den": "34404e9cc61f665d4993ef229ce2606c", "psnr": 23.382235397433554, "ssim": 0.516543460666983}