{"path": "images\\architecture-3076685_640.jpg", "var": 0.005, "params": {"diameter": 7, "sigma_i": 50, "sigma_s": 5, "name": "Bilateral"}, "name_den": "3481ed4c465c36b617701e648d00f774", "psnr": 26.675587075471732, "ssim": 0.6562215023333972}