{"path": "images\\architecture-3076685_640.jpg", "var": 0.005, "params": {"diameter": 7, "sigma_i": 130, "sigma_s": 3, "name": "Bilateral"}, "name_den": "361bfd7d7ffde3db26befa1da873c8ca", "psnr": 24.833754407235595, "ssim": 0.5416391614611947}