{"path": "images\\man-164962_640.jpg", "var": 0.005, "params": {"diameter": 7, "sigma_i": 190, "sigma_s": 7, "name": "Bilateral"}, "name_den": "366c037a9ccd92d353e60b072fa9bc6c", "psnr": 27.631573705753315, "ssim": 0.7480705781021003}