{"path": "images\\kingfisher-2046453_640.jpg", "var": 0.005, "params": {"diameter": 3, "sigma_i": 230, "sigma_s": 7, "name": "Bilateral"}, "name_den": "36e5721556cd8f257e374c9588c782d3", "psnr": 28.296630566058404, "ssim": 0.6859401926213221}