{"path": "images\\brick-wall-1834446_640.jpg", "var": 0.005, "params": {"diameter": 7, "sigma_i": 110, "sigma_s": 5, "name": "Bilateral"}, "name_den": "3748e7c03c83e59b3cd8f60898c916c3", "psnr": 23.47314242603555, "ssim": 0.5574078811560205}