{"path": "images\\kingfisher-2046453_640.jpg", "var": 0.005, "params": {"diameter": 5, "sigma_i": 230, "sigma_s": 5, "name": "Bilateral"}, "name_den": "3766c73887e7c7146508fffc6cc9c0fe", "psnr": 27.495763893866638, "ssim": 0.8055460464760095}