{"path": "images\\guy-2617866_640.jpg", "var": 0.005, "params": {"diameter": 5, "sigma_i": 250, "sigma_s": 1, "name": "Bilateral"}, "name_den": "37ab31239c4c58e243b55990def87b38", "psnr": 28.82745783323397, "ssim": 0.7488421602011255}