{"path": "images\\kingfisher-2046453_640.jpg", "var": 0.005, "params": {"diameter": 3, "sigma_i": 210, "sigma_s": 1, "name": "Bilateral"}, "name_den": "37c015529e687198cfb1bf5c6a08e651", "psnr": 28.29659818487911, "ssim": 0.6564386222588102}