{"path": "images\\man-164962_640.jpg", "var": 0.005, "params": {"diameter": 5, "sigma_i": 110, "sigma_s": 1, "name": "Bilateral"}, "name_den": "37e407cabcec25666f90f5f98a831543", "psnr": 28.89461089335398, "ssim": 0.7462388501698226}