{"path": "images\\guy-2617866_640.jpg", "var": 0.005, "params": {"diameter": 7, "sigma_i": 70, "sigma_s": 7, "name": "Bilateral"}, "name_den": "380d50b083bfcbeb3a398c1022b8048f", "psnr": 30.976468506086427, "ssim": 0.8516593690530073}