{"path": "images\\architecture-3076685_640.jpg", "var": 0.005, "params": {"diameter": 3, "sigma_i": 250, "sigma_s": 1, "name": "Bilateral"}, "name_den": "381c5e8a35e8fe06a4154aff4f2ebfda", "psnr": 26.272904644465186, "ssim": 0.6432293078848131}