{"path": "images\\forest-1031022_640.jpg", "var": 0.005, "params": {"diameter": 5, "sigma_i": 50, "sigma_s": 3, "name": "Bilateral"}, "name_den": "381e088cf1b85b56e1123dcf5bdaa70e", "psnr": 29.64329531022028, "ssim": 0.738271040667569}