{"path": "images\\guy-2617866_640.jpg", "var": 0.005, "params": {"diameter": 5, "sigma_i": 190, "sigma_s": 5, "name": "Bilateral"}, "name_den": "38a220080daa0faaa81e988f7aef92c6", "psnr": 28.919437885796277, "ssim": 0.7977795436500285}