{"path": "images\\guy-2617866_640.jpg", "var": 0.005, "params": {"diameter": 7, "sigma_i": 110, "sigma_s": 5, "name": "Bilateral"}, "name_den": "390be5a76fe75b91320509a4141bd6d1", "psnr": 29.327811959714758, "ssim": 0.8433209409451908}