{"path": "images\\brick-wall-1834446_640.jpg", "var": 0.005, "params": {"diameter": 7, "sigma_i": 130, "sigma_s": 5, "name": "Bilateral"}, "name_den": "3920b9e8c022c7169192cff95cbce95f", "psnr": 23.1622790545053, "ssim": 0.5400091270450513}