{"path": "images\\man-164962_640.jpg", "var": 0.005, "params": {"diameter": 7, "sigma_i": 250, "sigma_s": 7, "name": "Bilateral"}, "name_den": "393327c0d1468a1b73c3d2851a1f6d64", "psnr": 27.48068270558777, "ssim": 0.7453981545627576}