{"path": "images\\brick-wall-1834446_640.jpg", "var": 0.005, "params": {"diameter": 5, "sigma_i": 70, "sigma_s": 7, "name": "Bilateral"}, "name_den": "394feedecbad19983f75db7ad282fecf", "psnr": 23.929719534015014, "ssim": 0.5579553488280609}