{"path": "images\\forest-1031022_640.jpg", "var": 0.005, "params": {"diameter": 5, "sigma_i": 190, "sigma_s": 7, "name": "Bilateral"}, "name_den": "39888c8bf6f5d034b2aa430bb4d2a6f6", "psnr": 28.032487526592156, "ssim": 0.6920494978228572}