{"path": "images\\kingfisher-2046453_640.jpg", "var": 0.005, "params": {"diameter": 5, "sigma_i": 130, "sigma_s": 3, "name": "Bilateral"}, "name_den": "399bc7e2739374f30a44a20303b55e2c", "psnr": 28.191808020257398, "ssim": 0.8126473626008867}