{"path": "images\\guy-2617866_640.jpg", "var": 0.005, "params": {"diameter": 7, "sigma_i": 190, "sigma_s": 5, "name": "Bilateral"}, "name_den": "39b14c8d225fb69cf5deb91d0944fc09", "psnr": 27.929815692744235, "ssim": 0.8309761889830112}