{"path": "images\\brick-wall-1834446_640.jpg", "var": 0.005, "params": {"diameter": 7, "sigma_i": 210, "sigma_s": 5, "name": "Bilateral"}, "name_den": "39e866a78b7e8b3f1716a80b1be958e0", "psnr": 22.620148268183733, "ssim": 0.5077818333683509}