{"path": "images\\forest-1031022_640.jpg", "var": 0.005, "params": {"diameter": 7, "sigma_i": 230, "sigma_s": 5, "name": "Bilateral"}, "name_den": "3a8e68e735502fa7413ff8316983d563", "psnr": 27.4141412491692, "ssim": 0.6761436880159701}