{"path": "images\\brick-wall-1834446_640.jpg", "var": 0.005, "params": {"diameter": 7, "sigma_i": 170, "sigma_s": 5, "name": "Bilateral"}, "name_den": "3a9553fc1cd65dfc28d82a3b50457636", "psnr": 22.805671458024577, "ssim": 0.5188313830467678}