{"path": "images\\guy-2617866_640.jpg", "var": 0.005, "params": {"diameter": 3, "sigma_i": 150, "sigma_s": 5, "name": "Bilateral"}, "name_den": "3afb822cc74f318a5a6526a3526c1bf0", "psnr": 29.857691274968623, "ssim": 0.6844194787685911}