{"path": "images\\forest-1031022_640.jpg", "var": 0.005, "params": {"diameter": 7, "sigma_i": 110, "sigma_s": 5, "name": "Bilateral"}, "name_den": "3b7609a0b1c4671a350e5f28bf82f868", "psnr": 27.893650276217944, "ssim": 0.6984215676477782}