{"path": "images\\brick-wall-1834446_640.jpg", "var": 0.005, "params": {"diameter": 5, "sigma_i": 90, "sigma_s": 7, "name": "Bilateral"}, "name_den": "3ba7a5f577dc1f00e91bf6fe6c924eea", "psnr": 23.18239343031507, "ssim": 0.5106036842657984}