{"path": "images\\forest-1031022_640.jpg", "var": 0.005, "params": {"diameter": 7, "sigma_i": 190, "sigma_s": 5, "name": "Bilateral"}, "name_den": "3c687fb7a9f3118c33031f7eebb8e5d8", "psnr": 27.491990196874468, "ssim": 0.6799247090014037}