{"path": "images\\architecture-3076685_640.jpg", "var": 0.005, "params": {"diameter": 3, "sigma_i": 230, "sigma_s": 3, "name": "Bilateral"}, "name_den": "3d413e5379706f9107ff7a22ecaf2604", "psnr": 26.246658549239648, "ssim": 0.6426184290466553}