{"path": "images\\forest-1031022_640.jpg", "var": 0.005, "params": {"diameter": 5, "sigma_i": 250, "sigma_s": 5, "name": "Bilateral"}, "name_den": "3d5a4628dd19385bd831425c547b6d68", "psnr": 27.95804944355894, "ssim": 0.6898684395752565}