{"path": "images\\guy-2617866_640.jpg", "var": 0.005, "params": {"diameter": 5, "sigma_i": 230, "sigma_s": 7, "name": "Bilateral"}, "name_den": "3d9d1d5a7999005ab3b315f785c0bc63", "psnr": 28.661554796686104, "ssim": 0.7956939579249162}