{"path": "images\\kingfisher-2046453_640.jpg", "var": 0.005, "params": {"diameter": 7, "sigma_i": 130, "sigma_s": 7, "name": "Bilateral"}, "name_den": "3da5281c068c241e708129feb89f88dd", "psnr": 27.46398655315812, "ssim": 0.8473964221470275}