{"path": "images\\architecture-3076685_640.jpg", "var": 0.005, "params": {"diameter": 3, "sigma_i": 70, "sigma_s": 3, "name": "Bilateral"}, "name_den": "3dcdc5ea1a57016404c67fb307d3c7e3", "psnr": 27.10653315483729, "ssim": 0.6838055062539072}