{"path": "images\\architecture-3076685_640.jpg", "var": 0.005, "params": {"diameter": 5, "sigma_i": 210, "sigma_s": 1, "name": "Bilateral"}, "name_den": "3dda0e83b8caaf06c8ae30d56f1dac36", "psnr": 25.272395601235175, "ssim": 0.5807289851179904}