{"path": "images\\forest-1031022_640.jpg", "var": 0.005, "params": {"diameter": 3, "sigma_i": 190, "sigma_s": 7, "name": "Bilateral"}, "name_den": "3dfe9a74ce045f35fd2d317339724e08", "psnr": 28.812566854695135, "ssim": 0.6774689202847339}