{"path": "images\\kingfisher-2046453_640.jpg", "var": 0.005, "params": {"diameter": 3, "sigma_i": 230, "sigma_s": 1, "name": "Bilateral"}, "name_den": "3e00ecb66bd021c5d242fe907e77abad", "psnr": 28.262469175425377, "ssim": 0.6563283892970838}