{"path": "images\\architecture-3076685_640.jpg", "var": 0.005, "params": {"diameter": 5, "sigma_i": 210, "sigma_s": 7, "name": "Bilateral"}, "name_den": "3e496791ceff24248b9537921366c1e1", "psnr": 25.009444130805512, "ssim": 0.559843014129975}