{"path": "images\\kingfisher-2046453_640.jpg", "var": 0.005, "params": {"diameter": 7, "sigma_i": 210, "sigma_s": 1, "name": "Bilateral"}, "name_den": "3e4961385e3f7ad770f0f3c6b418c75a", "psnr": 27.172309482935596, "ssim": 0.7787697120476111}