{"path": "images\\man-164962_640.jpg", "var": 0.005, "params": {"diameter": 7, "sigma_i": 70, "sigma_s": 1, "name": "Bilateral"}, "name_den": "3fec5ab2fbf4cb0ee77bce42fd201fd1", "psnr": 29.067085661739757, "ssim": 0.7565531388100125}