{"path": "images\\guy-2617866_640.jpg", "var": 0.005, "params": {"diameter": 5, "sigma_i": 90, "sigma_s": 1, "name": "Bilateral"}, "name_den": "3ff8827b73db3668597e45f92d4ec338", "psnr": 30.407855624589068, "ssim": 0.7576313594239849}