{"path": "images\\kingfisher-2046453_640.jpg", "var": 0.005, "params": {"diameter": 3, "sigma_i": 150, "sigma_s": 1, "name": "Bilateral"}, "name_den": "401fa1801971c8dde5c40fb02b8ba989", "psnr": 28.46682487062634, "ssim": 0.6576504655340788}