{"path": "images\\brick-wall-1834446_640.jpg", "var": 0.005, "params": {"diameter": 3, "sigma_i": 150, "sigma_s": 5, "name": "Bilateral"}, "name_den": "4088bc74d768c2e20e13493f41b7fa79", "psnr": 23.64296210361424, "ssim": 0.530186699208973}