{"path": "images\\architecture-3076685_640.jpg", "var": 0.005, "params": {"diameter": 3, "sigma_i": 70, "sigma_s": 7, "name": "Bilateral"}, "name_den": "4093b1bd0abcf08117c4cb6592ce84b3", "psnr": 27.076714603193533, "ssim": 0.6820706332190435}