{"path": "images\\brick-wall-1834446_640.jpg", "var": 0.005, "params": {"diameter": 5, "sigma_i": 150, "sigma_s": 3, "name": "Bilateral"}, "name_den": "40eca990afd7d31f80672c3ecf2ea31a", "psnr": 22.328665448113373, "ssim": 0.45396298643382554}