{"path": "images\\brick-wall-1834446_640.jpg", "var": 0.005, "params": {"diameter": 3, "sigma_i": 250, "sigma_s": 1, "name": "Bilateral"}, "name_den": "417f6868731bc28ad0fe7b5a4a2beb0d", "psnr": 23.515916125893632, "ssim": 0.5184963439658091}