{"path": "images\\guy-2617866_640.jpg", "var": 0.005, "params": {"diameter": 7, "sigma_i": 170, "sigma_s": 3, "name": "Bilateral"}, "name_den": "424fe57f8932132121b7fbc61ef926af", "psnr": 28.24706695748551, "ssim": 0.8331372310785449}