{"path": "images\\brick-wall-1834446_640.jpg", "var": 0.005, "params": {"diameter": 3, "sigma_i": 210, "sigma_s": 1, "name": "Bilateral"}, "name_den": "42658c30341999d78e10f35b8901e669", "psnr": 23.595904049420746, "ssim": 0.5227427385940491}