{"path": "images\\forest-1031022_640.jpg", "var": 0.005, "params": {"diameter": 3, "sigma_i": 50, "sigma_s": 3, "name": "Bilateral"}, "name_den": "427493821628dcc91213010dac9bf5b4", "psnr": 29.42687359522276, "ssim": 0.6877109528035525}