{"path": "images\\guy-2617866_640.jpg", "var": 0.005, "params": {"diameter": 7, "sigma_i": 130, "sigma_s": 3, "name": "Bilateral"}, "name_den": "42acbd927024388927c31b1b94b0e1cd", "psnr": 28.91723468823742, "ssim": 0.8392257151470948}