{"path": "images\\brick-wall-1834446_640.jpg", "var": 0.005, "params": {"diameter": 3, "sigma_i": 110, "sigma_s": 1, "name": "Bilateral"}, "name_den": "42b33e018eb489bd5152dad66db9d0fb", "psnr": 24.23225922837455, "ssim": 0.5539258332100907}