{"path": "images\\forest-1031022_640.jpg", "var": 0.005, "params": {"diameter": 7, "sigma_i": 250, "sigma_s": 7, "name": "Bilateral"}, "name_den": "42c832b8e0b4488cd9b73cb53bb50fc8", "psnr": 27.369309094049562, "ssim": 0.6729815697619209}