{"path": "images\\forest-1031022_640.jpg", "var": 0.005, "params": {"diameter": 7, "sigma_i": 230, "sigma_s": 1, "name": "Bilateral"}, "name_den": "43033ca602306208d188e79cc04bd4c3", "psnr": 27.699796712751322, "ssim": 0.6645374278346794}