{"path": "images\\kingfisher-2046453_640.jpg", "var": 0.005, "params": {"diameter": 5, "sigma_i": 50, "sigma_s": 7, "name": "Bilateral"}, "name_den": "43a36bcdf23d1bd24ba9a1742ec35eeb", "psnr": 30.279810821084993, "ssim": 0.8077369738521264}