{"path": "images\\architecture-3076685_640.jpg", "var": 0.005, "params": {"diameter": 5, "sigma_i": 210, "sigma_s": 3, "name": "Bilateral"}, "name_den": "43cf45d22172b325b93b02ee8c1e438a", "psnr": 25.068759757372163, "ssim": 0.5648370581256006}