{"path": "images\\kingfisher-2046453_640.jpg", "var": 0.005, "params": {"diameter": 3, "sigma_i": 150, "sigma_s": 5, "name": "Bilateral"}, "name_den": "43d110bf2b6db78aa01c1cc16848a809", "psnr": 28.558497370869958, "ssim": 0.6902905289712716}