{"path": "images\\guy-2617866_640.jpg", "var": 0.005, "params": {"diameter": 5, "sigma_i": 70, "sigma_s": 3, "name": "Bilateral"}, "name_den": "44123380a8606b77fabff3f0c170e962", "psnr": 31.29952549344572, "ssim": 0.8093061666367785}