{"path": "images\\brick-wall-1834446_640.jpg", "var": 0.005, "params": {"diameter": 7, "sigma_i": 170, "sigma_s": 7, "name": "Bilateral"}, "name_den": "44bc0bdf5d7e370953da754d1ff317c0", "psnr": 22.810255334019892, "ssim": 0.5196341526560134}