{"path": "images\\guy-2617866_640.jpg", "var": 0.005, "params": {"diameter": 7, "sigma_i": 130, "sigma_s": 5, "name": "Bilateral"}, "name_den": "44be9a06f0cf53971935a31bb4a3d714", "psnr": 28.801056355883222, "ssim": 0.8388905737635869}