{"path": "images\\brick-wall-1834446_640.jpg", "var": 0.005, "params": {"diameter": 3, "sigma_i": 90, "sigma_s": 1, "name": "Bilateral"}, "name_den": "44f688c86b1a0b1cd80cc535a7d4bde4", "psnr": 24.59520951753422, "ssim": 0.5718865360195542}