{"path": "images\\brick-wall-1834446_640.jpg", "var": 0.005, "params": {"diameter": 3, "sigma_i": 50, "sigma_s": 1, "name": "Bilateral"}, "name_den": "454ea57941e1386108e0eace027f39b0", "psnr": 26.06347914889673, "ssim": 0.6280499742152181}