{"path": "images\\architecture-3076685_640.jpg", "var": 0.005, "params": {"diameter": 7, "sigma_i": 70, "sigma_s": 5, "name": "Bilateral"}, "name_den": "46d733fe7dc954171c96f719d092e14d", "psnr": 25.77696795316133, "ssim": 0.6015683155442758}