{"path": "images\\guy-2617866_640.jpg", "var": 0.005, "params": {"diameter": 5, "sigma_i": 190, "sigma_s": 3, "name": "Bilateral"}, "name_den": "472f972a82f75da98c77b4e9da05197d", "psnr": 28.97794451676851, "ssim": 0.7972936289811207}