{"path": "images\\forest-1031022_640.jpg", "var": 0.005, "params": {"diameter": 3, "sigma_i": 250, "sigma_s": 5, "name": "Bilateral"}, "name_den": "47635b2008a43e6e0e2db246e62302b2", "psnr": 28.75450200301373, "ssim": 0.6755935512225548}