{"path": "images\\man-164962_640.jpg", "var": 0.005, "params": {"diameter": 3, "sigma_i": 70, "sigma_s": 7, "name": "Bilateral"}, "name_den": "4779d94e4e165dbc58c2c56c9c7cd6d4", "psnr": 29.88173479197627, "ssim": 0.7415868699928957}