{"path": "images\\kingfisher-2046453_640.jpg", "var": 0.005, "params": {"diameter": 3, "sigma_i": 130, "sigma_s": 3, "name": "Bilateral"}, "name_den": "4799e61947a18b059c2e9288e8094374", "psnr": 28.67931682120986, "ssim": 0.6891991402829767}