{"path": "images\\kingfisher-2046453_640.jpg", "var": 0.005, "params": {"diameter": 3, "sigma_i": 90, "sigma_s": 3, "name": "Bilateral"}, "name_den": "47a96ec93aa039d3c271ee7a5ef3f0b3", "psnr": 29.067192059268034, "ssim": 0.69172406620818}