{"path": "images\\architecture-3076685_640.jpg", "var": 0.005, "params": {"diameter": 3, "sigma_i": 130, "sigma_s": 3, "name": "Bilateral"}, "name_den": "47f07706dead487375db45438dc81824", "psnr": 26.487881131163142, "ssim": 0.6547051324370292}