{"path": "images\\man-164962_640.jpg", "var": 0.005, "params": {"diameter": 7, "sigma_i": 50, "sigma_s": 3, "name": "Bilateral"}, "name_den": "4830f6b878d4b2042877188f49269838", "psnr": 29.67579342644063, "ssim": 0.7843164606865565}