{"path": "images\\brick-wall-1834446_640.jpg", "var": 0.005, "params": {"diameter": 7, "sigma_i": 190, "sigma_s": 1, "name": "Bilateral"}, "name_den": "4872354e0a9565800bdc53157c55806d", "psnr": 22.659433025311046, "ssim": 0.48551092446283994}