{"path": "images\\forest-1031022_640.jpg", "var": 0.005, "params": {"diameter": 5, "sigma_i": 70, "sigma_s": 5, "name": "Bilateral"}, "name_den": "489e0ab14ac0d8b17b7d62f68091c03a", "psnr": 29.056584444000034, "ssim": 0.7287682851409804}