{"path": "images\\guy-2617866_640.jpg", "var": 0.005, "params": {"diameter": 5, "sigma_i": 250, "sigma_s": 3, "name": "Bilateral"}, "name_den": "48cd1d0aa11035b1ab0fa34b16c4f27a", "psnr": 28.682626043038027, "ssim": 0.7960481446955114}