{"path": "images\\brick-wall-1834446_640.jpg", "var": 0.005, "params": {"diameter": 7, "sigma_i": 110, "sigma_s": 7, "name": "Bilateral"}, "name_den": "48d7a6046e768e2203a2a93a90d6b44a", "psnr": 23.472076287662635, "ssim": 0.5577187354885037}