{"path": "images\\brick-wall-1834446_640.jpg", "var": 0.005, "params": {"diameter": 3, "sigma_i": 170, "sigma_s": 1, "name": "Bilateral"}, "name_den": "4989a3a4dd42425770fb4a07ee6a5c6d", "psnr": 23.731239875469697, "ssim": 0.5288610472172685}