{"path": "images\\architecture-3076685_640.jpg", "var": 0.005, "params": {"diameter": 7, "sigma_i": 230, "sigma_s": 5, "name": "Bilateral"}, "name_den": "498b4db12aa0df9a9d067c2e9f28635e", "psnr": 24.42003580579324, "ssim": 0.5134397564421959}