{"path": "images\\guy-2617866_640.jpg", "var": 0.005, "params": {"diameter": 3, "sigma_i": 50, "sigma_s": 3, "name": "Bilateral"}, "name_den": "49b6f39fdd45f360a5ad8201237ece6a", "psnr": 30.69515412824319, "ssim": 0.6731387597901689}