{"path": "images\\guy-2617866_640.jpg", "var": 0.005, "params": {"diameter": 3, "sigma_i": 90, "sigma_s": 7, "name": "Bilateral"}, "name_den": "4a113d83de253f16e002dea53dde4543", "psnr": 30.38928385804458, "ssim": 0.6879822676586169}