{"path": "images\\architecture-3076685_640.jpg", "var": 0.005, "params": {"diameter": 5, "sigma_i": 230, "sigma_s": 3, "name": "Bilateral"}, "name_den": "4a2e1658bdd8b444427af9304ad228a8", "psnr": 25.042702944230125, "ssim": 0.5639937611610172}