{"path": "images\\kingfisher-2046453_640.jpg", "var": 0.005, "params": {"diameter": 3, "sigma_i": 250, "sigma_s": 7, "name": "Bilateral"}, "name_den": "4ae189198dc84cc1fbfe6d98f4e0669d", "psnr": 28.269731098062046, "ssim": 0.6855283352648459}