{"path": "images\\forest-1031022_640.jpg", "var": 0.005, "params": {"diameter": 7, "sigma_i": 70, "sigma_s": 3, "name": "Bilateral"}, "name_den": "4af61e368a7edf575e759e640587cad8", "psnr": 28.68402522074557, "ssim": 0.7288318765381513}