{"path": "images\\forest-1031022_640.jpg", "var": 0.005, "params": {"diameter": 5, "sigma_i": 110, "sigma_s": 1, "name": "Bilateral"}, "name_den": "4b151835033f90f84c9c7d3786c8613a", "psnr": 28.48895827208045, "ssim": 0.6894340860801219}