{"path": "images\\man-164962_640.jpg", "var": 0.005, "params": {"diameter": 3, "sigma_i": 110, "sigma_s": 7, "name": "Bilateral"}, "name_den": "4b5cb91255d375348dab46a26b8f0cb0", "psnr": 29.60322185669957, "ssim": 0.7374007570673197}