{"path": "images\\forest-1031022_640.jpg", "var": 0.005, "params": {"diameter": 3, "sigma_i": 150, "sigma_s": 5, "name": "Bilateral"}, "name_den": "4b6f281612f3c92eef6096c28d468ebe", "psnr": 28.889773137741415, "ssim": 0.6806193130570027}