{"path": "images\\man-164962_640.jpg", "var": 0.005, "params": {"diameter": 7, "sigma_i": 230, "sigma_s": 1, "name": "Bilateral"}, "name_den": "4b7b85f1daa363eac599fbb56a72b747", "psnr": 27.773374679677488, "ssim": 0.7330026781217395}