{"path": "images\\forest-1031022_640.jpg", "var": 0.005, "params": {"diameter": 7, "sigma_i": 150, "sigma_s": 5, "name": "Bilateral"}, "name_den": "4c289bc94fdcd27b0bbe2112efb4f2d8", "psnr": 27.61439574480552, "ssim": 0.6855346328124031}