{"path": "images\\brick-wall-1834446_640.jpg", "var": 0.005, "params": {"diameter": 3, "sigma_i": 130, "sigma_s": 7, "name": "Bilateral"}, "name_den": "4c74d615548dd274158b7f292f9a4c5b", "psnr": 23.80240674035538, "ssim": 0.539078820873214}