{"path": "images\\architecture-3076685_640.jpg", "var": 0.005, "params": {"diameter": 3, "sigma_i": 210, "sigma_s": 1, "name": "Bilateral"}, "name_den": "4cedbcd702f2271c39cc2a6ad16fd52e", "psnr": 26.308710681959973, "ssim": 0.645334537277909}