{"path": "images\\brick-wall-1834446_640.jpg", "var": 0.005, "params": {"diameter": 5, "sigma_i": 130, "sigma_s": 1, "name": "Bilateral"}, "name_den": "4cef7018479030d5bd9ceade7d7b5bf0", "psnr": 22.71326799048595, "ssim": 0.47200800394821524}