{"path": "images\\kingfisher-2046453_640.jpg", "var": 0.005, "params": {"diameter": 3, "sigma_i": 170, "sigma_s": 3, "name": "Bilateral"}, "name_den": "4d65b2990e9fb53442ef4c7b5732d2ce", "psnr": 28.476507688770965, "ssim": 0.6873934762255222}