{"path": "images\\man-164962_640.jpg", "var": 0.005, "params": {"diameter": 7, "sigma_i": 170, "sigma_s": 1, "name": "Bilateral"}, "name_den": "4d9a23d142796afe77fed1b9b37e442f", "psnr": 27.956435707024745, "ssim": 0.7366604987105406}