{"path": "images\\man-164962_640.jpg", "var": 0.005, "params": {"diameter": 3, "sigma_i": 210, "sigma_s": 3, "name": "Bilateral"}, "name_den": "4ed32cb05cf08090dd76bfb9fe7a3a79", "psnr": 29.387223578296787, "ssim": 0.7337996961445804}