{"path": "images\\man-164962_640.jpg", "var": 0.005, "params": {"diameter": 5, "sigma_i": 170, "sigma_s": 7, "name": "Bilateral"}, "name_den": "4ee2db55db30edb0e6a3c2b8d4e389c7", "psnr": 28.552012376010932, "ssim": 0.755790294652468}