{"path": "images\\brick-wall-1834446_640.jpg", "var": 0.005, "params": {"diameter": 5, "sigma_i": 210, "sigma_s": 5, "name": "Bilateral"}, "name_den": "4f24eb8adf284e1e1cb98a88ba42a674", "psnr": 22.00857192087467, "ssim": 0.43241286256239314}