{"path": "images\\brick-wall-1834446_640.jpg", "var": 0.005, "params": {"diameter": 7, "sigma_i": 130, "sigma_s": 3, "name": "Bilateral"}, "name_den": "4f7efbe059b702fe7a3c3af7b300ffcf", "psnr": 23.145266638549597, "ssim": 0.5375967819507329}