{"path": "images\\man-164962_640.jpg", "var": 0.005, "params": {"diameter": 5, "sigma_i": 110, "sigma_s": 5, "name": "Bilateral"}, "name_den": "4fc2879f337b924296ace00d706e665a", "psnr": 28.955467655606775, "ssim": 0.7632244779197807}