{"path": "images\\guy-2617866_640.jpg", "var": 0.005, "params": {"diameter": 5, "sigma_i": 90, "sigma_s": 7, "name": "Bilateral"}, "name_den": "4fc7d09bdffb33571d372ac7b97cd6be", "psnr": 30.557529278580276, "ssim": 0.8087431527160979}