{"path": "images\\guy-2617866_640.jpg", "var": 0.005, "params": {"diameter": 3, "sigma_i": 90, "sigma_s": 1, "name": "Bilateral"}, "name_den": "50b97d83ba7cec71e2a9b5535152023b", "psnr": 30.043448578114734, "ssim": 0.6526935320937443}