{"path": "images\\architecture-3076685_640.jpg", "var": 0.005, "params": {"diameter": 7, "sigma_i": 150, "sigma_s": 7, "name": "Bilateral"}, "name_den": "50d8db0cfae7a24aadeadd339a89a071", "psnr": 24.629884130100915, "ssim": 0.5267151900747213}