{"path": "images\\brick-wall-1834446_640.jpg", "var": 0.005, "params": {"diameter": 7, "sigma_i": 250, "sigma_s": 3, "name": "Bilateral"}, "name_den": "513494d9c23f979b84ce2cf84024ec4e", "psnr": 22.500627701738125, "ssim": 0.4992696294536345}