{"path": "images\\guy-2617866_640.jpg", "var": 0.005, "params": {"diameter": 3, "sigma_i": 170, "sigma_s": 3, "name": "Bilateral"}, "name_den": "5195fff0bb8b173a056c09570eed35d4", "psnr": 29.784083683868424, "ssim": 0.6847786578522225}