{"path": "images\\kingfisher-2046453_640.jpg", "var": 0.005, "params": {"diameter": 3, "sigma_i": 90, "sigma_s": 5, "name": "Bilateral"}, "name_den": "5223753db38e3d0c13dced179df7c674", "psnr": 29.090729240455715, "ssim": 0.6940429429608379}