{"path": "images\\brick-wall-1834446_640.jpg", "var": 0.005, "params": {"diameter": 3, "sigma_i": 190, "sigma_s": 5, "name": "Bilateral"}, "name_den": "52280bd99c6fcf32c6298d2804375d0a", "psnr": 23.45643545909455, "ssim": 0.5200985260571271}