{"path": "images\\forest-1031022_640.jpg", "var": 0.005, "params": {"diameter": 7, "sigma_i": 50, "sigma_s": 3, "name": "Bilateral"}, "name_den": "523cb721ada2d4ed95697ab868cbf07b", "psnr": 29.404351516666452, "ssim": 0.7444555217275002}