{"path": "images\\architecture-3076685_640.jpg", "var": 0.005, "params": {"diameter": 7, "sigma_i": 170, "sigma_s": 7, "name": "Bilateral"}, "name_den": "52b1fe4eb5d558acd4b1a5365d32aa94", "psnr": 24.541963059255995, "ssim": 0.5212266877583568}