{"path": "images\\man-164962_640.jpg", "var": 0.005, "params": {"diameter": 7, "sigma_i": 110, "sigma_s": 1, "name": "Bilateral"}, "name_den": "52d8e900503322fb91c14a7b750c113d", "psnr": 28.41037954086472, "ssim": 0.7452913590374451}