{"path": "images\\guy-2617866_640.jpg", "var": 0.005, "params": {"diameter": 3, "sigma_i": 150, "sigma_s": 1, "name": "Bilateral"}, "name_den": "52f965ba25d1354a59793da0db0b0c3e", "psnr": 29.63127094169735, "ssim": 0.6523454066102028}