{"path": "images\\guy-2617866_640.jpg", "var": 0.005, "params": {"diameter": 7, "sigma_i": 110, "sigma_s": 3, "name": "Bilateral"}, "name_den": "5358c7a771d2bef3a41aebb148a10803", "psnr": 29.434691675377746, "ssim": 0.8432880290194156}