{"path": "images\\brick-wall-1834446_640.jpg", "var": 0.005, "params": {"diameter": 5, "sigma_i": 110, "sigma_s": 7, "name": "Bilateral"}, "name_den": "53f66005e010744bba4a0c3895eb1ab7", "psnr": 22.739077466474527, "ssim": 0.48117658569334987}