{"path": "images\\forest-1031022_640.jpg", "var": 0.005, "params": {"diameter": 7, "sigma_i": 210, "sigma_s": 3, "name": "Bilateral"}, "name_den": "5442179d580b8f787e33995b0359a4c9", "psnr": 27.523614569169098, "ssim": 0.6815277909232074}