{"path": "images\\nikita.png", "var": 0.005, "params": {"diameter": 3, "sigma_i": 50, "sigma_s": 1, "name": "Bilateral"}, "name_den": "54b95aa968324c047bc31de34a21c6dc", "psnr": 30.86227534476963, "ssim": 0.6606958971262064}