{"path": "images\\guy-2617866_640.jpg", "var": 0.005, "params": {"diameter": 5, "sigma_i": 130, "sigma_s": 3, "name": "Bilateral"}, "name_den": "54fbb1f07d84047428c5dd9053193a9a", "psnr": 29.678141938470695, "ssim": 0.8035422687968997}