{"path": "images\\guy-2617866_640.jpg", "var": 0.005, "params": {"diameter": 5, "sigma_i": 170, "sigma_s": 3, "name": "Bilateral"}, "name_den": "552a82df21e8dce8cd77970ae8fac80d", "psnr": 29.134389554056163, "ssim": 0.7991080535852563}