{"path": "images\\man-164962_640.jpg", "var": 0.005, "params": {"diameter": 3, "sigma_i": 110, "sigma_s": 1, "name": "Bilateral"}, "name_den": "554def31d13891f2e02117f2e6e273d0", "psnr": 29.295863587745004, "ssim": 0.717998451334987}