{"path": "images\\architecture-3076685_640.jpg", "var": 0.005, "params": {"diameter": 7, "sigma_i": 250, "sigma_s": 7, "name": "Bilateral"}, "name_den": "5561a3b1fa2b3caa87f52fac8d4bf4ca", "psnr": 24.373383866446172, "ssim": 0.5096633693694962}