{"path": "images\\kingfisher-2046453_640.jpg", "var": 0.005, "params": {"diameter": 5, "sigma_i": 250, "sigma_s": 1, "name": "Bilateral"}, "name_den": "5568dba55b3bfb2c8eb7e4190ecbcb6a", "psnr": 27.656714419785068, "ssim": 0.7548400833466036}