{"path": "images\\guy-2617866_640.jpg", "var": 0.005, "params": {"diameter": 7, "sigma_i": 110, "sigma_s": 7, "name": "Bilateral"}, "name_den": "55764c801e6b452fa117638c0f78f40c", "psnr": 29.264537964840216, "ssim": 0.8426275318385685}