{"path": "images\\brick-wall-1834446_640.jpg", "var": 0.005, "params": {"diameter": 3, "sigma_i": 70, "sigma_s": 7, "name": "Bilateral"}, "name_den": "564877a32779f543095a46fe65b06890", "psnr": 25.046248080202886, "ssim": 0.5998931255970297}