{"path": "images\\man-164962_640.jpg", "var": 0.005, "params": {"diameter": 3, "sigma_i": 210, "sigma_s": 1, "name": "Bilateral"}, "name_den": "564b5ead3419f9d8cd1ed64ddc29f864", "psnr": 29.096432112533105, "ssim": 0.7147332758348965}