{"path": "images\\architecture-3076685_640.jpg", "var": 0.005, "params": {"diameter": 3, "sigma_i": 210, "sigma_s": 3, "name": "Bilateral"}, "name_den": "564cc86466127f6d9bf8488e8305ab1f", "psnr": 26.268544804095555, "ssim": 0.6436983594209066}