{"path": "images\\man-164962_640.jpg", "var": 0.005, "params": {"diameter": 5, "sigma_i": 90, "sigma_s": 3, "name": "Bilateral"}, "name_den": "56d57fc736d44c8060f73d11a74bab27", "psnr": 29.24135044531735, "ssim": 0.7696516762349308}