{"path": "images\\forest-1031022_640.jpg", "var": 0.005, "params": {"diameter": 3, "sigma_i": 170, "sigma_s": 5, "name": "Bilateral"}, "name_den": "584608bde715c1b4114b4a4c0de6117b", "psnr": 28.860728118100724, "ssim": 0.6798765376533732}