{"path": "images\\kingfisher-2046453_640.jpg", "var": 0.005, "params": {"diameter": 7, "sigma_i": 230, "sigma_s": 3, "name": "Bilateral"}, "name_den": "58870e225a7830f0ae4be81bacbf3f69", "psnr": 26.790230509041997, "ssim": 0.8367548861345967}