{"path": "images\\architecture-3076685_640.jpg", "var": 0.005, "params": {"diameter": 5, "sigma_i": 110, "sigma_s": 5, "name": "Bilateral"}, "name_den": "58fcd8405647f6304114e55656389154", "psnr": 25.487703248103504, "ssim": 0.5889369138880138}