{"path": "images\\architecture-3076685_640.jpg", "var": 0.005, "params": {"diameter": 3, "sigma_i": 50, "sigma_s": 3, "name": "Bilateral"}, "name_den": "599379816109a208518ecdfecafa534c", "psnr": 27.559887352492805, "ssim": 0.7061826069662485}