{"path": "images\\forest-1031022_640.jpg", "var": 0.005, "params": {"diameter": 5, "sigma_i": 150, "sigma_s": 5, "name": "Bilateral"}, "name_den": "59c276eaf1c337b7298f0bcecfec524e", "psnr": 28.171854898875118, "ssim": 0.6984879338019274}