{"path": "images\\forest-1031022_640.jpg", "var": 0.005, "params": {"diameter": 3, "sigma_i": 230, "sigma_s": 1, "name": "Bilateral"}, "name_den": "5ac79bfa153b861d708acc568d6b1f76", "psnr": 28.516264881809942, "ssim": 0.6534551259603635}