{"path": "images\\architecture-3076685_640.jpg", "var": 0.005, "params": {"diameter": 3, "sigma_i": 230, "sigma_s": 7, "name": "Bilateral"}, "name_den": "5becabf4a7674aec707948516b45ad06", "psnr": 26.221512070829917, "ssim": 0.6415496532697682}