{"path": "images\\guy-2617866_640.jpg", "var": 0.005, "params": {"diameter": 3, "sigma_i": 210, "sigma_s": 7, "name": "Bilateral"}, "name_den": "5c118aef842d0eee62b3b568be34afe5", "psnr": 29.607781009978265, "ssim": 0.6830524820822701}