{"path": "images\\kingfisher-2046453_640.jpg", "var": 0.005, "params": {"diameter": 3, "sigma_i": 250, "sigma_s": 1, "name": "Bilateral"}, "name_den": "5c5148279368e7e6e12a682a0ff4581c", "psnr": 28.232851827748537, "ssim": 0.6557620216841062}