{"path": "images\\forest-1031022_640.jpg", "var": 0.005, "params": {"diameter": 3, "sigma_i": 50, "sigma_s": 1, "name": "Bilateral"}, "name_den": "5d5f60ab61571bbb3d2cac185862e458", "psnr": 29.00261252547516, "ssim": 0.6592190671709869}