{"path": "images\\architecture-3076685_640.jpg", "var": 0.005, "params": {"diameter": 3, "sigma_i": 50, "sigma_s": 7, "name": "Bilateral"}, "name_den": "5db1c87ac7ce5c721a9f41957c4d5aeb", "psnr": 27.546230174839863, "ssim": 0.7054762314614216}