{"path": "images\\man-164962_640.jpg", "var": 0.005, "params": {"diameter": 7, "sigma_i": 50, "sigma_s": 1, "name": "Bilateral"}, "name_den": "5e5c5f46043662ffd5dc0ffcf2c6232f", "psnr": 29.48034905450905, "ssim": 0.7587392319044307}