{"path": "images\\guy-2617866_640.jpg", "var": 0.005, "params": {"diameter": 5, "sigma_i": 130, "sigma_s": 7, "name": "Bilateral"}, "name_den": "5e5ef4807dd2d0f555310834f81783da", "psnr": 29.580291959828795, "ssim": 0.8027673197820357}