{"path": "images\\man-164962_640.jpg", "var": 0.005, "params": {"diameter": 3, "sigma_i": 70, "sigma_s": 5, "name": "Bilateral"}, "name_den": "5e80972db7ada8ce49291dc80ec83c53", "psnr": 29.865138735310154, "ssim": 0.7413299043389466}