{"path": "images\\guy-2617866_640.jpg", "var": 0.005, "params": {"diameter": 3, "sigma_i": 190, "sigma_s": 7, "name": "Bilateral"}, "name_den": "6000a7504facb39412ec5cfadd743aa1", "psnr": 29.69020393967478, "ssim": 0.6844047741871421}