{"path": "images\\kingfisher-2046453_640.jpg", "var": 0.005, "params": {"diameter": 7, "sigma_i": 110, "sigma_s": 1, "name": "Bilateral"}, "name_den": "6006cab315b61493b66fe5af6f13cd51", "psnr": 28.140749889988538, "ssim": 0.7893480983861004}