{"path": "images\\brick-wall-1834446_640.jpg", "var": 0.005, "params": {"diameter": 5, "sigma_i": 150, "sigma_s": 5, "name": "Bilateral"}, "name_den": "60508ffe9ebe24ee0b288413dcd7da5b", "psnr": 22.29425120842074, "ssim": 0.45183598141991776}