{"path": "images\\architecture-3076685_640.jpg", "var": 0.005, "params": {"diameter": 5, "sigma_i": 250, "sigma_s": 1, "name": "Bilateral"}, "name_den": "611bce42ef7339245ccefde785a277aa", "psnr": 25.215111654212564, "ssim": 0.5780699505649434}