{"path": "images\\kingfisher-2046453_640.jpg", "var": 0.005, "params": {"diameter": 7, "sigma_i": 250, "sigma_s": 1, "name": "Bilateral"}, "name_den": "61d60f6530cc05fabadb5f417c928f11", "psnr": 27.040188705903144, "ssim": 0.7769249169313847}