{"path": "images\\guy-2617866_640.jpg", "var": 0.005, "params": {"diameter": 5, "sigma_i": 50, "sigma_s": 1, "name": "Bilateral"}, "name_den": "61db1856694e31d70e210c6ce451a2d6", "psnr": 31.34318581087033, "ssim": 0.740845026774755}