{"path": "images\\guy-2617866_640.jpg", "var": 0.005, "params": {"diameter": 3, "sigma_i": 250, "sigma_s": 1, "name": "Bilateral"}, "name_den": "61e20cf375fd576fb79dec287deb0e79", "psnr": 29.369990416621352, "ssim": 0.651353923812624}