{"path": "images\\man-164962_640.jpg", "var": 0.005, "params": {"diameter": 5, "sigma_i": 190, "sigma_s": 7, "name": "Bilateral"}, "name_den": "61ea8e4bc459811a14338be9062af448", "psnr": 28.480383745188828, "ssim": 0.7537382080693206}