{"path": "images\\architecture-3076685_640.jpg", "var": 0.005, "params": {"diameter": 5, "sigma_i": 190, "sigma_s": 1, "name": "Bilateral"}, "name_den": "62447f0dbdce48db1e2a8bf737bdc8de", "psnr": 25.311111305477503, "ssim": 0.5835426984972025}