{"path": "images\\brick-wall-1834446_640.jpg", "var": 0.005, "params": {"diameter": 7, "sigma_i": 250, "sigma_s": 5, "name": "Bilateral"}, "name_den": "62a33efc89d75ae9d8768d19e0e065f7", "psnr": 22.51303166547453, "ssim": 0.5011280016605825}