{"path": "images\\brick-wall-1834446_640.jpg", "var": 0.005, "params": {"diameter": 7, "sigma_i": 150, "sigma_s": 5, "name": "Bilateral"}, "name_den": "62d54bd0b021568a60e7ec891cf267d5", "psnr": 22.946566580893467, "ssim": 0.5274591675555739}