{"path": "images\\brick-wall-1834446_640.jpg", "var": 0.005, "params": {"diameter": 7, "sigma_i": 250, "sigma_s": 1, "name": "Bilateral"}, "name_den": "6304aa951774899c75dee5863a9d932b", "psnr": 22.48003493900243, "ssim": 0.4746146338659196}