{"path": "images\\guy-2617866_640.jpg", "var": 0.005, "params": {"diameter": 3, "sigma_i": 130, "sigma_s": 7, "name": "Bilateral"}, "name_den": "6306ceb16cfc16c515c24e6b61077189", "psnr": 29.98866025595989, "ssim": 0.6854680047092371}