{"path": "images\\forest-1031022_640.jpg", "var": 0.005, "params": {"diameter": 5, "sigma_i": 130, "sigma_s": 1, "name": "Bilateral"}, "name_den": "636b7bf6ef68ece5fb20f3ac3f956305", "psnr": 28.348938724264727, "ssim": 0.6838129585455746}