{"path": "images\\man-164962_640.jpg", "var": 0.005, "params": {"diameter": 7, "sigma_i": 130, "sigma_s": 1, "name": "Bilateral"}, "name_den": "637a100fea96c9317cad3a2cf60e3832", "psnr": 28.199827099791897, "ssim": 0.7415446410967794}