{"path": "images\\guy-2617866_640.jpg", "var": 0.005, "params": {"diameter": 7, "sigma_i": 250, "sigma_s": 1, "name": "Bilateral"}, "name_den": "63c6e460ecff7d94b95dbd2cb25118ea", "psnr": 28.13232851590607, "ssim": 0.7730161742056189}