{"path": "images\\architecture-3076685_640.jpg", "var": 0.005, "params": {"diameter": 7, "sigma_i": 130, "sigma_s": 5, "name": "Bilateral"}, "name_den": "63c8c38eaec47e8d478ad6b212aeb6fe", "psnr": 24.774268972160172, "ssim": 0.5363946173279452}