{"path": "images\\kingfisher-2046453_640.jpg", "var": 0.005, "params": {"diameter": 5, "sigma_i": 210, "sigma_s": 3, "name": "Bilateral"}, "name_den": "63cf9e4b01f32276ca0f720197c1fa52", "psnr": 27.624308229861377, "ssim": 0.8063367803000902}