{"path": "images\\architecture-3076685_640.jpg", "var": 0.005, "params": {"diameter": 5, "sigma_i": 130, "sigma_s": 5, "name": "Bilateral"}, "name_den": "64008e80bb824b3d7da7102235d5c47d", "psnr": 25.307864265320195, "ssim": 0.5779646959308575}