{"path": "images\\forest-1031022_640.jpg", "var": 0.005, "params": {"diameter": 5, "sigma_i": 170, "sigma_s": 7, "name": "Bilateral"}, "name_den": "645f9c474f81e1170e9c3c90bbc34120", "psnr": 28.085352057399554, "ssim": 0.6944234147411663}