{"path": "images\\architecture-3076685_640.jpg", "var": 0.005, "params": {"diameter": 3, "sigma_i": 190, "sigma_s": 7, "name": "Bilateral"}, "name_den": "64c41518fecaac54971da613cde4fd16", "psnr": 26.270080507531883, "ssim": 0.6431967535904394}