{"path": "images\\forest-1031022_640.jpg", "var": 0.005, "params": {"diameter": 3, "sigma_i": 230, "sigma_s": 7, "name": "Bilateral"}, "name_den": "64ed3bad3140558c36424395bc51282b", "psnr": 28.775912281964207, "ssim": 0.6775051582787729}