{"path": "images\\man-164962_640.jpg", "var": 0.005, "params": {"diameter": 7, "sigma_i": 210, "sigma_s": 7, "name": "Bilateral"}, "name_den": "656832c1887d8aa612e527c26f3be23d", "psnr": 27.572031377146097, "ssim": 0.7469451559016503}