{"path": "images\\architecture-3076685_640.jpg", "var": 0.005, "params": {"diameter": 5, "sigma_i": 70, "sigma_s": 3, "name": "Bilateral"}, "name_den": "6619aeb5ef33a760585e7f16f91902f4", "psnr": 26.243134058044234, "ssim": 0.6339250656956603}