{"path": "images\\kingfisher-2046453_640.jpg", "var": 0.005, "params": {"diameter": 5, "sigma_i": 190, "sigma_s": 1, "name": "Bilateral"}, "name_den": "668928e34a87888a9bfc122c0ec7b582", "psnr": 27.849601882363324, "ssim": 0.7568218812682134}