{"path": "images\\forest-1031022_640.jpg", "var": 0.005, "params": {"diameter": 5, "sigma_i": 110, "sigma_s": 5, "name": "Bilateral"}, "name_den": "67544ec0f83a150c2b218c0bfcfe7958", "psnr": 28.435293558628324, "ssim": 0.7085630257159455}