{"path": "images\\guy-2617866_640.jpg", "var": 0.005, "params": {"diameter": 5, "sigma_i": 50, "sigma_s": 3, "name": "Bilateral"}, "name_den": "67908082cf89dcd45e1952c0aaacff9a", "psnr": 31.851079893226128, "ssim": 0.7950930977623215}