{"path": "images\\forest-1031022_640.jpg", "var": 0.005, "params": {"diameter": 5, "sigma_i": 250, "sigma_s": 1, "name": "Bilateral"}, "name_den": "6823c1730d3cb9f9db8854982f96b509", "psnr": 28.082520688665934, "ssim": 0.6748975176112371}