{"path": "images\\brick-wall-1834446_640.jpg", "var": 0.005, "params": {"diameter": 7, "sigma_i": 250, "sigma_s": 7, "name": "Bilateral"}, "name_den": "682e39e09df0a896a80491ea336be47a", "psnr": 22.514799208165847, "ssim": 0.5018118868351443}