{"path": "images\\brick-wall-1834446_640.jpg", "var": 0.005, "params": {"diameter": 5, "sigma_i": 250, "sigma_s": 5, "name": "Bilateral"}, "name_den": "684a1182d9b6914a5dbc48f40835d3be", "psnr": 21.913842471132895, "ssim": 0.4257810531308639}