{"path": "images\\kingfisher-2046453_640.jpg", "var": 0.005, "params": {"diameter": 3, "sigma_i": 70, "sigma_s": 3, "name": "Bilateral"}, "name_den": "6870a3abda9e2989f511e399e18b9c81", "psnr": 29.36803488704043, "ssim": 0.6915641849422353}