{"path": "images\\man-164962_640.jpg", "var": 0.005, "params": {"diameter": 3, "sigma_i": 130, "sigma_s": 5, "name": "Bilateral"}, "name_den": "6896644c8ca473aca9607f6b585ac2ae", "psnr": 29.530698792718706, "ssim": 0.7375340243854805}