{"path": "images\\guy-2617866_640.jpg", "var": 0.005, "params": {"diameter": 3, "sigma_i": 70, "sigma_s": 3, "name": "Bilateral"}, "name_den": "6898e4399b7d1212c28dbdbc92b8825d", "psnr": 30.60917350489165, "ssim": 0.6846347883860435}