{"path": "images\\architecture-3076685_640.jpg", "var": 0.005, "params": {"diameter": 5, "sigma_i": 110, "sigma_s": 3, "name": "Bilateral"}, "name_den": "68c260ae8f525d2328e4a8ca8875c9ac", "psnr": 25.51871800319697, "ssim": 0.5913493108610709}