{"path": "images\\brick-wall-1834446_640.jpg", "var": 0.005, "params": {"diameter": 3, "sigma_i": 230, "sigma_s": 1, "name": "Bilateral"}, "name_den": "68d45137cb88ec4ddeee471f9d2cedb2", "psnr": 23.54773971668953, "ssim": 0.519798439274561}