{"path": "images\\man-164962_640.jpg", "var": 0.005, "params": {"diameter": 7, "sigma_i": 90, "sigma_s": 1, "name": "Bilateral"}, "name_den": "693bfd933669dd7cf1d731c47dd58f3d", "psnr": 28.68478387705259, "ssim": 0.7501346926720339}