{"path": "images\\man-164962_640.jpg", "var": 0.005, "params": {"diameter": 7, "sigma_i": 70, "sigma_s": 5, "name": "Bilateral"}, "name_den": "696fa67b1bcae59f31c2b2180aa7e070", "psnr": 29.062936590085183, "ssim": 0.7771663224366087}