{"path": "images\\architecture-3076685_640.jpg", "var": 0.005, "params": {"diameter": 3, "sigma_i": 130, "sigma_s": 5, "name": "Bilateral"}, "name_den": "697020271ae8468d232e3695507819f3", "psnr": 26.450304086528043, "ssim": 0.6523923816473068}