{"path": "images\\kingfisher-2046453_640.jpg", "var": 0.005, "params": {"diameter": 7, "sigma_i": 190, "sigma_s": 7, "name": "Bilateral"}, "name_den": "69a93fb6a73331de6999377736949df2", "psnr": 26.8546700870356, "ssim": 0.8386732549305774}