{"path": "images\\architecture-3076685_640.jpg", "var": 0.005, "params": {"diameter": 3, "sigma_i": 110, "sigma_s": 5, "name": "Bilateral"}, "name_den": "69c3d0ec4d9cb82576da70f9a3838edb", "psnr": 26.577994182636132, "ssim": 0.6578647243404055}