{"path": "images\\kingfisher-2046453_640.jpg", "var": 0.005, "params": {"diameter": 5, "sigma_i": 250, "sigma_s": 3, "name": "Bilateral"}, "name_den": "69daf1831553922cb8f555957176e54e", "psnr": 27.503349454686067, "ssim": 0.8050532662770516}