{"path": "images\\architecture-3076685_640.jpg", "var": 0.005, "params": {"diameter": 7, "sigma_i": 70, "sigma_s": 1, "name": "Bilateral"}, "name_den": "69e22dae1035d55afa9bc899a23a5a5f", "psnr": 26.028395606449493, "ssim": 0.6173276171661416}