{"path": "images\\forest-1031022_640.jpg", "var": 0.005, "params": {"diameter": 7, "sigma_i": 150, "sigma_s": 1, "name": "Bilateral"}, "name_den": "69ee3570db190ffebcfc74cbb23654a9", "psnr": 27.87688143669851, "ssim": 0.6716659672800264}