{"path": "images\\guy-2617866_640.jpg", "var": 0.005, "params": {"diameter": 3, "sigma_i": 250, "sigma_s": 7, "name": "Bilateral"}, "name_den": "69fa576f413643ae6001aa89af326822", "psnr": 29.537588683543802, "ssim": 0.683123123348938}