{"path": "images\\man-164962_640.jpg", "var": 0.005, "params": {"diameter": 5, "sigma_i": 250, "sigma_s": 5, "name": "Bilateral"}, "name_den": "69ff7d47d53d778daa5bed6e85a15679", "psnr": 28.376641674813342, "ssim": 0.7520740737242155}