{"path": "images\\man-164962_640.jpg", "var": 0.005, "params": {"diameter": 7, "sigma_i": 150, "sigma_s": 3, "name": "Bilateral"}, "name_den": "6aaca1b631bef319dff9e9a845e85e9a", "psnr": 27.93439316737149, "ssim": 0.7556101997402291}