{"path": "images\\man-164962_640.jpg", "var": 0.005, "params": {"diameter": 7, "sigma_i": 230, "sigma_s": 3, "name": "Bilateral"}, "name_den": "6aead2babe8a92832d92993d1c662640", "psnr": 27.6209060605608, "ssim": 0.7498376050819849}