{"path": "images\\kingfisher-2046453_640.jpg", "var": 0.005, "params": {"diameter": 7, "sigma_i": 170, "sigma_s": 7, "name": "Bilateral"}, "name_den": "6b25d29ea56b6cd408f10b645736f746", "psnr": 26.993348088419165, "ssim": 0.8398943485172011}