{"path": "images\\architecture-3076685_640.jpg", "var": 0.005, "params": {"diameter": 3, "sigma_i": 170, "sigma_s": 5, "name": "Bilateral"}, "name_den": "6b69d6354cd5f52e31d3d45737849ab3", "psnr": 26.314081437456835, "ssim": 0.6457419308654856}