{"path": "images\\kingfisher-2046453_640.jpg", "var": 0.005, "params": {"diameter": 5, "sigma_i": 90, "sigma_s": 3, "name": "Bilateral"}, "name_den": "6b998c96142bfac08578df4b9187d7d0", "psnr": 28.947277307322086, "ssim": 0.8195099571888126}