{"path": "images\\kingfisher-2046453_640.jpg", "var": 0.005, "params": {"diameter": 7, "sigma_i": 190, "sigma_s": 3, "name": "Bilateral"}, "name_den": "6bab02101bc1e8f6b311759babf85e37", "psnr": 26.983462137782276, "ssim": 0.8397965782524488}