{"path": "images\\architecture-3076685_640.jpg", "var": 0.005, "params": {"diameter": 3, "sigma_i": 150, "sigma_s": 3, "name": "Bilateral"}, "name_den": "6beea1e25ea93445d701992867f2149e", "psnr": 26.391301831155218, "ssim": 0.6495068383035972}