{"path": "images\\guy-2617866_640.jpg", "var": 0.005, "params": {"diameter": 5, "sigma_i": 190, "sigma_s": 1, "name": "Bilateral"}, "name_den": "6c140ee461ea15a63aa092f35807e934", "psnr": 29.077682728529478, "ssim": 0.7508233600413793}