{"path": "images\\man-164962_640.jpg", "var": 0.005, "params": {"diameter": 7, "sigma_i": 130, "sigma_s": 5, "name": "Bilateral"}, "name_den": "6c581b10bc574ced1b0138b445267f4f", "psnr": 28.035547374767123, "ssim": 0.7568621740040443}