{"path": "images\\architecture-3076685_640.jpg", "var": 0.005, "params": {"diameter": 7, "sigma_i": 70, "sigma_s": 3, "name": "Bilateral"}, "name_den": "6cc0fa3b0b4b3fddae651b7df3fa95b1", "psnr": 25.84040927891184, "ssim": 0.6059286457372873}