{"path": "images\\forest-1031022_640.jpg", "var": 0.005, "params": {"diameter": 3, "sigma_i": 70, "sigma_s": 5, "name": "Bilateral"}, "name_den": "6d658d42a4af4ed227f98b3d9b297ce5", "psnr": 29.328335687310684, "ssim": 0.6914020518697788}