{"path": "images\\brick-wall-1834446_640.jpg", "var": 0.005, "params": {"diameter": 5, "sigma_i": 110, "sigma_s": 5, "name": "Bilateral"}, "name_den": "6e79c76153a61455af52dff38353a952", "psnr": 22.7562729562467, "ssim": 0.48262954905746064}