{"path": "images\\forest-1031022_640.jpg", "var": 0.005, "params": {"diameter": 5, "sigma_i": 250, "sigma_s": 7, "name": "Bilateral"}, "name_den": "6ed43f0e1129189bbd23258ad9f7be2b", "psnr": 27.943199795419403, "ssim": 0.6887590840037076}