{"path": "images\\brick-wall-1834446_640.jpg", "var": 0.005, "params": {"diameter": 5, "sigma_i": 190, "sigma_s": 3, "name": "Bilateral"}, "name_den": "703cedfae6c07b64d76c4a1dd8c6665d", "psnr": 22.11124557269903, "ssim": 0.4403164319310997}