{"path": "images\\architecture-3076685_640.jpg", "var": 0.005, "params": {"diameter": 3, "sigma_i": 170, "sigma_s": 7, "name": "Bilateral"}, "name_den": "709c66fd395955504d6231467b9e358f", "psnr": 26.314561136934618, "ssim": 0.6456859560880539}