{"path": "images\\forest-1031022_640.jpg", "var": 0.005, "params": {"diameter": 7, "sigma_i": 90, "sigma_s": 1, "name": "Bilateral"}, "name_den": "70fad04b0679a53acfdf7d21c639f8bb", "psnr": 28.37146707364687, "ssim": 0.6911541721320346}