{"path": "images\\man-164962_640.jpg", "var": 0.005, "params": {"diameter": 7, "sigma_i": 70, "sigma_s": 7, "name": "Bilateral"}, "name_den": "70fc21abbbf234e62fc5366add19c6e3", "psnr": 29.03477694149078, "ssim": 0.7767426533224749}