{"path": "images\\forest-1031022_640.jpg", "var": 0.005, "params": {"diameter": 7, "sigma_i": 150, "sigma_s": 7, "name": "Bilateral"}, "name_den": "71dddb97a4ebaa186d73a21950c11df0", "psnr": 27.597463064279843, "ssim": 0.6847684518915077}