{"path": "images\\man-164962_640.jpg", "var": 0.005, "params": {"diameter": 5, "sigma_i": 50, "sigma_s": 5, "name": "Bilateral"}, "name_den": "71dea187e408bcb9ae19f34e7b4f5909", "psnr": 29.95608047462963, "ssim": 0.776683328900669}