{"path": "images\\architecture-3076685_640.jpg", "var": 0.005, "params": {"diameter": 7, "sigma_i": 70, "sigma_s": 7, "name": "Bilateral"}, "name_den": "7252909770e57693b985be4629a0530a", "psnr": 25.768798965829184, "ssim": 0.6005548765160946}