{"path": "images\\forest-1031022_640.jpg", "var": 0.005, "params": {"diameter": 5, "sigma_i": 70, "sigma_s": 1, "name": "Bilateral"}, "name_den": "72e82eeda5a25394594b5f591525c03f", "psnr": 29.011236609599553, "ssim": 0.7035371825675449}