{"path": "images\\kingfisher-2046453_640.jpg", "var": 0.005, "params": {"diameter": 3, "sigma_i": 150, "sigma_s": 7, "name": "Bilateral"}, "name_den": "73073ecb3df559be9d21a27bbec65292", "psnr": 28.542934731419862, "ssim": 0.6886200387586218}