{"path": "images\\architecture-3076685_640.jpg", "var": 0.005, "params": {"diameter": 5, "sigma_i": 230, "sigma_s": 1, "name": "Bilateral"}, "name_den": "7360ebcee568fc73a4e72d1135e7fa5d", "psnr": 25.242486601371382, "ssim": 0.579450536786977}