{"path": "images\\brick-wall-1834446_640.jpg", "var": 0.005, "params": {"diameter": 7, "sigma_i": 230, "sigma_s": 7, "name": "Bilateral"}, "name_den": "73d6967476fc031647b05748c1fc24d7", "psnr": 22.566831936076845, "ssim": 0.5054538658686635}