{"path": "images\\man-164962_640.jpg", "var": 0.005, "params": {"diameter": 7, "sigma_i": 230, "sigma_s": 5, "name": "Bilateral"}, "name_den": "73f0cf1ebb5def1e94b656df63bfb642", "psnr": 27.542292396850986, "ssim": 0.7476173905338026}