{"path": "images\\guy-2617866_640.jpg", "var": 0.005, "params": {"diameter": 5, "sigma_i": 50, "sigma_s": 7, "name": "Bilateral"}, "name_den": "745804fb5605aac1a00f89d06a6e82c8", "psnr": 31.861408955190036, "ssim": 0.7976334480468065}