{"path": "images\\man-164962_640.jpg", "var": 0.005, "params": {"diameter": 7, "sigma_i": 170, "sigma_s": 3, "name": "Bilateral"}, "name_den": "74cdc4e4aa41a57d1de1baf377775813", "psnr": 27.823499090231735, "ssim": 0.7537224950401491}