{"path": "images\\forest-1031022_640.jpg", "var": 0.005, "params": {"diameter": 7, "sigma_i": 250, "sigma_s": 1, "name": "Bilateral"}, "name_den": "75d82bbfa3908659c6b6c635fbe2ce9f", "psnr": 27.66879133959393, "ssim": 0.6630077388134143}