{"path": "images\\man-164962_640.jpg", "var": 0.005, "params": {"diameter": 5, "sigma_i": 110, "sigma_s": 7, "name": "Bilateral"}, "name_den": "7633fcb02d8165b9fbcbd64a1512a841", "psnr": 28.934973255165684, "ssim": 0.7632866693542035}