{"path": "images\\forest-1031022_640.jpg", "var": 0.005, "params": {"diameter": 5, "sigma_i": 170, "sigma_s": 3, "name": "Bilateral"}, "name_den": "76a5eadd6a562c047b0d06fa68b6c6bd", "psnr": 28.146925105676388, "ssim": 0.69785870281736}