{"path": "images\\man-164962_640.jpg", "var": 0.005, "params": {"diameter": 5, "sigma_i": 70, "sigma_s": 3, "name": "Bilateral"}, "name_den": "76d58da238f006283af09ac9f405fe8a", "psnr": 29.594857265776678, "ssim": 0.7757304439558007}