{"path": "images\\man-164962_640.jpg", "var": 0.005, "params": {"diameter": 3, "sigma_i": 190, "sigma_s": 7, "name": "Bilateral"}, "name_den": "7701538a6015b83b5a28023bff832cf2", "psnr": 29.403541983397766, "ssim": 0.7343388540444175}