{"path": "images\\forest-1031022_640.jpg", "var": 0.005, "params": {"diameter": 5, "sigma_i": 50, "sigma_s": 1, "name": "Bilateral"}, "name_den": "773471c58014c435ce8042c09eb56089", "psnr": 29.416226468998584, "ssim": 0.707541540812001}