{"path": "images\\architecture-3076685_640.jpg", "var": 0.005, "params": {"diameter": 5, "sigma_i": 230, "sigma_s": 5, "name": "Bilateral"}, "name_den": "779abca8912eb3c14aa107a7edf3c951", "psnr": 24.99723920967362, "ssim": 0.5599125203742199}