{"path": "images\\kingfisher-2046453_640.jpg", "var": 0.005, "params": {"diameter": 3, "sigma_i": 50, "sigma_s": 3, "name": "Bilateral"}, "name_den": "77ef50943f02e5b9c28e4f6bfe93f7fb", "psnr": 29.5992488499633, "ssim": 0.6781143441316863}