{"path": "images\\man-164962_640.jpg", "var": 0.005, "params": {"diameter": 3, "sigma_i": 250, "sigma_s": 1, "name": "Bilateral"}, "name_den": "78ff06afa9b8e4498dee19dcd910930f", "psnr": 29.057682464260548, "ssim": 0.7147694753728598}