{"path": "images\\kingfisher-2046453_640.jpg", "var": 0.005, "params": {"diameter": 5, "sigma_i": 70, "sigma_s": 3, "name": "Bilateral"}, "name_den": "797e14310ea0073873fdd123b215f50f", "psnr": 29.568807215001137, "ssim": 0.8207947251379754}