{"path": "images\\guy-2617866_640.jpg", "var": 0.005, "params": {"diameter": 7, "sigma_i": 190, "sigma_s": 3, "name": "Bilateral"}, "name_den": "7a329cd33e697e43d68c8091f7b17320", "psnr": 28.050643411582183, "ssim": 0.8312419248547626}