{"path": "images\\man-164962_640.jpg", "var": 0.005, "params": {"diameter": 7, "sigma_i": 150, "sigma_s": 5, "name": "Bilateral"}, "name_den": "7aa796a97172c7d8427edb753bda0537", "psnr": 27.85931312314446, "ssim": 0.7539084407612484}