{"path": "images\\architecture-3076685_640.jpg", "var": 0.005, "params": {"diameter": 7, "sigma_i": 190, "sigma_s": 5, "name": "Bilateral"}, "name_den": "7ac2e2bf1ab29b05e599785c1c682408", "psnr": 24.49891564415457, "ssim": 0.5181184692320818}