{"path": "images\\guy-2617866_640.jpg", "var": 0.005, "params": {"diameter": 3, "sigma_i": 110, "sigma_s": 5, "name": "Bilateral"}, "name_den": "7b9ea7542c4d1d89fbb7a230019fc6e2", "psnr": 30.15701126559062, "ssim": 0.6866512078866496}