{"path": "images\\architecture-3076685_640.jpg", "var": 0.005, "params": {"diameter": 3, "sigma_i": 190, "sigma_s": 3, "name": "Bilateral"}, "name_den": "7bd3ccabeef66c02728962fd58247a68", "psnr": 26.303229118211384, "ssim": 0.6454499563630585}