{"path": "images\\kingfisher-2046453_640.jpg", "var": 0.005, "params": {"diameter": 5, "sigma_i": 210, "sigma_s": 1, "name": "Bilateral"}, "name_den": "7c646f556e86536e57cb7faa7a1540c2", "psnr": 27.77043959485882, "ssim": 0.7563596409287333}