{"path": "images\\brick-wall-1834446_640.jpg", "var": 0.005, "params": {"diameter": 3, "sigma_i": 50, "sigma_s": 5, "name": "Bilateral"}, "name_den": "7cba7bb91b0d5ff9f5bc883fe011d4ff", "psnr": 26.01839984584837, "ssim": 0.6364826277653602}