{"path": "images\\man-164962_640.jpg", "var": 0.005, "params": {"diameter": 3, "sigma_i": 110, "sigma_s": 3, "name": "Bilateral"}, "name_den": "7cd0b14cbf2139b1da06098faeb49c30", "psnr": 29.632140131662847, "ssim": 0.7382945455834973}