{"path": "images\\man-164962_640.jpg", "var": 0.005, "params": {"diameter": 3, "sigma_i": 170, "sigma_s": 1, "name": "Bilateral"}, "name_den": "7ce3d0706d6d58b1ae2e2fbd1ffcde42", "psnr": 29.15327231537253, "ssim": 0.7163155812968265}