{"path": "images\\architecture-3076685_640.jpg", "var": 0.005, "params": {"diameter": 5, "sigma_i": 90, "sigma_s": 1, "name": "Bilateral"}, "name_den": "7d6e0de2353c824f58c6fb1b0dc863fe", "psnr": 25.95795461765565, "ssim": 0.6190433165987177}