{"path": "images\\architecture-3076685_640.jpg", "var": 0.005, "params": {"diameter": 3, "sigma_i": 110, "sigma_s": 7, "name": "Bilateral"}, "name_den": "7d86a79f05e4483a539cddc235c8592b", "psnr": 26.5753607547149, "ssim": 0.6585451853536057}