{"path": "images\\guy-2617866_640.jpg", "var": 0.005, "params": {"diameter": 3, "sigma_i": 210, "sigma_s": 5, "name": "Bilateral"}, "name_den": "7d8e79d3ae050f144b1835517e6ab4dd", "psnr": 29.61576434944584, "ssim": 0.6824188577173408}