{"path": "images\\guy-2617866_640.jpg", "var": 0.005, "params": {"diameter": 5, "sigma_i": 70, "sigma_s": 7, "name": "Bilateral"}, "name_den": "7e57999d77ac8f9b52a863adc7355588", "psnr": 31.25557254583658, "ssim": 0.8097097409131414}