{"path": "images\\guy-2617866_640.jpg", "var": 0.005, "params": {"diameter": 7, "sigma_i": 250, "sigma_s": 5, "name": "Bilateral"}, "name_den": "7e9a272216d8b8c3d445987e481bcc6a", "psnr": 27.542912628252427, "ssim": 0.8273251730654033}