{"path": "images\\kingfisher-2046453_640.jpg", "var": 0.005, "params": {"diameter": 7, "sigma_i": 110, "sigma_s": 3, "name": "Bilateral"}, "name_den": "7f430f50f766dd91c59e5eb685d41b08", "psnr": 27.939963162377378, "ssim": 0.8515760118294526}