{"path": "images\\brick-wall-1834446_640.jpg", "var": 0.005, "params": {"diameter": 7, "sigma_i": 150, "sigma_s": 3, "name": "Bilateral"}, "name_den": "7f5056d5834bfcb5d3104b9cb8242bfa", "psnr": 22.937237198861773, "ssim": 0.5253887960430473}