{"path": "images\\man-164962_640.jpg", "var": 0.005, "params": {"diameter": 7, "sigma_i": 150, "sigma_s": 7, "name": "Bilateral"}, "name_den": "7f6a5065314b0ea1a6079b9293b62500", "psnr": 27.83606474487888, "ssim": 0.7529906639690452}