{"path": "images\\guy-2617866_640.jpg", "var": 0.005, "params": {"diameter": 3, "sigma_i": 110, "sigma_s": 3, "name": "Bilateral"}, "name_den": "7f7214862609eeb2a2a8efe1e30600b8", "psnr": 30.16905188162131, "ssim": 0.686071560632649}