{"path": "images\\man-164962_640.jpg", "var": 0.005, "params": {"diameter": 5, "sigma_i": 170, "sigma_s": 3, "name": "Bilateral"}, "name_den": "80100b29dd6dc1bfd8f4203234333c10", "psnr": 28.608480212969155, "ssim": 0.7579137512685242}