{"path": "images\\man-164962_640.jpg", "var": 0.005, "params": {"diameter": 7, "sigma_i": 190, "sigma_s": 5, "name": "Bilateral"}, "name_den": "812299459edc4b394d037e5f80a2b43c", "psnr": 27.65516080760433, "ssim": 0.7491039004457618}