{"path": "images\\kingfisher-2046453_640.jpg", "var": 0.005, "params": {"diameter": 7, "sigma_i": 70, "sigma_s": 3, "name": "Bilateral"}, "name_den": "81cce877d92f5561faa744f04c2cc527", "psnr": 29.26290110911696, "ssim": 0.8604390323355805}