{"path": "images\\man-164962_640.jpg", "var": 0.005, "params": {"diameter": 3, "sigma_i": 230, "sigma_s": 7, "name": "Bilateral"}, "name_den": "820f1a6f415197eae2b6bc3aaf828efb", "psnr": 29.354479435470523, "ssim": 0.7338209590273306}