{"path": "images\\brick-wall-1834446_640.jpg", "var": 0.005, "params": {"diameter": 3, "sigma_i": 110, "sigma_s": 3, "name": "Bilateral"}, "name_den": "8288540f7bc83128c6cbd1696ce0973c", "psnr": 24.081325330383933, "ssim": 0.5532789068832246}