{"path": "images\\architecture-3076685_640.jpg", "var": 0.005, "params": {"diameter": 7, "sigma_i": 90, "sigma_s": 5, "name": "Bilateral"}, "name_den": "82a92be4817778522848f1d3fa2721b5", "psnr": 25.27028270453458, "ssim": 0.5687695697858504}