{"path": "images\\kingfisher-2046453_640.jpg", "var": 0.005, "params": {"diameter": 7, "sigma_i": 210, "sigma_s": 3, "name": "Bilateral"}, "name_den": "831104e56cf04bbb23835cddfb0f90bd", "psnr": 26.8690554455749, "ssim": 0.8381797322030303}