{"path": "images\\brick-wall-1834446_640.jpg", "var": 0.005, "params": {"diameter": 5, "sigma_i": 50, "sigma_s": 7, "name": "Bilateral"}, "name_den": "834a9b9d7cfc1d9745cf34cf7f026769", "psnr": 25.21557157642976, "ssim": 0.6246729394985486}