{"path": "images\\kingfisher-2046453_640.jpg", "var": 0.005, "params": {"diameter": 7, "sigma_i": 70, "sigma_s": 7, "name": "Bilateral"}, "name_den": "837e18bcb8e7cbfe142812f9c093f28d", "psnr": 29.181007353488695, "ssim": 0.8616584134493426}