{"path": "images\\forest-1031022_640.jpg", "var": 0.005, "params": {"diameter": 7, "sigma_i": 150, "sigma_s": 3, "name": "Bilateral"}, "name_den": "84cb09ba6d8c6cc0e0ece5d961088c12", "psnr": 27.69740881276781, "ssim": 0.690193589997865}