{"path": "images\\guy-2617866_640.jpg", "var": 0.005, "params": {"diameter": 5, "sigma_i": 150, "sigma_s": 1, "name": "Bilateral"}, "name_den": "84e7e545695064cd25e2b8002355b7a7", "psnr": 29.404338159945805, "ssim": 0.7536337827986062}