{"path": "images\\architecture-3076685_640.jpg", "var": 0.005, "params": {"diameter": 5, "sigma_i": 250, "sigma_s": 3, "name": "Bilateral"}, "name_den": "84fb6b33e660e16b8e829089b014c9c0", "psnr": 25.014617483628207, "ssim": 0.561902882579468}