{"path": "images\\brick-wall-1834446_640.jpg", "var": 0.005, "params": {"diameter": 5, "sigma_i": 150, "sigma_s": 1, "name": "Bilateral"}, "name_den": "853a21ca37c1e029bcbf5c8e8d235c53", "psnr": 22.52873916056182, "ssim": 0.46001189484735594}