{"path": "images\\forest-1031022_640.jpg", "var": 0.005, "params": {"diameter": 3, "sigma_i": 90, "sigma_s": 3, "name": "Bilateral"}, "name_den": "85b235821566ca5133a1cc9e3d0236cb", "psnr": 29.176162213917245, "ssim": 0.689047843718392}