{"path": "images\\forest-1031022_640.jpg", "var": 0.005, "params": {"diameter": 3, "sigma_i": 170, "sigma_s": 1, "name": "Bilateral"}, "name_den": "85c3a501ff70e1642ddee22e62e61051", "psnr": 28.58295084970817, "ssim": 0.6562609632869806}