{"path": "images\\guy-2617866_640.jpg", "var": 0.005, "params": {"diameter": 5, "sigma_i": 70, "sigma_s": 1, "name": "Bilateral"}, "name_den": "85f165dcc8b63f795443141fe69c10f4", "psnr": 30.94937781377616, "ssim": 0.7576817134072326}