{"path": "images\\architecture-3076685_640.jpg", "var": 0.005, "params": {"diameter": 5, "sigma_i": 250, "sigma_s": 7, "name": "Bilateral"}, "name_den": "864804f2977c7873d56c744edd4cf571", "psnr": 24.955552234272464, "ssim": 0.5574287611546115}