{"path": "images\\brick-wall-1834446_640.jpg", "var": 0.005, "params": {"diameter": 7, "sigma_i": 230, "sigma_s": 3, "name": "Bilateral"}, "name_den": "868ed92707b64bafb2e73f27f94fb9f8", "psnr": 22.548146322438406, "ssim": 0.5017643172708454}