{"path": "images\\forest-1031022_640.jpg", "var": 0.005, "params": {"diameter": 7, "sigma_i": 210, "sigma_s": 7, "name": "Bilateral"}, "name_den": "86e6a8225e0c85e14220e574c11e6e03", "psnr": 27.42258268058889, "ssim": 0.6755441909664572}