{"path": "images\\brick-wall-1834446_640.jpg", "var": 0.005, "params": {"diameter": 7, "sigma_i": 190, "sigma_s": 3, "name": "Bilateral"}, "name_den": "86fed2376983d3a420d121ecf0de805b", "psnr": 22.682196148252185, "ssim": 0.5095862359441753}