{"path": "images\\kingfisher-2046453_640.jpg", "var": 0.005, "params": {"diameter": 5, "sigma_i": 150, "sigma_s": 3, "name": "Bilateral"}, "name_den": "8703bf097c96a8e1efbf9d389da0c0ee", "psnr": 27.99024709278422, "ssim": 0.8106893423596181}