{"path": "images\\guy-2617866_640.jpg", "var": 0.005, "params": {"diameter": 7, "sigma_i": 70, "sigma_s": 1, "name": "Bilateral"}, "name_den": "87cf6ad1fa847614dfc109785eeb7399", "psnr": 30.918009640848936, "ssim": 0.7878398447434392}