{"path": "images\\brick-wall-1834446_640.jpg", "var": 0.005, "params": {"diameter": 5, "sigma_i": 250, "sigma_s": 7, "name": "Bilateral"}, "name_den": "87dfcebc921f85b8cfe71c4d080dad5b", "psnr": 21.907460928087545, "ssim": 0.42470466871414}