{"path": "images\\architecture-3076685_640.jpg", "var": 0.005, "params": {"diameter": 7, "sigma_i": 210, "sigma_s": 3, "name": "Bilateral"}, "name_den": "885ea296ee97ae9cbe807af06d753a6f", "psnr": 24.51947711424217, "ssim": 0.521361963407332}