{"path": "images\\brick-wall-1834446_640.jpg", "var": 0.005, "params": {"diameter": 7, "sigma_i": 90, "sigma_s": 5, "name": "Bilateral"}, "name_den": "8875a43d7d62abd2f81c8bb3dcd50dd7", "psnr": 23.958782939769627, "ssim": 0.5850098121357805}