{"path": "images\\guy-2617866_640.jpg", "var": 0.005, "params": {"diameter": 3, "sigma_i": 190, "sigma_s": 3, "name": "Bilateral"}, "name_den": "88ffbd705988857a9d7ee98192df3e23", "psnr": 29.705845250090217, "ssim": 0.6837938030994466}