{"path": "images\\kingfisher-2046453_640.jpg", "var": 0.005, "params": {"diameter": 7, "sigma_i": 50, "sigma_s": 7, "name": "Bilateral"}, "name_den": "8913b404745f173388a6373a1686ca22", "psnr": 30.189038854004075, "ssim": 0.8485690808631462}