{"path": "images\\brick-wall-1834446_640.jpg", "var": 0.005, "params": {"diameter": 3, "sigma_i": 90, "sigma_s": 5, "name": "Bilateral"}, "name_den": "8925df8ae24a9c97b55281a48a787da8", "psnr": 24.428222624254637, "ssim": 0.5699847368555959}