{"path": "images\\forest-1031022_640.jpg", "var": 0.005, "params": {"diameter": 7, "sigma_i": 90, "sigma_s": 7, "name": "Bilateral"}, "name_den": "895f7a43d17157bab31690f0a01c3fd8", "psnr": 28.143210921169526, "ssim": 0.7084775977241401}