{"path": "images\\architecture-3076685_640.jpg", "var": 0.005, "params": {"diameter": 3, "sigma_i": 150, "sigma_s": 7, "name": "Bilateral"}, "name_den": "897a1e142ec84b53277ed07e30c6726f", "psnr": 26.373920822644195, "ssim": 0.648809507214244}