{"path": "images\\kingfisher-2046453_640.jpg", "var": 0.005, "params": {"diameter": 5, "sigma_i": 70, "sigma_s": 1, "name": "Bilateral"}, "name_den": "89c4d113af9f73126dd828a0f997b7c6", "psnr": 29.464456290652326, "ssim": 0.7648641209454449}