{"path": "images\\kingfisher-2046453_640.jpg", "var": 0.005, "params": {"diameter": 7, "sigma_i": 170, "sigma_s": 1, "name": "Bilateral"}, "name_den": "8a531ec45876e1dd9a7aeda05cda0d63", "psnr": 27.387410534431428, "ssim": 0.7813856102510263}