{"path": "images\\brick-wall-1834446_640.jpg", "var": 0.005, "params": {"diameter": 5, "sigma_i": 130, "sigma_s": 7, "name": "Bilateral"}, "name_den": "8adc88ba35653cdbb77489f380f1185d", "psnr": 22.46761612708805, "ssim": 0.46227440293907435}