{"path": "images\\man-164962_640.jpg", "var": 0.005, "params": {"diameter": 7, "sigma_i": 110, "sigma_s": 5, "name": "Bilateral"}, "name_den": "8b161da53736b6a4346f3794fc0195d6", "psnr": 28.25475829103656, "ssim": 0.761675024059537}