{"path": "images\\architecture-3076685_640.jpg", "var": 0.005, "params": {"diameter": 5, "sigma_i": 190, "sigma_s": 7, "name": "Bilateral"}, "name_den": "8b5410cfa0125073686a3305086d1536", "psnr": 25.049785221346177, "ssim": 0.5625247882983496}