{"path": "images\\brick-wall-1834446_640.jpg", "var": 0.005, "params": {"diameter": 3, "sigma_i": 70, "sigma_s": 3, "name": "Bilateral"}, "name_den": "8bdebc5a2851990d4a208ab603e2488c", "psnr": 25.085540805480075, "ssim": 0.6009906765068371}