{"path": "images\\kingfisher-2046453_640.jpg", "var": 0.005, "params": {"diameter": 5, "sigma_i": 90, "sigma_s": 7, "name": "Bilateral"}, "name_den": "8bff146aaaa1361ad096269070afcf71", "psnr": 28.883906928992225, "ssim": 0.821199382139851}