{"path": "images\\man-164962_640.jpg", "var": 0.005, "params": {"diameter": 5, "sigma_i": 90, "sigma_s": 5, "name": "Bilateral"}, "name_den": "8c0503db078cac8f13100e8607b367c2", "psnr": 29.19037969234428, "ssim": 0.7675405155630447}