{"path": "images\\kingfisher-2046453_640.jpg", "var": 0.005, "params": {"diameter": 7, "sigma_i": 170, "sigma_s": 5, "name": "Bilateral"}, "name_den": "8c28f5a131709128829fba83b0045c73", "psnr": 27.031823402655778, "ssim": 0.8414775727640791}