{"path": "images\\kingfisher-2046453_640.jpg", "var": 0.005, "params": {"diameter": 7, "sigma_i": 190, "sigma_s": 1, "name": "Bilateral"}, "name_den": "8cb4d34df1072aa5c6467de43e3439bd", "psnr": 27.27619092902312, "ssim": 0.7798887415831265}