{"path": "images\\forest-1031022_640.jpg", "var": 0.005, "params": {"diameter": 3, "sigma_i": 150, "sigma_s": 1, "name": "Bilateral"}, "name_den": "8cbff3772c91ccf38b3cec444a4201ed", "psnr": 28.61396601361745, "ssim": 0.6572332866647428}