{"path": "images\\forest-1031022_640.jpg", "var": 0.005, "params": {"diameter": 3, "sigma_i": 130, "sigma_s": 7, "name": "Bilateral"}, "name_den": "8cd0c920d9a8188dc645ec42bb5b6e34", "psnr": 28.95415273339524, "ssim": 0.6830052958496614}