{"path": "images\\kingfisher-2046453_640.jpg", "var": 0.005, "params": {"diameter": 3, "sigma_i": 70, "sigma_s": 7, "name": "Bilateral"}, "name_den": "8d85d703142a95f6018f78f763fbead8", "psnr": 29.362992833000035, "ssim": 0.693569190797441}