{"path": "images\\kingfisher-2046453_640.jpg", "var": 0.005, "params": {"diameter": 3, "sigma_i": 210, "sigma_s": 3, "name": "Bilateral"}, "name_den": "8d98e86a6a83da5850e33e11b73138e0", "psnr": 28.366314984625042, "ssim": 0.6872483132547371}