{"path": "images\\guy-2617866_640.jpg", "var": 0.005, "params": {"diameter": 7, "sigma_i": 210, "sigma_s": 7, "name": "Bilateral"}, "name_den": "8e02ee52f804d278eb221ef1c12c8c9a", "psnr": 27.714269056595327, "ssim": 0.8289704994148712}