{"path": "images\\brick-wall-1834446_640.jpg", "var": 0.005, "params": {"diameter": 3, "sigma_i": 210, "sigma_s": 5, "name": "Bilateral"}, "name_den": "8e1302b1c90a423d096b55ddccf27312", "psnr": 23.399354660132428, "ssim": 0.5172909535045015}