{"path": "images\\architecture-3076685_640.jpg", "var": 0.005, "params": {"diameter": 5, "sigma_i": 170, "sigma_s": 1, "name": "Bilateral"}, "name_den": "8ea10229e8dd4b78be57ac515b057e4d", "psnr": 25.36714960295552, "ssim": 0.5865840154457951}