{"path": "images\\forest-1031022_640.jpg", "var": 0.005, "params": {"diameter": 7, "sigma_i": 70, "sigma_s": 1, "name": "Bilateral"}, "name_den": "8eb64a333dc0a9c072cd949d36912e69", "psnr": 28.77149207207559, "ssim": 0.704526296118782}