{"path": "images\\architecture-3076685_640.jpg", "var": 0.005, "params": {"diameter": 5, "sigma_i": 70, "sigma_s": 7, "name": "Bilateral"}, "name_den": "8f22eb246b571297d8e3c1919e1ae3db", "psnr": 26.202144955198122, "ssim": 0.6307778336373341}