{"path": "images\\kingfisher-2046453_640.jpg", "var": 0.005, "params": {"diameter": 5, "sigma_i": 150, "sigma_s": 7, "name": "Bilateral"}, "name_den": "8f5a628b4361e05ecb9c74d04dd87911", "psnr": 27.920287779034332, "ssim": 0.8105632912518033}