{"path": "images\\guy-2617866_640.jpg", "var": 0.005, "params": {"diameter": 3, "sigma_i": 210, "sigma_s": 1, "name": "Bilateral"}, "name_den": "8fb8fdab4037b2738211e2f1220acb56", "psnr": 29.457445630666896, "ssim": 0.6534477277722953}