{"path": "images\\guy-2617866_640.jpg", "var": 0.005, "params": {"diameter": 7, "sigma_i": 130, "sigma_s": 1, "name": "Bilateral"}, "name_den": "9036bc45cf62e98243b7a607d4d0679a", "psnr": 29.19511691228052, "ssim": 0.781887996301892}