{"path": "images\\architecture-3076685_640.jpg", "var": 0.005, "params": {"diameter": 5, "sigma_i": 190, "sigma_s": 3, "name": "Bilateral"}, "name_den": "905623ecb9c18aed116ea03e422d3388", "psnr": 25.105982552350994, "ssim": 0.567080401110891}