{"path": "images\\architecture-3076685_640.jpg", "var": 0.005, "params": {"diameter": 3, "sigma_i": 150, "sigma_s": 5, "name": "Bilateral"}, "name_den": "9085ffe2bbee1b4625d660b31f42490f", "psnr": 26.374771678675447, "ssim": 0.6486088291632116}