{"path": "images\\forest-1031022_640.jpg", "var": 0.005, "params": {"diameter": 7, "sigma_i": 170, "sigma_s": 7, "name": "Bilateral"}, "name_den": "90cc9d78ced2adcee08e3a55143f2444", "psnr": 27.517430657646365, "ssim": 0.6804728300396636}