{"path": "images\\forest-1031022_640.jpg", "var": 0.005, "params": {"diameter": 5, "sigma_i": 250, "sigma_s": 3, "name": "Bilateral"}, "name_den": "90e608d2f1bf1f77fd9f0ce612c8cd2d", "psnr": 28.010744396852978, "ssim": 0.6921892765611091}