{"path": "images\\brick-wall-1834446_640.jpg", "var": 0.005, "params": {"diameter": 3, "sigma_i": 210, "sigma_s": 7, "name": "Bilateral"}, "name_den": "91669d8bbb4e9bc3d1ab640cd4e33e99", "psnr": 23.389683211148498, "ssim": 0.5164470006537898}