{"path": "images\\guy-2617866_640.jpg", "var": 0.005, "params": {"diameter": 5, "sigma_i": 90, "sigma_s": 5, "name": "Bilateral"}, "name_den": "9195dbdf572dadd2e04ff0c38c3833f3", "psnr": 30.57546039758011, "ssim": 0.8085763177743782}