{"path": "images\\man-164962_640.jpg", "var": 0.005, "params": {"diameter": 3, "sigma_i": 190, "sigma_s": 3, "name": "Bilateral"}, "name_den": "91dc8e3331f27aa970e708ba0b588ca1", "psnr": 29.408409306634486, "ssim": 0.7351200271874937}