{"path": "images\\guy-2617866_640.jpg", "var": 0.005, "params": {"diameter": 3, "sigma_i": 190, "sigma_s": 5, "name": "Bilateral"}, "name_den": "923804ff30629b06c6433f7c9ca89162", "psnr": 29.65985902090368, "ssim": 0.6828081263280072}