{"path": "images\\forest-1031022_640.jpg", "var": 0.005, "params": {"diameter": 5, "sigma_i": 170, "sigma_s": 5, "name": "Bilateral"}, "name_den": "923c3913d2b38128cf4569ce0fbaa1bb", "psnr": 28.09221720127511, "ssim": 0.6952903508792486}