{"path": "images\\man-164962_640.jpg", "var": 0.005, "params": {"diameter": 5, "sigma_i": 50, "sigma_s": 7, "name": "Bilateral"}, "name_den": "92760489e82b738f99c7f7b561dfc368", "psnr": 29.93454042986176, "ssim": 0.7769268236651078}