{"path": "images\\guy-2617866_640.jpg", "var": 0.005, "params": {"diameter": 7, "sigma_i": 150, "sigma_s": 1, "name": "Bilateral"}, "name_den": "92e5a694eb50ea82c44328cb8d52e698", "psnr": 28.87639681643631, "ssim": 0.7789686385074011}