{"path": "images\\man-164962_640.jpg", "var": 0.005, "params": {"diameter": 7, "sigma_i": 210, "sigma_s": 3, "name": "Bilateral"}, "name_den": "930987592ebbaf3693aca63aaf3eb5c1", "psnr": 27.67945125515446, "ssim": 0.7514053393173054}