{"path": "images\\kingfisher-2046453_640.jpg", "var": 0.005, "params": {"diameter": 5, "sigma_i": 250, "sigma_s": 5, "name": "Bilateral"}, "name_den": "93d4263745620b11b15096d94217113e", "psnr": 27.43847428532203, "ssim": 0.8049758519925206}