{"path": "images\\kingfisher-2046453_640.jpg", "var": 0.005, "params": {"diameter": 5, "sigma_i": 130, "sigma_s": 5, "name": "Bilateral"}, "name_den": "93fbdcca3155ed8bc43bbc3da26b28be", "psnr": 28.149993565914436, "ssim": 0.8138848525053491}