{"path": "images\\man-164962_640.jpg", "var": 0.005, "params": {"diameter": 7, "sigma_i": 50, "sigma_s": 5, "name": "Bilateral"}, "name_den": "94eea4e46d3fccc101b23eb4d37ca200", "psnr": 29.612128760510696, "ssim": 0.7838925398314037}