{"path": "images\\forest-1031022_640.jpg", "var": 0.005, "params": {"diameter": 3, "sigma_i": 170, "sigma_s": 3, "name": "Bilateral"}, "name_den": "9519b5315f997337f96eb7978f042471", "psnr": 28.87086078302195, "ssim": 0.6804821201963839}