{"path": "images\\guy-2617866_640.jpg", "var": 0.005, "params": {"diameter": 7, "sigma_i": 90, "sigma_s": 3, "name": "Bilateral"}, "name_den": "954ba9bd54ea6c59f3576a634fc0aecb", "psnr": 30.16913729001656, "ssim": 0.8476431729189892}