{"path": "images\\guy-2617866_640.jpg", "var": 0.005, "params": {"diameter": 7, "sigma_i": 90, "sigma_s": 5, "name": "Bilateral"}, "name_den": "95c65e85c5d936cc425312a182f1ac3d", "psnr": 30.047452419373887, "ssim": 0.8483844658255842}