{"path": "images\\guy-2617866_640.jpg", "var": 0.005, "params": {"diameter": 7, "sigma_i": 230, "sigma_s": 1, "name": "Bilateral"}, "name_den": "95e35701843ad3f2cc62565f80633d44", "psnr": 28.210818901418754, "ssim": 0.7738815441305616}