{"path": "images\\forest-1031022_640.jpg", "var": 0.005, "params": {"diameter": 3, "sigma_i": 210, "sigma_s": 1, "name": "Bilateral"}, "name_den": "9609c542a66bbde829ba855d6e402abb", "psnr": 28.521568892555823, "ssim": 0.6536567868244307}