{"path": "images\\kingfisher-2046453_640.jpg", "var": 0.005, "params": {"diameter": 5, "sigma_i": 210, "sigma_s": 5, "name": "Bilateral"}, "name_den": "967bded4e8caf3f7920f6f72c4e999f1", "psnr": 27.564108181609072, "ssim": 0.8064907836444952}