{"path": "images\\man-164962_640.jpg", "var": 0.005, "params": {"diameter": 7, "sigma_i": 250, "sigma_s": 3, "name": "Bilateral"}, "name_den": "969b2da7c2591ebe609bb79e6d9d32c0", "psnr": 27.578383603764177, "ssim": 0.7486963426211336}