{"path": "images\\architecture-3076685_640.jpg", "var": 0.005, "params": {"diameter": 5, "sigma_i": 130, "sigma_s": 1, "name": "Bilateral"}, "name_den": "96bfc0d97dc401da5c9f420b42138566", "psnr": 25.54137775749198, "ssim": 0.5959704993900683}