{"path": "images\\forest-1031022_640.jpg", "var": 0.005, "params": {"diameter": 5, "sigma_i": 150, "sigma_s": 1, "name": "Bilateral"}, "name_den": "97004daf83cb66bda0fb2c03befbfd2e", "psnr": 28.264678098467915, "ssim": 0.6811613517250992}