{"path": "images\\forest-1031022_640.jpg", "var": 0.005, "params": {"diameter": 5, "sigma_i": 190, "sigma_s": 1, "name": "Bilateral"}, "name_den": "9740bbe6df98621be4c4b3adc32c3656", "psnr": 28.146909755261056, "ssim": 0.6768784754155659}