{"path": "images\\forest-1031022_640.jpg", "var": 0.005, "params": {"diameter": 7, "sigma_i": 50, "sigma_s": 7, "name": "Bilateral"}, "name_den": "9753c731bc4ed9c48accecc092da2737", "psnr": 29.32177061136607, "ssim": 0.7429763137122981}