{"path": "images\\forest-1031022_640.jpg", "var": 0.005, "params": {"diameter": 7, "sigma_i": 210, "sigma_s": 1, "name": "Bilateral"}, "name_den": "976bf59b7aa9a9dd496903e50139a9e0", "psnr": 27.726084428824088, "ssim": 0.6656263730655448}