{"path": "images\\kingfisher-2046453_640.jpg", "var": 0.005, "params": {"diameter": 5, "sigma_i": 150, "sigma_s": 5, "name": "Bilateral"}, "name_den": "979e0ec028f2a3aa917f191fabddc217", "psnr": 27.92661237288347, "ssim": 0.8108108701065652}