{"path": "images\\guy-2617866_640.jpg", "var": 0.005, "params": {"diameter": 3, "sigma_i": 110, "sigma_s": 7, "name": "Bilateral"}, "name_den": "97b5f2f188a9121abd181cf743cd9d06", "psnr": 30.148499454908123, "ssim": 0.6866527596154497}