{"path": "images\\man-164962_640.jpg", "var": 0.005, "params": {"diameter": 5, "sigma_i": 190, "sigma_s": 5, "name": "Bilateral"}, "name_den": "98736e90644f729770df70770a0d6f0d", "psnr": 28.50696609290475, "ssim": 0.7552291278008695}