{"path": "images\\brick-wall-1834446_640.jpg", "var": 0.005, "params": {"diameter": 5, "sigma_i": 210, "sigma_s": 1, "name": "Bilateral"}, "name_den": "98a91913f3cd5daa9e6b0f31596edf0c", "psnr": 22.24652794273011, "ssim": 0.44203158976835616}