{"path": "images\\architecture-3076685_640.jpg", "var": 0.005, "params": {"diameter": 3, "sigma_i": 50, "sigma_s": 5, "name": "Bilateral"}, "name_den": "99127a7231edc403a326a08c8335bcef", "psnr": 27.55153395401326, "ssim": 0.7057484422085761}