{"path": "images\\forest-1031022_640.jpg", "var": 0.005, "params": {"diameter": 7, "sigma_i": 110, "sigma_s": 7, "name": "Bilateral"}, "name_den": "993558ef7386cc02b9fa879f2c226651", "psnr": 27.88228318318452, "ssim": 0.6976865346142099}