{"path": "images\\guy-2617866_640.jpg", "var": 0.005, "params": {"diameter": 5, "sigma_i": 170, "sigma_s": 5, "name": "Bilateral"}, "name_den": "99471d4be9b5cf2630ec285c9a202150", "psnr": 29.084552294873912, "ssim": 0.8001214057256211}