{"path": "images\\kingfisher-2046453_640.jpg", "var": 0.005, "params": {"diameter": 7, "sigma_i": 130, "sigma_s": 1, "name": "Bilateral"}, "name_den": "9952f45876ba6bcca3a6195072b0b62e", "psnr": 27.80210794493076, "ssim": 0.785840870124081}