{"path": "images\\man-164962_640.jpg", "var": 0.005, "params": {"diameter": 5, "sigma_i": 230, "sigma_s": 1, "name": "Bilateral"}, "name_den": "99bbcb790ec8e1f56c53811a06f34a8c", "psnr": 28.427615131743252, "ssim": 0.7376057311444834}