{"path": "images\\brick-wall-1834446_640.jpg", "var": 0.005, "params": {"diameter": 5, "sigma_i": 110, "sigma_s": 3, "name": "Bilateral"}, "name_den": "9a320b8b9e8b09d1cacf5751b1c9016e", "psnr": 22.787086074855015, "ssim": 0.48528580180539155}