{"path": "images\\guy-2617866_640.jpg", "var": 0.005, "params": {"diameter": 3, "sigma_i": 110, "sigma_s": 1, "name": "Bilateral"}, "name_den": "9ac08f5d7889183fec94c9b50cb8c8c8", "psnr": 29.882897340101117, "ssim": 0.6539890711692711}