{"path": "images\\architecture-3076685_640.jpg", "var": 0.005, "params": {"diameter": 3, "sigma_i": 250, "sigma_s": 7, "name": "Bilateral"}, "name_den": "9af9b804dd01ea5716da06d8253c16a0", "psnr": 26.19934061183862, "ssim": 0.6402852759306074}