{"path": "images\\forest-1031022_640.jpg", "var": 0.005, "params": {"diameter": 7, "sigma_i": 130, "sigma_s": 1, "name": "Bilateral"}, "name_den": "9b46a14867b79af5ddf1e220581144ae", "psnr": 27.98021599088662, "ssim": 0.6762577298613296}