{"path": "images\\kingfisher-2046453_640.jpg", "var": 0.005, "params": {"diameter": 3, "sigma_i": 110, "sigma_s": 5, "name": "Bilateral"}, "name_den": "9ba40730af914a5e94726ea7612d1480", "psnr": 28.844850195606895, "ssim": 0.692100657997683}