{"path": "images\\man-164962_640.jpg", "var": 0.005, "params": {"diameter": 3, "sigma_i": 210, "sigma_s": 5, "name": "Bilateral"}, "name_den": "9c4c8c548ebc98be3d3b9aa76700aebd", "psnr": 29.380962951734837, "ssim": 0.7344474569408996}