{"path": "images\\man-164962_640.jpg", "var": 0.005, "params": {"diameter": 5, "sigma_i": 170, "sigma_s": 5, "name": "Bilateral"}, "name_den": "9cf3d2803a8ff845098a9ff1b2e364de", "psnr": 28.556179018831685, "ssim": 0.7553085403157814}