{"path": "images\\guy-2617866_640.jpg", "var": 0.005, "params": {"diameter": 3, "sigma_i": 250, "sigma_s": 5, "name": "Bilateral"}, "name_den": "9d5367062841f6d431d08137524958fe", "psnr": 29.519329375015584, "ssim": 0.6809068974485758}