{"path": "images\\forest-1031022_640.jpg", "var": 0.005, "params": {"diameter": 3, "sigma_i": 210, "sigma_s": 5, "name": "Bilateral"}, "name_den": "9d982498657bb9621d649db6a5e7754d", "psnr": 28.784856670794827, "ssim": 0.6774321561739679}