{"path": "images\\guy-2617866_640.jpg", "var": 0.005, "params": {"diameter": 3, "sigma_i": 70, "sigma_s": 1, "name": "Bilateral"}, "name_den": "9d9fd6cf02f526de4c1d58350ce8db19", "psnr": 30.208642281033665, "ssim": 0.6504412825248195}