{"path": "images\\guy-2617866_640.jpg", "var": 0.005, "params": {"diameter": 7, "sigma_i": 210, "sigma_s": 5, "name": "Bilateral"}, "name_den": "9dcc3ab8164e4625e9a0b7c35f0cac36", "psnr": 27.76139435026145, "ssim": 0.8301743223112364}