{"path": "images\\man-164962_640.jpg", "var": 0.005, "params": {"diameter": 3, "sigma_i": 170, "sigma_s": 3, "name": "Bilateral"}, "name_den": "9de176cf6a5a93c5ce4a798b7981f6d2", "psnr": 29.446023362345493, "ssim": 0.7364932176313221}