{"path": "images\\architecture-3076685_640.jpg", "var": 0.005, "params": {"diameter": 3, "sigma_i": 110, "sigma_s": 3, "name": "Bilateral"}, "name_den": "9e32de722ba5172a49fdf03b2cf4a7e3", "psnr": 26.59615092791774, "ssim": 0.6596736578597052}