{"path": "images\\brick-wall-1834446_640.jpg", "var": 0.005, "params": {"diameter": 7, "sigma_i": 230, "sigma_s": 5, "name": "Bilateral"}, "name_den": "9ea73527ae331d102bb2a76f55f31a06", "psnr": 22.56160803002562, "ssim": 0.504147372424096}