{"path": "images\\brick-wall-1834446_640.jpg", "var": 0.005, "params": {"diameter": 7, "sigma_i": 110, "sigma_s": 3, "name": "Bilateral"}, "name_den": "9f1d20f3283ede0f80df26277a238461", "psnr": 23.4544833538478, "ssim": 0.5559380037963939}