{"path": "images\\man-164962_640.jpg", "var": 0.005, "params": {"diameter": 3, "sigma_i": 110, "sigma_s": 5, "name": "Bilateral"}, "name_den": "9f4b39c2be1058d70e9d68c7d7d38bf7", "psnr": 29.618010567025784, "ssim": 0.7386052536697414}