{"path": "images\\brick-wall-1834446_640.jpg", "var": 0.005, "params": {"diameter": 5, "sigma_i": 70, "sigma_s": 5, "name": "Bilateral"}, "name_den": "9fd14a47cd5506dff9f084f49070a491", "psnr": 23.94317617529044, "ssim": 0.559240077990479}