{"path": "images\\forest-1031022_640.jpg", "var": 0.005, "params": {"diameter": 3, "sigma_i": 110, "sigma_s": 5, "name": "Bilateral"}, "name_den": "9fe194fc8338232219d61d19c672fbe4", "psnr": 29.032516734653917, "ssim": 0.6853899911127362}