{"path": "images\\man-164962_640.jpg", "var": 0.005, "params": {"diameter": 7, "sigma_i": 250, "sigma_s": 5, "name": "Bilateral"}, "name_den": "a259acf13c5a46eaad0084be01759548", "psnr": 27.50114543133146, "ssim": 0.7463745984011002}