{"path": "images\\architecture-3076685_640.jpg", "var": 0.005, "params": {"diameter": 3, "sigma_i": 90, "sigma_s": 5, "name": "Bilateral"}, "name_den": "a29195fd04b87240ab41dab332596192", "psnr": 26.76812031603973, "ssim": 0.6673310264120605}