{"path": "images\\brick-wall-1834446_640.jpg", "var": 0.005, "params": {"diameter": 5, "sigma_i": 110, "sigma_s": 1, "name": "Bilateral"}, "name_den": "a3a5a4a6e8e97eb32e1695e7f5023349", "psnr": 22.982133981673446, "ssim": 0.488931402325909}