{"path": "images\\kingfisher-2046453_640.jpg", "var": 0.005, "params": {"diameter": 7, "sigma_i": 90, "sigma_s": 1, "name": "Bilateral"}, "name_den": "a3c7eb076f62c278f92c7564188c3b2a", "psnr": 28.632296890901337, "ssim": 0.7933048132508551}