{"path": "images\\forest-1031022_640.jpg", "var": 0.005, "params": {"diameter": 5, "sigma_i": 210, "sigma_s": 3, "name": "Bilateral"}, "name_den": "a4b8fd9ba2263afc03213cc60441d450", "psnr": 28.059704896368856, "ssim": 0.6945967971328723}