{"path": "images\\guy-2617866_640.jpg", "var": 0.005, "params": {"diameter": 3, "sigma_i": 130, "sigma_s": 1, "name": "Bilateral"}, "name_den": "a4f22a6b64e22f61ab9eda8b08597a57", "psnr": 29.744443046199507, "ssim": 0.6541155134224244}