{"path": "images\\man-164962_640.jpg", "var": 0.005, "params": {"diameter": 5, "sigma_i": 70, "sigma_s": 5, "name": "Bilateral"}, "name_den": "a545d4c688448385b70d07153e6dbe8a", "psnr": 29.558616511209465, "ssim": 0.7745260098164913}