{"path": "images\\guy-2617866_640.jpg", "var": 0.005, "params": {"diameter": 7, "sigma_i": 150, "sigma_s": 5, "name": "Bilateral"}, "name_den": "a59b8cf00f233d643c9cdcfe8d60e6c9", "psnr": 28.405582514859727, "ssim": 0.8359934777968278}