{"path": "images\\forest-1031022_640.jpg", "var": 0.005, "params": {"diameter": 5, "sigma_i": 170, "sigma_s": 1, "name": "Bilateral"}, "name_den": "a5c9fab6067d22975eb9be0e1d9ecdae", "psnr": 28.195632320067897, "ssim": 0.6787420873786859}