{"path": "images\\man-164962_640.jpg", "var": 0.005, "params": {"diameter": 3, "sigma_i": 130, "sigma_s": 3, "name": "Bilateral"}, "name_den": "a6355f1540ecfdf80d04f27bc2dd5c7b", "psnr": 29.547229355923168, "ssim": 0.7373790469214933}