{"path": "images\\forest-1031022_640.jpg", "var": 0.005, "params": {"diameter": 7, "sigma_i": 250, "sigma_s": 5, "name": "Bilateral"}, "name_den": "a6c1b1d67b1b22924d2de97b8b930eff", "psnr": 27.39814026558349, "ssim": 0.6745505330182274}