{"path": "images\\forest-1031022_640.jpg", "var": 0.005, "params": {"diameter": 3, "sigma_i": 190, "sigma_s": 1, "name": "Bilateral"}, "name_den": "a700db3ac23be4643c42a44717ebe664", "psnr": 28.553247574112145, "ssim": 0.6541823651154094}