{"path": "images\\guy-2617866_640.jpg", "var": 0.005, "params": {"diameter": 7, "sigma_i": 50, "sigma_s": 7, "name": "Bilateral"}, "name_den": "a7096d2a7b2d968e358a70f8f47b8fb4", "psnr": 31.89151790552168, "ssim": 0.8395056233018735}