{"path": "images\\forest-1031022_640.jpg", "var": 0.005, "params": {"diameter": 7, "sigma_i": 70, "sigma_s": 5, "name": "Bilateral"}, "name_den": "a7531114252fcf27d48af858a54c71a4", "psnr": 28.614708857142052, "ssim": 0.7260650843017163}