{"path": "images\\kingfisher-2046453_640.jpg", "var": 0.005, "params": {"diameter": 5, "sigma_i": 190, "sigma_s": 7, "name": "Bilateral"}, "name_den": "a77010c778f6c66bacb32833011ae9c2", "psnr": 27.63344771390507, "ssim": 0.8072863163051386}