{"path": "images\\kingfisher-2046453_640.jpg", "var": 0.005, "params": {"diameter": 3, "sigma_i": 170, "sigma_s": 1, "name": "Bilateral"}, "name_den": "a7709ff1f758640cbb8d16d957a2ab08", "psnr": 28.397470180064133, "ssim": 0.6570672032546968}