{"path": "images\\architecture-3076685_640.jpg", "var": 0.005, "params": {"diameter": 3, "sigma_i": 150, "sigma_s": 1, "name": "Bilateral"}, "name_den": "a7716801e29f979aff4a5ce4e2834873", "psnr": 26.4326325899101, "ssim": 0.6510584899365999}