{"path": "images\\man-164962_640.jpg", "var": 0.005, "params": {"diameter": 3, "sigma_i": 70, "sigma_s": 3, "name": "Bilateral"}, "name_den": "a7983b72e851394b6081fd02edcdb736", "psnr": 29.853327446376202, "ssim": 0.7404963272616074}