{"path": "images\\man-164962_640.jpg", "var": 0.005, "params": {"diameter": 5, "sigma_i": 50, "sigma_s": 3, "name": "Bilateral"}, "name_den": "a7ac70be5bc00c4e5bf3121461e582c6", "psnr": 29.96644673734099, "ssim": 0.7765056144339607}