{"path": "images\\forest-1031022_640.jpg", "var": 0.005, "params": {"diameter": 5, "sigma_i": 150, "sigma_s": 3, "name": "Bilateral"}, "name_den": "a7b04ad44c890190cbe2be6060726d31", "psnr": 28.228373215081692, "ssim": 0.7014950763366099}