{"path": "images\\guy-2617866_640.jpg", "var": 0.005, "params": {"diameter": 7, "sigma_i": 190, "sigma_s": 1, "name": "Bilateral"}, "name_den": "a98a2169ce31b8037eef18867202c947", "psnr": 28.474565362830255, "ssim": 0.7762033036340522}