{"path": "images\\brick-wall-1834446_640.jpg", "var": 0.005, "params": {"diameter": 3, "sigma_i": 70, "sigma_s": 5, "name": "Bilateral"}, "name_den": "aa8417f1a30feee82ea3777a87983271", "psnr": 25.06235590153224, "ssim": 0.6003007832676409}