{"path": "images\\forest-1031022_640.jpg", "var": 0.005, "params": {"diameter": 3, "sigma_i": 150, "sigma_s": 3, "name": "Bilateral"}, "name_den": "aa9137b20d12dc0852e0fb8163b36d4a", "psnr": 28.89596668720321, "ssim": 0.6807133616558305}