{"path": "images\\guy-2617866_640.jpg", "var": 0.005, "params": {"diameter": 5, "sigma_i": 230, "sigma_s": 3, "name": "Bilateral"}, "name_den": "aa9ff65df22537e6e00c887168fa6cf0", "psnr": 28.759956188917116, "ssim": 0.796520843697991}