{"path": "images\\forest-1031022_640.jpg", "var": 0.005, "params": {"diameter": 7, "sigma_i": 50, "sigma_s": 1, "name": "Bilateral"}, "name_den": "aaa80ebf4aa99db32c1e30f8b0b6e1ac", "psnr": 29.331219346174528, "ssim": 0.7149092934084127}