{"path": "images\\architecture-3076685_640.jpg", "var": 0.005, "params": {"diameter": 7, "sigma_i": 250, "sigma_s": 1, "name": "Bilateral"}, "name_den": "aac95605ca6ee8cb5238b3bddfe721f8", "psnr": 24.738382978254144, "ssim": 0.5400325472118104}