{"path": "images\\man-164962_640.jpg", "var": 0.005, "params": {"diameter": 7, "sigma_i": 130, "sigma_s": 7, "name": "Bilateral"}, "name_den": "ab181c50524f5bd0116c16afc2f98d27", "psnr": 27.992241913333295, "ssim": 0.7557945295432814}