{"path": "images\\forest-1031022_640.jpg", "var": 0.005, "params": {"diameter": 5, "sigma_i": 50, "sigma_s": 5, "name": "Bilateral"}, "name_den": "ab6341eafda71754392a7933bc9fcbd6", "psnr": 29.626595669383793, "ssim": 0.7383722315156379}