{"path": "images\\architecture-3076685_640.jpg", "var": 0.005, "params": {"diameter": 7, "sigma_i": 50, "sigma_s": 7, "name": "Bilateral"}, "name_den": "abda07aa5cf4249ddd735f174b09fc24", "psnr": 26.659179873704076, "ssim": 0.6549697055980656}