{"path": "images\\brick-wall-1834446_640.jpg", "var": 0.005, "params": {"diameter": 7, "sigma_i": 70, "sigma_s": 7, "name": "Bilateral"}, "name_den": "abe9aa039830f2447d110c5b19c5ce8d", "psnr": 24.74370568127453, "ssim": 0.6258976606478632}