{"path": "images\\forest-1031022_640.jpg", "var": 0.005, "params": {"diameter": 5, "sigma_i": 110, "sigma_s": 3, "name": "Bilateral"}, "name_den": "ac186f03359ab3233663a5661024cefe", "psnr": 28.469888676948116, "ssim": 0.7101145090597685}