{"path": "images\\kingfisher-2046453_640.jpg", "var": 0.005, "params": {"diameter": 7, "sigma_i": 70, "sigma_s": 5, "name": "Bilateral"}, "name_den": "ac2bf229e1780070733ba7b843779326", "psnr": 29.201590697245493, "ssim": 0.8620267558500503}