{"path": "images\\architecture-3076685_640.jpg", "var": 0.005, "params": {"diameter": 5, "sigma_i": 170, "sigma_s": 7, "name": "Bilateral"}, "name_den": "aca459396ab84e4fd569044e2f1cd80d", "psnr": 25.104390343514503, "ssim": 0.5659569695374213}