{"path": "images\\architecture-3076685_640.jpg", "var": 0.005, "params": {"diameter": 3, "sigma_i": 230, "sigma_s": 1, "name": "Bilateral"}, "name_den": "aced5b9f76c1967a369425e2dca9a3f7", "psnr": 26.28932244750995, "ssim": 0.6437330544794199}