{"path": "images\\guy-2617866_640.jpg", "var": 0.005, "params": {"diameter": 5, "sigma_i": 130, "sigma_s": 5, "name": "Bilateral"}, "name_den": "acf4dc52e08e27bd4d759fb1003491c3", "psnr": 29.60138039351149, "ssim": 0.8028759083598226}