{"path": "images\\guy-2617866_640.jpg", "var": 0.005, "params": {"diameter": 5, "sigma_i": 110, "sigma_s": 5, "name": "Bilateral"}, "name_den": "ad267912e7959b3637f4560893ab8db7", "psnr": 30.01642102400782, "ssim": 0.8061113836399221}