{"path": "images\\kingfisher-2046453_640.jpg", "var": 0.005, "params": {"diameter": 3, "sigma_i": 250, "sigma_s": 5, "name": "Bilateral"}, "name_den": "adafa1b597074c521a84d23c657d26cf", "psnr": 28.281416795712353, "ssim": 0.6862318819073628}