{"path": "images\\forest-1031022_640.jpg", "var": 0.005, "params": {"diameter": 3, "sigma_i": 70, "sigma_s": 7, "name": "Bilateral"}, "name_den": "add731df35a116a675d30a4e2fa01b29", "psnr": 29.35121864673127, "ssim": 0.6937916897720945}