{"path": "images\\guy-2617866_640.jpg", "var": 0.005, "params": {"diameter": 7, "sigma_i": 230, "sigma_s": 3, "name": "Bilateral"}, "name_den": "ae54edbb7edd5bac13e302932b764ac7", "psnr": 27.768510610200828, "ssim": 0.8286573825459232}