{"path": "images\\man-164962_640.jpg", "var": 0.005, "params": {"diameter": 7, "sigma_i": 90, "sigma_s": 3, "name": "Bilateral"}, "name_den": "aebc58686a7e93f21e7e1e75ab983f72", "psnr": 28.650865825033325, "ssim": 0.7705561613576127}