{"path": "images\\guy-2617866_640.jpg", "var": 0.005, "params": {"diameter": 3, "sigma_i": 130, "sigma_s": 3, "name": "Bilateral"}, "name_den": "aeec267556403e43fd7e5de8f2fe642c", "psnr": 30.006004464472113, "ssim": 0.6855194889207749}