{"path": "images\\brick-wall-1834446_640.jpg", "var": 0.005, "params": {"diameter": 5, "sigma_i": 250, "sigma_s": 1, "name": "Bilateral"}, "name_den": "af278d72dd3281a486b3b9fc1f20e833", "psnr": 22.154726659046947, "ssim": 0.43594668432923944}