{"path": "images\\forest-1031022_640.jpg", "var": 0.005, "params": {"diameter": 3, "sigma_i": 110, "sigma_s": 1, "name": "Bilateral"}, "name_den": "af45a3dd4b82a72260d10b5541ddde07", "psnr": 28.74262743512326, "ssim": 0.6613095236730951}