{"path": "images\\kingfisher-2046453_640.jpg", "var": 0.005, "params": {"diameter": 7, "sigma_i": 150, "sigma_s": 1, "name": "Bilateral"}, "name_den": "af7a3b251928813e9bbb76d519ce6d30", "psnr": 27.581115447826704, "ssim": 0.7835897168622569}