{"path": "images\\forest-1031022_640.jpg", "var": 0.005, "params": {"diameter": 3, "sigma_i": 90, "sigma_s": 5, "name": "Bilateral"}, "name_den": "afbd3932b4c89c0f5b432b23c2cd474d", "psnr": 29.14840788034827, "ssim": 0.6879336359802405}