{"path": "images\\architecture-3076685_640.jpg", "var": 0.005, "params": {"diameter": 3, "sigma_i": 90, "sigma_s": 7, "name": "Bilateral"}, "name_den": "afcb7fb76e196ff21341afeff1c0bd55", "psnr": 26.757280877866535, "ssim": 0.6663768454616726}