{"path": "images\\kingfisher-2046453_640.jpg", "var": 0.005, "params": {"diameter": 7, "sigma_i": 150, "sigma_s": 7, "name": "Bilateral"}, "name_den": "afcdfd1e830c31985c922388fe90a6e5", "psnr": 27.195735055064553, "ssim": 0.8432087142709711}