{"path": "images\\architecture-3076685_640.jpg", "var": 0.005, "params": {"diameter": 7, "sigma_i": 230, "sigma_s": 3, "name": "Bilateral"}, "name_den": "b004b3794678e4417f1217a12baf516b", "psnr": 24.477607182909985, "ssim": 0.518815887305608}