{"path": "images\\man-164962_640.jpg", "var": 0.005, "params": {"diameter": 3, "sigma_i": 50, "sigma_s": 5, "name": "Bilateral"}, "name_den": "b087c22d29026705d41ab4ed21c7ddc7", "psnr": 29.88784678740053, "ssim": 0.736220946674524}