{"path": "images\\guy-2617866_640.jpg", "var": 0.005, "params": {"diameter": 3, "sigma_i": 90, "sigma_s": 3, "name": "Bilateral"}, "name_den": "b16673e97ff2850ba1e40d6b61879c04", "psnr": 30.395311134049475, "ssim": 0.6858686280500471}