{"path": "images\\architecture-3076685_640.jpg", "var": 0.005, "params": {"diameter": 7, "sigma_i": 110, "sigma_s": 3, "name": "Bilateral"}, "name_den": "b1b0bd1c44dcc82fe9b7fa9850655886", "psnr": 25.013962391697998, "ssim": 0.5532705659449229}