{"path": "images\\architecture-3076685_640.jpg", "var": 0.005, "params": {"diameter": 7, "sigma_i": 250, "sigma_s": 3, "name": "Bilateral"}, "name_den": "b1fc5f0ca7a0cbc54544f8a6268a3a00", "psnr": 24.44888215748259, "ssim": 0.5171754064244973}