{"path": "images\\architecture-3076685_640.jpg", "var": 0.005, "params": {"diameter": 3, "sigma_i": 190, "sigma_s": 1, "name": "Bilateral"}, "name_den": "b21992487a209471d11a9f0b05a76902", "psnr": 26.34514972930788, "ssim": 0.6468012725940896}