{"path": "images\\forest-1031022_640.jpg", "var": 0.005, "params": {"diameter": 7, "sigma_i": 110, "sigma_s": 1, "name": "Bilateral"}, "name_den": "b28fdbf1bef53ef7019f198e731b3a80", "psnr": 28.136583447732054, "ssim": 0.6828136822897549}