{"path": "images\\guy-2617866_640.jpg", "var": 0.005, "params": {"diameter": 5, "sigma_i": 170, "sigma_s": 7, "name": "Bilateral"}, "name_den": "b2cb174961098463e3d60c7108d57410", "psnr": 29.060517988019914, "ssim": 0.7991925907687524}