{"path": "images\\brick-wall-1834446_640.jpg", "var": 0.005, "params": {"diameter": 7, "sigma_i": 50, "sigma_s": 5, "name": "Bilateral"}, "name_den": "b2f9607bb877f9cf2c549d4a723193ae", "psnr": 26.055030039124787, "ssim": 0.6809140808974847}