{"path": "images\\kingfisher-2046453_640.jpg", "var": 0.005, "params": {"diameter": 5, "sigma_i": 210, "sigma_s": 7, "name": "Bilateral"}, "name_den": "b309b4522f9007947406de7954fa4d58", "psnr": 27.548730516959207, "ssim": 0.806704260347114}