{"path": "images\\brick-wall-1834446_640.jpg", "var": 0.005, "params": {"diameter": 3, "sigma_i": 130, "sigma_s": 3, "name": "Bilateral"}, "name_den": "b39a3cef9ee0c61eea8c897090d46395", "psnr": 23.839010455244846, "ssim": 0.5415039316507658}