{"path": "images\\guy-2617866_640.jpg", "var": 0.005, "params": {"diameter": 5, "sigma_i": 150, "sigma_s": 7, "name": "Bilateral"}, "name_den": "b3c987643eca423cfe262589244071d1", "psnr": 29.266999337477063, "ssim": 0.8000437449304486}