{"path": "images\\forest-1031022_640.jpg", "var": 0.005, "params": {"diameter": 5, "sigma_i": 90, "sigma_s": 3, "name": "Bilateral"}, "name_den": "b406aec984167e5132e0a9f3fe1720b9", "psnr": 28.710294390874232, "ssim": 0.7183398025998949}