{"path": "images\\kingfisher-2046453_640.jpg", "var": 0.005, "params": {"diameter": 7, "sigma_i": 90, "sigma_s": 7, "name": "Bilateral"}, "name_den": "b4837ade5ef47ce04638d23b02d63938", "psnr": 28.379028651548094, "ssim": 0.8577388839477776}