{"path": "images\\forest-1031022_640.jpg", "var": 0.005, "params": {"diameter": 3, "sigma_i": 90, "sigma_s": 1, "name": "Bilateral"}, "name_den": "b5fc9b564f394dcb3a66cc73b15a6492", "psnr": 28.827756394456458, "ssim": 0.6625345183871221}