{"path": "images\\guy-2617866_640.jpg", "var": 0.005, "params": {"diameter": 3, "sigma_i": 230, "sigma_s": 1, "name": "Bilateral"}, "name_den": "b60232957f9e7bd4cc70e48eca50d0b1", "psnr": 29.405645998691867, "ssim": 0.6520985101776919}