{"path": "images\\man-164962_640.jpg", "var": 0.005, "params": {"diameter": 5, "sigma_i": 150, "sigma_s": 3, "name": "Bilateral"}, "name_den": "b65a4f3218d51f85a5cc109d70ab88e5", "psnr": 28.707752891390435, "ssim": 0.7600349579797784}