{"path": "images\\architecture-3076685_640.jpg", "var": 0.005, "params": {"diameter": 3, "sigma_i": 170, "sigma_s": 3, "name": "Bilateral"}, "name_den": "b7021eedc08dbdf50c54c1f218374993", "psnr": 26.339204418170922, "ssim": 0.6471095901507409}