{"path": "images\\forest-1031022_640.jpg", "var": 0.005, "params": {"diameter": 7, "sigma_i": 90, "sigma_s": 5, "name": "Bilateral"}, "name_den": "b706bf59d2704254fe0d45f5b4e89c31", "psnr": 28.17397690430358, "ssim": 0.7100542906069806}