{"path": "images\\kingfisher-2046453_640.jpg", "var": 0.005, "params": {"diameter": 3, "sigma_i": 150, "sigma_s": 3, "name": "Bilateral"}, "name_den": "b72b8c0380b1a5ec76a5b7cbf0f0343e", "psnr": 28.56675388219134, "ssim": 0.6892509483762833}