{"path": "images\\forest-1031022_640.jpg", "var": 0.005, "params": {"diameter": 3, "sigma_i": 70, "sigma_s": 1, "name": "Bilateral"}, "name_den": "b74010846a958757d9825e12a55d5b26", "psnr": 28.96846385536088, "ssim": 0.6649670080691107}