{"path": "images\\man-164962_640.jpg", "var": 0.005, "params": {"diameter": 7, "sigma_i": 210, "sigma_s": 1, "name": "Bilateral"}, "name_den": "b747d7b7ab6c5f32637b520b91e97965", "psnr": 27.80177889863564, "ssim": 0.7333049934049995}