{"path": "images\\kingfisher-2046453_640.jpg", "var": 0.005, "params": {"diameter": 5, "sigma_i": 170, "sigma_s": 1, "name": "Bilateral"}, "name_den": "b7cffd6312372a2a8563f357124f17dd", "psnr": 27.946186272085633, "ssim": 0.7582612431669515}