{"path": "images\\guy-2617866_640.jpg", "var": 0.005, "params": {"diameter": 7, "sigma_i": 50, "sigma_s": 1, "name": "Bilateral"}, "name_den": "b8d0134bdddb0fc26727926718c33420", "psnr": 31.51716401029382, "ssim": 0.7741333673801712}