{"path": "images\\brick-wall-1834446_640.jpg", "var": 0.005, "params": {"diameter": 5, "sigma_i": 130, "sigma_s": 3, "name": "Bilateral"}, "name_den": "b994b28ba9bf3ced64f634fac0d08d5f", "psnr": 22.510449841201577, "ssim": 0.4663678960640447}