{"path": "images\\kingfisher-2046453_640.jpg", "var": 0.005, "params": {"diameter": 7, "sigma_i": 210, "sigma_s": 5, "name": "Bilateral"}, "name_den": "b996888a115aa782efb9c0c845044bd1", "psnr": 26.774054857650675, "ssim": 0.8374501695888332}