{"path": "images\\forest-1031022_640.jpg", "var": 0.005, "params": {"diameter": 5, "sigma_i": 210, "sigma_s": 5, "name": "Bilateral"}, "name_den": "b9a03fc2dc64c40e977358e943667373", "psnr": 28.0142130629442, "ssim": 0.6923163250629133}