{"path": "images\\brick-wall-1834446_640.jpg", "var": 0.005, "params": {"diameter": 3, "sigma_i": 50, "sigma_s": 7, "name": "Bilateral"}, "name_den": "ba7fea3580d9f195b3d188f9d96f2f9e", "psnr": 26.01259770931719, "ssim": 0.6374984791836581}