{"path": "images\\man-164962_640.jpg", "var": 0.005, "params": {"diameter": 5, "sigma_i": 90, "sigma_s": 1, "name": "Bilateral"}, "name_den": "baa16a43ae778b63c6a85b305f55cb56", "psnr": 29.10272462401913, "ssim": 0.7489655262056969}