{"path": "images\\forest-1031022_640.jpg", "var": 0.005, "params": {"diameter": 5, "sigma_i": 230, "sigma_s": 5, "name": "Bilateral"}, "name_den": "bb34936c26cd89da30bb5fa4485c3cd9", "psnr": 27.981522663532694, "ssim": 0.6906252282832552}