{"path": "images\\kingfisher-2046453_640.jpg", "var": 0.005, "params": {"diameter": 3, "sigma_i": 170, "sigma_s": 5, "name": "Bilateral"}, "name_den": "bb94418ad3fae98f344bcc7246901c2d", "psnr": 28.46148774910693, "ssim": 0.6882315313224225}