{"path": "images\\kingfisher-2046453_640.jpg", "var": 0.005, "params": {"diameter": 3, "sigma_i": 110, "sigma_s": 7, "name": "Bilateral"}, "name_den": "bca06e57239163da7bedb74008fff2a5", "psnr": 28.827561748583214, "ssim": 0.6916556963349495}