{"path": "images\\architecture-3076685_640.jpg", "var": 0.005, "params": {"diameter": 7, "sigma_i": 110, "sigma_s": 1, "name": "Bilateral"}, "name_den": "bcb41bb7a63492268365cc97a8aa9634", "psnr": 25.28424475069691, "ssim": 0.5732446321561161}