{"path": "images\\brick-wall-1834446_640.jpg", "var": 0.005, "params": {"diameter": 5, "sigma_i": 70, "sigma_s": 1, "name": "Bilateral"}, "name_den": "bcc8c38fc76b52c9024a058ebe84249c", "psnr": 24.148863581654755, "ssim": 0.5586884794165955}