{"path": "images\\brick-wall-1834446_640.jpg", "var": 0.005, "params": {"diameter": 5, "sigma_i": 230, "sigma_s": 3, "name": "Bilateral"}, "name_den": "bcf027d36547228748076037efc23438", "psnr": 21.99137250406097, "ssim": 0.4321628773251233}