{"path": "images\\kingfisher-2046453_640.jpg", "var": 0.005, "params": {"diameter": 3, "sigma_i": 170, "sigma_s": 7, "name": "Bilateral"}, "name_den": "bd4f7dfbd0e0c156fc753c7c5c97f462", "psnr": 28.461836824508143, "ssim": 0.6883863540715175}