{"path": "images\\forest-1031022_640.jpg", "var": 0.005, "params": {"diameter": 5, "sigma_i": 230, "sigma_s": 7, "name": "Bilateral"}, "name_den": "bd5c4ecb176e020ff1139b8bac3204c3", "psnr": 27.96774099923722, "ssim": 0.6896884791847416}