{"path": "images\\guy-2617866_640.jpg", "var": 0.005, "params": {"diameter": 7, "sigma_i": 210, "sigma_s": 1, "name": "Bilateral"}, "name_den": "bd5c9b4c88c42cb0bf3b3b81ff02ff10", "psnr": 28.321780606308305, "ssim": 0.7740572701822575}