{"path": "images\\architecture-3076685_640.jpg", "var": 0.005, "params": {"diameter": 5, "sigma_i": 130, "sigma_s": 3, "name": "Bilateral"}, "name_den": "bd7146a6ff36f96ca7eaf06cee17863b", "psnr": 25.352600242340525, "ssim": 0.5820656342760072}