{"path": "images\\guy-2617866_640.jpg", "var": 0.005, "params": {"diameter": 3, "sigma_i": 170, "sigma_s": 5, "name": "Bilateral"}, "name_den": "bdb6f42f1360077331b892858c13e5e8", "psnr": 29.752817138734212, "ssim": 0.6843417793508072}