{"path": "images\\man-164962_640.jpg", "var": 0.005, "params": {"diameter": 3, "sigma_i": 90, "sigma_s": 5, "name": "Bilateral"}, "name_den": "be5557265751425ee56c6688e9e176d0", "psnr": 29.722505488360053, "ssim": 0.7389989943062099}