{"path": "images\\architecture-3076685_640.jpg", "var": 0.005, "params": {"diameter": 7, "sigma_i": 90, "sigma_s": 7, "name": "Bilateral"}, "name_den": "be798dcef142137bdd7c8afbb5307c8a", "psnr": 25.25373450303379, "ssim": 0.5673694153618665}