{"path": "images\\architecture-3076685_640.jpg", "var": 0.005, "params": {"diameter": 5, "sigma_i": 50, "sigma_s": 7, "name": "Bilateral"}, "name_den": "bf98a036a19443ae5276f5c19539c617", "psnr": 26.983443383682143, "ssim": 0.675055210496532}