{"path": "images\\brick-wall-1834446_640.jpg", "var": 0.005, "params": {"diameter": 5, "sigma_i": 50, "sigma_s": 1, "name": "Bilateral"}, "name_den": "bfaa43169ee5db68a5643340e6d9f5c2", "psnr": 25.350125490422446, "ssim": 0.6176966903839762}