{"path": "images\\kingfisher-2046453_640.jpg", "var": 0.005, "params": {"diameter": 5, "sigma_i": 230, "sigma_s": 7, "name": "Bilateral"}, "name_den": "bfb197907017e2ec95131f2e87851937", "psnr": 27.476279936276278, "ssim": 0.8045139050491649}