{"path": "images\\architecture-3076685_640.jpg", "var": 0.005, "params": {"diameter": 7, "sigma_i": 210, "sigma_s": 5, "name": "Bilateral"}, "name_den": "bfba79a3af5f74ba9a9627dfc4b15918", "psnr": 24.455076513554715, "ssim": 0.515372137238152}