{"path": "images\\brick-wall-1834446_640.jpg", "var": 0.005, "params": {"diameter": 3, "sigma_i": 70, "sigma_s": 1, "name": "Bilateral"}, "name_den": "c031e700e6a092d455ffae249113216f", "psnr": 25.200482840180438, "ssim": 0.5975287867340164}