{"path": "images\\forest-1031022_640.jpg", "var": 0.005, "params": {"diameter": 7, "sigma_i": 210, "sigma_s": 5, "name": "Bilateral"}, "name_den": "c0bc39b75974613ae15014d427855273", "psnr": 27.44717330637226, "ssim": 0.677578855312969}