{"path": "images\\forest-1031022_640.jpg", "var": 0.005, "params": {"diameter": 7, "sigma_i": 130, "sigma_s": 3, "name": "Bilateral"}, "name_den": "c134ccc528bd62c9873f93dac63896dd", "psnr": 27.804772307800004, "ssim": 0.6952294824607986}