{"path": "images\\forest-1031022_640.jpg", "var": 0.005, "params": {"diameter": 5, "sigma_i": 230, "sigma_s": 3, "name": "Bilateral"}, "name_den": "c143548711bebd7efaa0f47d5b90dd40", "psnr": 28.03233676218482, "ssim": 0.6927311719711505}