{"path": "images\\forest-1031022_640.jpg", "var": 0.005, "params": {"diameter": 7, "sigma_i": 90, "sigma_s": 3, "name": "Bilateral"}, "name_den": "c14e7325857351868507b2e8bed5bacf", "psnr": 28.236139479483914, "ssim": 0.7133929125887298}