{"path": "images\\architecture-3076685_640.jpg", "var": 0.005, "params": {"diameter": 7, "sigma_i": 190, "sigma_s": 7, "name": "Bilateral"}, "name_den": "c1b3392c4dd3d1efdc545d88cea9b109", "psnr": 24.478838596395253, "ssim": 0.5166025580986043}