{"path": "images\\guy-2617866_640.jpg", "var": 0.005, "params": {"diameter": 5, "sigma_i": 190, "sigma_s": 7, "name": "Bilateral"}, "name_den": "c1c8aa37106f6ae733fc71faf01f3f18", "psnr": 28.894166192361364, "ssim": 0.7985075363462898}