{"path": "images\\brick-wall-1834446_640.jpg", "var": 0.005, "params": {"diameter": 7, "sigma_i": 210, "sigma_s": 1, "name": "Bilateral"}, "name_den": "c271cf9cf37311293eebe84ab5d97cc3", "psnr": 22.585530474720954, "ssim": 0.48134129990562186}