{"path": "images\\brick-wall-1834446_640.jpg", "var": 0.005, "params": {"diameter": 3, "sigma_i": 210, "sigma_s": 3, "name": "Bilateral"}, "name_den": "c3047656df9c3a037fe40d9566b47f1c", "psnr": 23.428486202119785, "ssim": 0.5198240618984519}