{"path": "images\\kingfisher-2046453_640.jpg", "var": 0.005, "params": {"diameter": 7, "sigma_i": 170, "sigma_s": 3, "name": "Bilateral"}, "name_den": "c35c2586c5b945f2bb59fbd33d0e7b71", "psnr": 27.11786287887869, "ssim": 0.8416795988631419}