{"path": "images\\forest-1031022_640.jpg", "var": 0.005, "params": {"diameter": 5, "sigma_i": 110, "sigma_s": 7, "name": "Bilateral"}, "name_den": "c416fa1636730bfadd270d34d832c769", "psnr": 28.42034173997519, "ssim": 0.7079302636047009}