{"path": "images\\brick-wall-1834446_640.jpg", "var": 0.005, "params": {"diameter": 7, "sigma_i": 210, "sigma_s": 7, "name": "Bilateral"}, "name_den": "c4daa1e2db024be2b87bb47541abd936", "psnr": 22.625404374475785, "ssim": 0.5087307656129121}