{"path": "images\\man-164962_640.jpg", "var": 0.005, "params": {"diameter": 5, "sigma_i": 150, "sigma_s": 5, "name": "Bilateral"}, "name_den": "c4df7facc1b61d0a6b98182ea6712b31", "psnr": 28.646093170611948, "ssim": 0.7576053426412316}