{"path": "images\\kingfisher-2046453_640.jpg", "var": 0.005, "params": {"diameter": 3, "sigma_i": 50, "sigma_s": 1, "name": "Bilateral"}, "name_den": "c53341beb994c2e4cde2e7fe04d8aeeb", "psnr": 29.251330190118402, "ssim": 0.6419740961181123}