{"path": "images\\kingfisher-2046453_640.jpg", "var": 0.005, "params": {"diameter": 5, "sigma_i": 170, "sigma_s": 3, "name": "Bilateral"}, "name_den": "c5a73cf93b5828faf761bb0273fa5890", "psnr": 27.8150467932363, "ssim": 0.8087829098691056}