{"path": "images\\architecture-3076685_640.jpg", "var": 0.005, "params": {"diameter": 3, "sigma_i": 170, "sigma_s": 1, "name": "Bilateral"}, "name_den": "c62ea50123625d1340bc281d8dbbb4c0", "psnr": 26.376862533000462, "ssim": 0.6480429171501162}