{"path": "images\\forest-1031022_640.jpg", "var": 0.005, "params": {"diameter": 7, "sigma_i": 170, "sigma_s": 5, "name": "Bilateral"}, "name_den": "c62fae4694474a85ae501b279e6e320a", "psnr": 27.540561155349323, "ssim": 0.6822098491358973}