{"path": "images\\man-164962_640.jpg", "var": 0.005, "params": {"diameter": 3, "sigma_i": 170, "sigma_s": 7, "name": "Bilateral"}, "name_den": "c6449f9d184cdd5c28108ec6c0c1144b", "psnr": 29.431309340311515, "ssim": 0.7349665183560381}