{"path": "images\\guy-2617866_640.jpg", "var": 0.005, "params": {"diameter": 7, "sigma_i": 110, "sigma_s": 1, "name": "Bilateral"}, "name_den": "c65304d176f6ab8f921483a59fafe299", "psnr": 29.615091342379888, "ssim": 0.7838881940366912}