{"path": "images\\kingfisher-2046453_640.jpg", "var": 0.005, "params": {"diameter": 7, "sigma_i": 230, "sigma_s": 7, "name": "Bilateral"}, "name_den": "c6cbb1cb4040d245a4de032fcb1f8eb6", "psnr": 26.66863581906487, "ssim": 0.8358554611292321}