{"path": "images\\brick-wall-1834446_640.jpg", "var": 0.005, "params": {"diameter": 7, "sigma_i": 230, "sigma_s": 1, "name": "Bilateral"}, "name_den": "c760e957d5125d125b03d366045b712e", "psnr": 22.521974854889322, "ssim": 0.47775188280969094}