{"path": "images\\forest-1031022_640.jpg", "var": 0.005, "params": {"diameter": 5, "sigma_i": 130, "sigma_s": 3, "name": "Bilateral"}, "name_den": "c7a4a7b44c685bcf371a546da2e56e43", "psnr": 28.31848133032432, "ssim": 0.7046925798593411}