{"path": "images\\brick-wall-1834446_640.jpg", "var": 0.005, "params": {"diameter": 3, "sigma_i": 50, "sigma_s": 3, "name": "Bilateral"}, "name_den": "c895977fe97dbb8f6e14409ea6ecae1a", "psnr": 26.042355108230208, "ssim": 0.637932734138643}