{"path": "images\\architecture-3076685_640.jpg", "var": 0.005, "params": {"diameter": 7, "sigma_i": 150, "sigma_s": 3, "name": "Bilateral"}, "name_den": "c9044c2fdae7224db48901e99dd6822f", "psnr": 24.71108124239443, "ssim": 0.5338863262433137}