{"path": "images\\man-164962_640.jpg", "var": 0.005, "params": {"diameter": 5, "sigma_i": 70, "sigma_s": 7, "name": "Bilateral"}, "name_den": "c9bcc44a898d33297792dee7508a706f", "psnr": 29.531047928336392, "ssim": 0.7729705265119463}