{"path": "images\\guy-2617866_640.jpg", "var": 0.005, "params": {"diameter": 7, "sigma_i": 170, "sigma_s": 7, "name": "Bilateral"}, "name_den": "cab72887adb4fb50746690e0189e85c9", "psnr": 28.092145389991003, "ssim": 0.8328236746593602}