{"path": "images\\kingfisher-2046453_640.jpg", "var": 0.005, "params": {"diameter": 7, "sigma_i": 190, "sigma_s": 5, "name": "Bilateral"}, "name_den": "cb5b8f027262d738aca5c9151fe0c76d", "psnr": 26.884512514605365, "ssim": 0.839338032778176}