{"path": "images\\architecture-3076685_640.jpg", "var": 0.005, "params": {"diameter": 3, "sigma_i": 90, "sigma_s": 3, "name": "Bilateral"}, "name_den": "cb707f446ecdc836fe78944cb03bb8c9", "psnr": 26.788264871211894, "ssim": 0.6683318802133663}