{"path": "images\\architecture-3076685_640.jpg", "var": 0.005, "params": {"diameter": 5, "sigma_i": 50, "sigma_s": 5, "name": "Bilateral"}, "name_den": "cc28079608e1c4fd5d76a5cfb27a1e91", "psnr": 26.98404971213789, "ssim": 0.6753054688406467}