{"path": "images\\architecture-3076685_640.jpg", "var": 0.005, "params": {"diameter": 7, "sigma_i": 130, "sigma_s": 7, "name": "Bilateral"}, "name_den": "cd0af82be699f25d815957c5ce8d45cd", "psnr": 24.753001191563403, "ssim": 0.5347482179207743}