{"path": "images\\kingfisher-2046453_640.jpg", "var": 0.005, "params": {"diameter": 3, "sigma_i": 90, "sigma_s": 7, "name": "Bilateral"}, "name_den": "cd8b0064ff15fae06f41a498c36d2a7e", "psnr": 29.07107013052666, "ssim": 0.693782670515693}