{"path": "images\\brick-wall-1834446_640.jpg", "var": 0.005, "params": {"diameter": 7, "sigma_i": 90, "sigma_s": 3, "name": "Bilateral"}, "name_den": "cdc6d93cdaa9d5bcfff9ab36ff6cffa8", "psnr": 23.943336560117203, "ssim": 0.5829920365176092}