{"path": "images\\kingfisher-2046453_640.jpg", "var": 0.005, "params": {"diameter": 5, "sigma_i": 50, "sigma_s": 1, "name": "Bilateral"}, "name_den": "cde4ceb2b870b2ea66406aada02180ec", "psnr": 29.973406793443043, "ssim": 0.7470219991005903}