{"path": "images\\forest-1031022_640.jpg", "var": 0.005, "params": {"diameter": 7, "sigma_i": 250, "sigma_s": 3, "name": "Bilateral"}, "name_den": "cef762e4bb02346173ddb7cfcfb9619b", "psnr": 27.476419039352614, "ssim": 0.6796857458478512}