{"path": "images\\brick-wall-1834446_640.jpg", "var": 0.005, "params": {"diameter": 5, "sigma_i": 170, "sigma_s": 7, "name": "Bilateral"}, "name_den": "cfd8d2489fa16f08277745608c70176b", "psnr": 22.155746514139256, "ssim": 0.44192208873505084}