{"path": "images\\forest-1031022_640.jpg", "var": 0.005, "params": {"diameter": 7, "sigma_i": 190, "sigma_s": 3, "name": "Bilateral"}, "name_den": "d08450878017e6fdb4226076f6e872bc", "psnr": 27.568252213017395, "ssim": 0.6839065598872743}