{"path": "images\\kingfisher-2046453_640.jpg", "var": 0.005, "params": {"diameter": 3, "sigma_i": 70, "sigma_s": 1, "name": "Bilateral"}, "name_den": "d196324b52f8985d8e087c001e60b635", "psnr": 29.13759830366397, "ssim": 0.6562448070528949}