{"path": "images\\brick-wall-1834446_640.jpg", "var": 0.005, "params": {"diameter": 3, "sigma_i": 130, "sigma_s": 5, "name": "Bilateral"}, "name_den": "d1d89bbf75e456fcd2db32c24dab1ad1", "psnr": 23.80619191920622, "ssim": 0.5389079462666694}