{"path": "images\\kingfisher-2046453_640.jpg", "var": 0.005, "params": {"diameter": 5, "sigma_i": 190, "sigma_s": 5, "name": "Bilateral"}, "name_den": "d1f896b9887d6ed8ec9bae5a81db8b68", "psnr": 27.653953512412613, "ssim": 0.8071299423113164}