{"path": "images\\architecture-3076685_640.jpg", "var": 0.005, "params": {"diameter": 5, "sigma_i": 210, "sigma_s": 5, "name": "Bilateral"}, "name_den": "d2460f73de220f98c41c767d42f3cc64", "psnr": 25.020599825052138, "ssim": 0.5607072147378976}