{"path": "images\\kingfisher-2046453_640.jpg", "var": 0.005, "params": {"diameter": 5, "sigma_i": 90, "sigma_s": 1, "name": "Bilateral"}, "name_den": "d2526a2414c640d39394f15965e313de", "psnr": 28.946025689649883, "ssim": 0.7658525353389734}