{"path": "images\\architecture-3076685_640.jpg", "var": 0.005, "params": {"diameter": 7, "sigma_i": 90, "sigma_s": 3, "name": "Bilateral"}, "name_den": "d2a882ddd6a50370388a7b35f1864a6f", "psnr": 25.3223425106752, "ssim": 0.5729520731855506}