{"path": "images\\brick-wall-1834446_640.jpg", "var": 0.005, "params": {"diameter": 7, "sigma_i": 50, "sigma_s": 1, "name": "Bilateral"}, "name_den": "d2ba4a292db14c501dae11d6090ebf2d", "psnr": 25.874062040733392, "ssim": 0.6498566796356608}