{"path": "images\\architecture-3076685_640.jpg", "var": 0.005, "params": {"diameter": 7, "sigma_i": 250, "sigma_s": 5, "name": "Bilateral"}, "name_den": "d359531326e53a9a0ddd509a86338985", "psnr": 24.389853130924315, "ssim": 0.5114563812400624}