{"path": "images\\man-164962_640.jpg", "var": 0.005, "params": {"diameter": 5, "sigma_i": 210, "sigma_s": 3, "name": "Bilateral"}, "name_den": "d3722474f3ca4fdb492730fb9c8a81df", "psnr": 28.501941318426244, "ssim": 0.7557648617674162}