{"path": "images\\guy-2617866_640.jpg", "var": 0.005, "params": {"diameter": 5, "sigma_i": 210, "sigma_s": 1, "name": "Bilateral"}, "name_den": "d3ce133b5875e49e7e0d443361c1a9e8", "psnr": 28.974044551815105, "ssim": 0.7493757935318155}