{"path": "images\\kingfisher-2046453_640.jpg", "var": 0.005, "params": {"diameter": 7, "sigma_i": 150, "sigma_s": 3, "name": "Bilateral"}, "name_den": "d41c6b1a013c2f0c8f564077f6a7d19d", "psnr": 27.29700329281104, "ssim": 0.8441302469682866}