{"path": "images\\brick-wall-1834446_640.jpg", "var": 0.005, "params": {"diameter": 5, "sigma_i": 50, "sigma_s": 3, "name": "Bilateral"}, "name_den": "d4957eb9dcc1597d704ecbf893c58c5c", "psnr": 25.268216746083777, "ssim": 0.6272592827434774}