{"path": "images\\forest-1031022_640.jpg", "var": 0.005, "params": {"diameter": 7, "sigma_i": 190, "sigma_s": 1, "name": "Bilateral"}, "name_den": "d4f6f9c84433eadd6b3c90229c01dc19", "psnr": 27.771158423871192, "ssim": 0.6676422316250208}