{"path": "images\\kingfisher-2046453_640.jpg", "var": 0.005, "params": {"diameter": 5, "sigma_i": 170, "sigma_s": 7, "name": "Bilateral"}, "name_den": "d5433fbc2492c8fdd6102608d47f174e", "psnr": 27.757188950955587, "ssim": 0.8087027182230301}