{"path": "images\\man-164962_640.jpg", "var": 0.005, "params": {"diameter": 7, "sigma_i": 230, "sigma_s": 7, "name": "Bilateral"}, "name_den": "d5d2f915db61add901bdccfac354f20b", "psnr": 27.524117468620993, "ssim": 0.7459978417542286}