{"path": "images\\man-164962_640.jpg", "var": 0.005, "params": {"diameter": 3, "sigma_i": 250, "sigma_s": 3, "name": "Bilateral"}, "name_den": "d644cfcd84b3d77f297b5dc13bd2d065", "psnr": 29.359924739143555, "ssim": 0.7342278903925226}