{"path": "images\\guy-2617866_640.jpg", "var": 0.005, "params": {"diameter": 7, "sigma_i": 150, "sigma_s": 3, "name": "Bilateral"}, "name_den": "d6b7fdf80ceec80f2641ff53b3ab4f1b", "psnr": 28.529504129330117, "ssim": 0.8359913810738403}