{"path": "images\\brick-wall-1834446_640.jpg", "var": 0.005, "params": {"diameter": 5, "sigma_i": 90, "sigma_s": 1, "name": "Bilateral"}, "name_den": "d6c75377922f1f4f84105e11f37fa2f0", "psnr": 23.40648981679522, "ssim": 0.5151791685733874}