{"path": "images\\guy-2617866_640.jpg", "var": 0.005, "params": {"diameter": 5, "sigma_i": 150, "sigma_s": 3, "name": "Bilateral"}, "name_den": "d711601a4fc69a5082160ad2e2f083aa", "psnr": 29.356828403042492, "ssim": 0.8007538914693829}