{"path": "images\\brick-wall-1834446_640.jpg", "var": 0.005, "params": {"diameter": 5, "sigma_i": 50, "sigma_s": 5, "name": "Bilateral"}, "name_den": "d78dec3053b5d2d27052b41660de937d", "psnr": 25.22180645010333, "ssim": 0.626294322730149}