{"path": "images\\man-164962_640.jpg", "var": 0.005, "params": {"diameter": 3, "sigma_i": 230, "sigma_s": 1, "name": "Bilateral"}, "name_den": "d793b88fa7adb8f045aaad218bae8d69", "psnr": 29.079528637212935, "ssim": 0.7148049655108987}