{"path": "images\\guy-2617866_640.jpg", "var": 0.005, "params": {"diameter": 7, "sigma_i": 50, "sigma_s": 3, "name": "Bilateral"}, "name_den": "d7a34ac3549b3c789eb760fe88ccc28b", "psnr": 31.99528216806627, "ssim": 0.837475585675289}