{"path": "images\\forest-1031022_640.jpg", "var": 0.005, "params": {"diameter": 3, "sigma_i": 110, "sigma_s": 3, "name": "Bilateral"}, "name_den": "d84cb4cf58d4150f7eeaee6171610a97", "psnr": 29.053501923456242, "ssim": 0.6853898997016312}