{"path": "images\\brick-wall-1834446_640.jpg", "var": 0.005, "params": {"diameter": 5, "sigma_i": 170, "sigma_s": 3, "name": "Bilateral"}, "name_den": "d8c4e96bb83f18e502a9031738f5ca99", "psnr": 22.200951894859585, "ssim": 0.44594062426996445}