{"path": "images\\man-164962_640.jpg", "var": 0.005, "params": {"diameter": 7, "sigma_i": 250, "sigma_s": 1, "name": "Bilateral"}, "name_den": "d8d360f045d9ba5f5d2e53d4b5cd9006", "psnr": 27.741484965494486, "ssim": 0.7328292722833888}