{"path": "images\\architecture-3076685_640.jpg", "var": 0.005, "params": {"diameter": 7, "sigma_i": 110, "sigma_s": 5, "name": "Bilateral"}, "name_den": "d8e59c7647ef3d1209bed4286379b5b0", "psnr": 24.967546850758715, "ssim": 0.5495061417519227}