{"path": "images\\kingfisher-2046453_640.jpg", "var": 0.005, "params": {"diameter": 3, "sigma_i": 210, "sigma_s": 5, "name": "Bilateral"}, "name_den": "d91d4f5b4c593188bcc0461495d8a6f9", "psnr": 28.357588612557763, "ssim": 0.6884266461778865}