{"path": "images\\architecture-3076685_640.jpg", "var": 0.005, "params": {"diameter": 7, "sigma_i": 170, "sigma_s": 3, "name": "Bilateral"}, "name_den": "d926f48288f2d1f54a99a9b3f133d789", "psnr": 24.621817347514195, "ssim": 0.5283100726347261}