{"path": "images\\guy-2617866_640.jpg", "var": 0.005, "params": {"diameter": 5, "sigma_i": 210, "sigma_s": 5, "name": "Bilateral"}, "name_den": "d94033cf58d542b0ce9ceccd96b52b7a", "psnr": 28.781242164407196, "ssim": 0.7965106675054691}