{"path": "images\\kingfisher-2046453_640.jpg", "var": 0.005, "params": {"diameter": 3, "sigma_i": 230, "sigma_s": 3, "name": "Bilateral"}, "name_den": "d9ff5a492ede09a1fd699a84f69741ce", "psnr": 28.33053799393194, "ssim": 0.6871851669110627}