{"path": "images\\kingfisher-2046453_640.jpg", "var": 0.005, "params": {"diameter": 3, "sigma_i": 230, "sigma_s": 5, "name": "Bilateral"}, "name_den": "da38f093cdff815b09554a2731db624a", "psnr": 28.312781926176775, "ssim": 0.6864505100051691}