{"path": "images\\brick-wall-1834446_640.jpg", "var": 0.005, "params": {"diameter": 7, "sigma_i": 190, "sigma_s": 7, "name": "Bilateral"}, "name_den": "da713588642d9471b11bebeabaf2e05e", "psnr": 22.702810375123377, "ssim": 0.513173331070623}