{"path": "images\\kingfisher-2046453_640.jpg", "var": 0.005, "params": {"diameter": 7, "sigma_i": 90, "sigma_s": 5, "name": "Bilateral"}, "name_den": "dad481d4f17047f26cbd24a8ce436f64", "psnr": 28.422770412236993, "ssim": 0.8581547320706839}