{"path": "images\\forest-1031022_640.jpg", "var": 0.005, "params": {"diameter": 7, "sigma_i": 170, "sigma_s": 3, "name": "Bilateral"}, "name_den": "dafd58d95bcec865c45c3313af375734", "psnr": 27.619750549689265, "ssim": 0.6864225145577075}