{"path": "images\\guy-2617866_640.jpg", "var": 0.005, "params": {"diameter": 5, "sigma_i": 250, "sigma_s": 7, "name": "Bilateral"}, "name_den": "db3007672b9e125fc399670ba6b1c344", "psnr": 28.585854936904642, "ssim": 0.7949205984339339}