{"path": "images\\architecture-3076685_640.jpg", "var": 0.005, "params": {"diameter": 7, "sigma_i": 230, "sigma_s": 7, "name": "Bilateral"}, "name_den": "dba49c60014f100863a7a43dd02745bf", "psnr": 24.400387655134004, "ssim": 0.5116805291441007}