{"path": "images\\forest-1031022_640.jpg", "var": 0.005, "params": {"diameter": 3, "sigma_i": 150, "sigma_s": 7, "name": "Bilateral"}, "name_den": "dbbae714d867db2c3656ddfcd96321e8", "psnr": 28.871928969494117, "ssim": 0.6795413156024113}