{"path": "images\\kingfisher-2046453_640.jpg", "var": 0.005, "params": {"diameter": 5, "sigma_i": 190, "sigma_s": 3, "name": "Bilateral"}, "name_den": "dbcf140fa47110e1478a2d6085325177", "psnr": 27.72164771882116, "ssim": 0.8080815824010993}