{"path": "images\\forest-1031022_640.jpg", "var": 0.005, "params": {"diameter": 5, "sigma_i": 130, "sigma_s": 5, "name": "Bilateral"}, "name_den": "dbf7b4ac0c65e9d207fbeed23ce0be66", "psnr": 28.26739289266478, "ssim": 0.7017250310005537}