{"path": "images\\man-164962_640.jpg", "var": 0.005, "params": {"diameter": 5, "sigma_i": 150, "sigma_s": 7, "name": "Bilateral"}, "name_den": "dc1bbea3b046373bff77d0492a70b815", "psnr": 28.651586656541998, "ssim": 0.757374473204066}