{"path": "images\\man-164962_640.jpg", "var": 0.005, "params": {"diameter": 5, "sigma_i": 70, "sigma_s": 1, "name": "Bilateral"}, "name_den": "dc975a13f3cbac5d964b5c4e46802470", "psnr": 29.40485839804031, "ssim": 0.7525451341895645}