{"path": "images\\kingfisher-2046453_640.jpg", "var": 0.005, "params": {"diameter": 3, "sigma_i": 190, "sigma_s": 3, "name": "Bilateral"}, "name_den": "dcf27658f5fe5acf10953cb5cd01c78b", "psnr": 28.42001896745547, "ssim": 0.687265526917789}