{"path": "images\\forest-1031022_640.jpg", "var": 0.005, "params": {"diameter": 5, "sigma_i": 90, "sigma_s": 5, "name": "Bilateral"}, "name_den": "dd37b3bf9f58e87589cd76ff3c000501", "psnr": 28.666262629827294, "ssim": 0.7169355252120836}