{"path": "images\\brick-wall-1834446_640.jpg", "var": 0.005, "params": {"diameter": 7, "sigma_i": 70, "sigma_s": 1, "name": "Bilateral"}, "name_den": "dd3fbfb00203b6456e64cf2d4c8b461a", "psnr": 24.642839144297323, "ssim": 0.5976767025520263}