{"path": "images\\architecture-3076685_640.jpg", "var": 0.005, "params": {"diameter": 3, "sigma_i": 70, "sigma_s": 5, "name": "Bilateral"}, "name_den": "dd4fbcd75c7bc05194590e6fc408d765", "psnr": 27.070779317549537, "ssim": 0.6818756355768834}