{"path": "images\\kingfisher-2046453_640.jpg", "var": 0.005, "params": {"diameter": 5, "sigma_i": 250, "sigma_s": 7, "name": "Bilateral"}, "name_den": "de765a1b10debd790325444efccf69e8", "psnr": 27.428018149654957, "ssim": 0.804585439203045}