{"path": "images\\guy-2617866_640.jpg", "var": 0.005, "params": {"diameter": 3, "sigma_i": 190, "sigma_s": 1, "name": "Bilateral"}, "name_den": "deaa6873a3819c4785f4e61db2e0fdd6", "psnr": 29.482240009229468, "ssim": 0.6515357926040809}