{"path": "images\\architecture-3076685_640.jpg", "var": 0.005, "params": {"diameter": 5, "sigma_i": 150, "sigma_s": 1, "name": "Bilateral"}, "name_den": "def1c4716ae9c620630b425ad3f6bf3d", "psnr": 25.43323690781452, "ssim": 0.5898191816922038}