{"path": "images\\guy-2617866_640.jpg", "var": 0.005, "params": {"diameter": 3, "sigma_i": 50, "sigma_s": 7, "name": "Bilateral"}, "name_den": "df2bd7b40c994a97496b478055438d2c", "psnr": 30.682985061028884, "ssim": 0.6735726993309482}