{"path": "images\\architecture-3076685_640.jpg", "var": 0.005, "params": {"diameter": 3, "sigma_i": 250, "sigma_s": 5, "name": "Bilateral"}, "name_den": "df67aa76c38b83584397b5a3b745b75d", "psnr": 26.219235593193446, "ssim": 0.6408077400295165}