{"path": "images\\kingfisher-2046453_640.jpg", "var": 0.005, "params": {"diameter": 3, "sigma_i": 90, "sigma_s": 1, "name": "Bilateral"}, "name_den": "df703c8d4ba3e564e27a5f31642380f9", "psnr": 28.932263641526433, "ssim": 0.6610075355926289}