{"path": "images\\man-164962_640.jpg", "var": 0.005, "params": {"diameter": 5, "sigma_i": 230, "sigma_s": 5, "name": "Bilateral"}, "name_den": "dfc6d1f6a5dcf5a00abfb94e957bf754", "psnr": 28.409256349383828, "ssim": 0.753027354133163}