{"path": "images\\guy-2617866_640.jpg", "var": 0.005, "params": {"diameter": 7, "sigma_i": 90, "sigma_s": 7, "name": "Bilateral"}, "name_den": "dfda2c0c8f438516d3e137afc3f80a62", "psnr": 30.01199267719304, "ssim": 0.8479299126378438}