{"path": "images\\man-164962_640.jpg", "var": 0.005, "params": {"diameter": 3, "sigma_i": 230, "sigma_s": 5, "name": "Bilateral"}, "name_den": "e00fc5ffd14b28feebed9a02705c8896", "psnr": 29.361600104338414, "ssim": 0.7341055465416902}