{"path": "images\\architecture-3076685_640.jpg", "var": 0.005, "params": {"diameter": 7, "sigma_i": 190, "sigma_s": 1, "name": "Bilateral"}, "name_den": "e04b2e0d9a209b7947bb700b9b31e52e", "psnr": 24.8403225209275, "ssim": 0.5461333955555722}