{"path": "images\\kingfisher-2046453_640.jpg", "var": 0.005, "params": {"diameter": 3, "sigma_i": 50, "sigma_s": 5, "name": "Bilateral"}, "name_den": "e0f7d57115f613383172eae0bab7d6c6", "psnr": 29.60229939510635, "ssim": 0.6800316674244856}