{"path": "images\\brick-wall-1834446_640.jpg", "var": 0.005, "params": {"diameter": 5, "sigma_i": 210, "sigma_s": 7, "name": "Bilateral"}, "name_den": "e15cf9178d9e307136ca86b1541f65bc", "psnr": 21.997753964537573, "ssim": 0.43072518330362364}