{"path": "images\\forest-1031022_640.jpg", "var": 0.005, "params": {"diameter": 3, "sigma_i": 230, "sigma_s": 3, "name": "Bilateral"}, "name_den": "e21e12971b023ae9289042a68867b7a5", "psnr": 28.76997929525737, "ssim": 0.6767730029902369}