{"path": "images\\forest-1031022_640.jpg", "var": 0.005, "params": {"diameter": 5, "sigma_i": 50, "sigma_s": 7, "name": "Bilateral"}, "name_den": "e227c00fdf19987233707d32e0e1a755", "psnr": 29.63048500453128, "ssim": 0.7378662169938552}