{"path": "images\\architecture-3076685_640.jpg", "var": 0.005, "params": {"diameter": 5, "sigma_i": 70, "sigma_s": 1, "name": "Bilateral"}, "name_den": "e263320831ddf0d4c50967dcc9f856a9", "psnr": 26.385157524607003, "ssim": 0.6429615368104976}