{"path": "images\\forest-1031022_640.jpg", "var": 0.005, "params": {"diameter": 3, "sigma_i": 70, "sigma_s": 3, "name": "Bilateral"}, "name_den": "e313c238a54f387a0d125be8de9ee902", "psnr": 29.314053832015603, "ssim": 0.6909630845762654}