{"path": "images\\architecture-3076685_640.jpg", "var": 0.005, "params": {"diameter": 5, "sigma_i": 150, "sigma_s": 3, "name": "Bilateral"}, "name_den": "e3c428651cd31f5bb69c75ff840dcec2", "psnr": 25.239155443572557, "ssim": 0.5750766915848918}