{"path": "images\\kingfisher-2046453_640.jpg", "var": 0.005, "params": {"diameter": 7, "sigma_i": 250, "sigma_s": 7, "name": "Bilateral"}, "name_den": "e41bafacd4a20f89a5bf0288c296e178", "psnr": 26.593491265031073, "ssim": 0.8346473951821064}