{"path": "images\\forest-1031022_640.jpg", "var": 0.005, "params": {"diameter": 5, "sigma_i": 210, "sigma_s": 1, "name": "Bilateral"}, "name_den": "e4309c9724005a08898b8e2f8fcf57d8", "psnr": 28.111206779884938, "ssim": 0.6748726503682129}