{"path": "images\\guy-2617866_640.jpg", "var": 0.005, "params": {"diameter": 7, "sigma_i": 190, "sigma_s": 7, "name": "Bilateral"}, "name_den": "e4a6a6eba36918be029533ff3a8b1289", "psnr": 27.881354375640292, "ssim": 0.8306003448253721}