{"path": "images\\brick-wall-1834446_640.jpg", "var": 0.005, "params": {"diameter": 5, "sigma_i": 250, "sigma_s": 3, "name": "Bilateral"}, "name_den": "e4d5602f7073745df5379f20f7a05e90", "psnr": 21.94835266728502, "ssim": 0.4283485514982079}