{"path": "images\\forest-1031022_640.jpg", "var": 0.005, "params": {"diameter": 5, "sigma_i": 150, "sigma_s": 7, "name": "Bilateral"}, "name_den": "e4e8b9040d74b3409de558e6a267e739", "psnr": 28.163891997734794, "ssim": 0.6980429037812518}