{"path": "images\\architecture-3076685_640.jpg", "var": 0.005, "params": {"diameter": 7, "sigma_i": 230, "sigma_s": 1, "name": "Bilateral"}, "name_den": "e586fc3bc129582891cc4b6cd34c6d16", "psnr": 24.761492774134535, "ssim": 0.5413279614517831}