{"path": "images\\man-164962_640.jpg", "var": 0.005, "params": {"diameter": 7, "sigma_i": 170, "sigma_s": 5, "name": "Bilateral"}, "name_den": "e641e1064854957b9f0db895566be0af", "psnr": 27.75024711014128, "ssim": 0.7518883252908001}