{"path": "images\\forest-1031022_640.jpg", "var": 0.005, "params": {"diameter": 7, "sigma_i": 70, "sigma_s": 7, "name": "Bilateral"}, "name_den": "e66b9838ad85c41eaf7b6a0c791a13a8", "psnr": 28.585836569382135, "ssim": 0.7250817694204121}