{"path": "images\\guy-2617866_640.jpg", "var": 0.005, "params": {"diameter": 7, "sigma_i": 250, "sigma_s": 3, "name": "Bilateral"}, "name_den": "e67ee49f4b61b33e6690694ddf3483dc", "psnr": 27.671513846089006, "ssim": 0.828400320668575}