{"path": "images\\architecture-3076685_640.jpg", "var": 0.005, "params": {"diameter": 7, "sigma_i": 210, "sigma_s": 1, "name": "Bilateral"}, "name_den": "e6acdd33d5a7fa610cf14b4a42924ab7", "psnr": 24.79776948787469, "ssim": 0.5435586683401118}