{"path": "images\\guy-2617866_640.jpg", "var": 0.005, "params": {"diameter": 5, "sigma_i": 230, "sigma_s": 1, "name": "Bilateral"}, "name_den": "e6e17a4798c04642266be3fe87054cef", "psnr": 28.887946083459926, "ssim": 0.7499093297106878}