{"path": "images\\kingfisher-2046453_640.jpg", "var": 0.005, "params": {"diameter": 5, "sigma_i": 50, "sigma_s": 3, "name": "Bilateral"}, "name_den": "e7705bdbcca283bdf5a4dc3f8a256dbf", "psnr": 30.299409735966837, "ssim": 0.8042234149559997}