{"path": "images\\guy-2617866_640.jpg", "var": 0.005, "params": {"diameter": 7, "sigma_i": 70, "sigma_s": 3, "name": "Bilateral"}, "name_den": "e7c3ced54777bdf3f5aced26a1399f59", "psnr": 31.085109856474276, "ssim": 0.8505170542530265}