{"path": "images\\man-164962_640.jpg", "var": 0.005, "params": {"diameter": 7, "sigma_i": 190, "sigma_s": 1, "name": "Bilateral"}, "name_den": "e819f1abbc0fba8db70071abf0c0c262", "psnr": 27.872084057632414, "ssim": 0.7347723686974236}