{"path": "images\\man-164962_640.jpg", "var": 0.005, "params": {"diameter": 7, "sigma_i": 50, "sigma_s": 7, "name": "Bilateral"}, "name_den": "e81fba8f6c19f6bcafe09e7863eeaf43", "psnr": 29.59385264798858, "ssim": 0.7830721222223285}