{"path": "images\\forest-1031022_640.jpg", "var": 0.005, "params": {"diameter": 7, "sigma_i": 230, "sigma_s": 7, "name": "Bilateral"}, "name_den": "e824fb1cf3f4b1e99b0df8372def0acf", "psnr": 27.392326452609176, "ssim": 0.6742070947678019}