{"path": "images\\man-164962_640.jpg", "var": 0.005, "params": {"diameter": 3, "sigma_i": 190, "sigma_s": 1, "name": "Bilateral"}, "name_den": "e85d0863838f09eb5430f00f48aac699", "psnr": 29.111566963505375, "ssim": 0.7160179640328179}