{"path": "images\\man-164962_640.jpg", "var": 0.005, "params": {"diameter": 3, "sigma_i": 90, "sigma_s": 3, "name": "Bilateral"}, "name_den": "e9478178d36a9d5c07a301dd79bf3c5d", "psnr": 29.73080227315791, "ssim": 0.7397233173349206}