{"path": "images\\brick-wall-1834446_640.jpg", "var": 0.005, "params": {"diameter": 3, "sigma_i": 170, "sigma_s": 5, "name": "Bilateral"}, "name_den": "e965b1082dd0dde42f45de0998e8eac3", "psnr": 23.533790622657182, "ssim": 0.524015156174828}