{"path": "images\\guy-2617866_640.jpg", "var": 0.005, "params": {"diameter": 3, "sigma_i": 70, "sigma_s": 7, "name": "Bilateral"}, "name_den": "e9b4131b2b9eaca8de77473980ce33a9", "psnr": 30.6221893148485, "ssim": 0.686005711468949}