{"path": "images\\architecture-3076685_640.jpg", "var": 0.005, "params": {"diameter": 3, "sigma_i": 90, "sigma_s": 1, "name": "Bilateral"}, "name_den": "e9c459226bad532521adc870e2549847", "psnr": 26.792043210165314, "ssim": 0.6670087569721392}