{"path": "images\\man-164962_640.jpg", "var": 0.005, "params": {"diameter": 3, "sigma_i": 50, "sigma_s": 7, "name": "Bilateral"}, "name_den": "ea341395736e8b726b61a0c053020afa", "psnr": 29.889522074841892, "ssim": 0.7363310773770406}