{"path": "images\\guy-2617866_640.jpg", "var": 0.005, "params": {"diameter": 5, "sigma_i": 50, "sigma_s": 5, "name": "Bilateral"}, "name_den": "ea7b73ef06aec98abb52bd919d105a8d", "psnr": 31.84912284809371, "ssim": 0.7961165626188764}