{"path": "images\\kingfisher-2046453_640.jpg", "var": 0.005, "params": {"diameter": 7, "sigma_i": 250, "sigma_s": 5, "name": "Bilateral"}, "name_den": "ea8ea5676def8914b189f68e43d4db99", "psnr": 26.634642496629013, "ssim": 0.8355972759171233}