{"path": "images\\architecture-3076685_640.jpg", "var": 0.005, "params": {"diameter": 7, "sigma_i": 90, "sigma_s": 1, "name": "Bilateral"}, "name_den": "ebec5170e782ce4622601304f43e7d01", "psnr": 25.573270033200316, "ssim": 0.5907269276652599}