{"path": "images\\man-164962_640.jpg", "var": 0.005, "params": {"diameter": 5, "sigma_i": 230, "sigma_s": 7, "name": "Bilateral"}, "name_den": "ebed19f71a3ad0a31da8b45c06d510a0", "psnr": 28.401457604162758, "ssim": 0.7523641032560376}