{"path": "images\\brick-wall-1834446_640.jpg", "var": 0.005, "params": {"diameter": 3, "sigma_i": 150, "sigma_s": 3, "name": "Bilateral"}, "name_den": "ec47418a31bfa31a6b92f890e91823f6", "psnr": 23.678902263935644, "ssim": 0.5330789356273312}