{"path": "images\\brick-wall-1834446_640.jpg", "var": 0.005, "params": {"diameter": 3, "sigma_i": 110, "sigma_s": 5, "name": "Bilateral"}, "name_den": "ec7f9552334b90410f8a18ad2b3e264b", "psnr": 24.04620519227892, "ssim": 0.5516164477901787}