{"path": "images\\brick-wall-1834446_640.jpg", "var": 0.005, "params": {"diameter": 7, "sigma_i": 170, "sigma_s": 3, "name": "Bilateral"}, "name_den": "ec81228f21144d08d0ef2a295693a8ef", "psnr": 22.79233033958368, "ssim": 0.5163304108819747}