{"path": "images\\man-164962_640.jpg", "var": 0.005, "params": {"diameter": 5, "sigma_i": 210, "sigma_s": 5, "name": "Bilateral"}, "name_den": "ec8cf045d83436e2a2c7b0aaf33dbae4", "psnr": 28.446811536249392, "ssim": 0.7526148163658083}