{"path": "images\\brick-wall-1834446_640.jpg", "var": 0.005, "params": {"diameter": 5, "sigma_i": 90, "sigma_s": 5, "name": "Bilateral"}, "name_den": "ec9b5eb77fcb49c13b9c0a85799a142b", "psnr": 23.19408240887814, "ssim": 0.51174549463365}