{"path": "images\\architecture-3076685_640.jpg", "var": 0.005, "params": {"diameter": 7, "sigma_i": 210, "sigma_s": 7, "name": "Bilateral"}, "name_den": "ecb06416a83f286b1fdf149eeb461c20", "psnr": 24.431880315667588, "ssim": 0.513684488056029}