{"path": "images\\man-164962_640.jpg", "var": 0.005, "params": {"diameter": 3, "sigma_i": 130, "sigma_s": 7, "name": "Bilateral"}, "name_den": "ecb572d1ab6462f557dc426d61c50711", "psnr": 29.529880963497035, "ssim": 0.7373875218314176}