{"path": "images\\architecture-3076685_640.jpg", "var": 0.005, "params": {"diameter": 5, "sigma_i": 130, "sigma_s": 7, "name": "Bilateral"}, "name_den": "ed0cae9a8d66756257e90eae1ced39e6", "psnr": 25.29888261088336, "ssim": 0.5773556410491155}