{"path": "images\\man-164962_640.jpg", "var": 0.005, "params": {"diameter": 5, "sigma_i": 250, "sigma_s": 1, "name": "Bilateral"}, "name_den": "ed1761a75d2ae966ee3441fea0c39a19", "psnr": 28.397355717638032, "ssim": 0.7375088362026102}