{"path": "images\\forest-1031022_640.jpg", "var": 0.005, "params": {"diameter": 5, "sigma_i": 70, "sigma_s": 3, "name": "Bilateral"}, "name_den": "edbb27489ae677355d3c1813b1ed9057", "psnr": 29.103747947971414, "ssim": 0.7303006462797885}