{"path": "images\\kingfisher-2046453_640.jpg", "var": 0.005, "params": {"diameter": 5, "sigma_i": 110, "sigma_s": 7, "name": "Bilateral"}, "name_den": "ee6d54c7013c668960422b8a7486e2a9", "psnr": 28.43651282602363, "ssim": 0.8157964529613219}