{"path": "images\\guy-2617866_640.jpg", "var": 0.005, "params": {"diameter": 7, "sigma_i": 50, "sigma_s": 5, "name": "Bilateral"}, "name_den": "ef025d044f719546cc51d8d609fa3a25", "psnr": 31.956688760870907, "ssim": 0.8401270456814066}