{"path": "images\\kingfisher-2046453_640.jpg", "var": 0.005, "params": {"diameter": 3, "sigma_i": 50, "sigma_s": 7, "name": "Bilateral"}, "name_den": "ef5f336212778f76a5d54cf39e331b05", "psnr": 29.614752075748797, "ssim": 0.6800831054838916}