{"path": "images\\brick-wall-1834446_640.jpg", "var": 0.005, "params": {"diameter": 5, "sigma_i": 230, "sigma_s": 7, "name": "Bilateral"}, "name_den": "ef72f87c80dedbe8e654d1c487f14592", "psnr": 21.942098058618264, "ssim": 0.426695237225432}