{"path": "images\\brick-wall-1834446_640.jpg", "var": 0.005, "params": {"diameter": 3, "sigma_i": 150, "sigma_s": 7, "name": "Bilateral"}, "name_den": "efe0bc6cabd8d6be32bb3361f58a68f9", "psnr": 23.64218313046013, "ssim": 0.5310017045678309}