{"path": "images\\architecture-3076685_640.jpg", "var": 0.005, "params": {"diameter": 5, "sigma_i": 90, "sigma_s": 5, "name": "Bilateral"}, "name_den": "efe3ec6807e183e9454fa0b6dc5c4629", "psnr": 25.753480633217755, "ssim": 0.6041369844037807}