{"path": "images\\kingfisher-2046453_640.jpg", "var": 0.005, "params": {"diameter": 5, "sigma_i": 230, "sigma_s": 3, "name": "Bilateral"}, "name_den": "f091e1a84728c52219661a631a09cee1", "psnr": 27.56271011563284, "ssim": 0.8059398697133805}