{"path": "images\\brick-wall-1834446_640.jpg", "var": 0.005, "params": {"diameter": 7, "sigma_i": 50, "sigma_s": 3, "name": "Bilateral"}, "name_den": "f0d85739db8824a9a8e64cf05cf0455f", "psnr": 26.045366630848513, "ssim": 0.6783921767848904}