{"path": "images\\forest-1031022_640.jpg", "var": 0.005, "params": {"diameter": 3, "sigma_i": 250, "sigma_s": 3, "name": "Bilateral"}, "name_den": "f1a7e72d457e5ca3243be46a1dc1bbdf", "psnr": 28.75930885604172, "ssim": 0.6758124360004966}