{"path": "images\\guy-2617866_640.jpg", "var": 0.005, "params": {"diameter": 5, "sigma_i": 230, "sigma_s": 5, "name": "Bilateral"}, "name_den": "f21a0ebb5d7eaf93b747a03f7eafa3cc", "psnr": 28.686773904428946, "ssim": 0.7957768059528334}