{"path": "images\\guy-2617866_640.jpg", "var": 0.005, "params": {"diameter": 7, "sigma_i": 150, "sigma_s": 7, "name": "Bilateral"}, "name_den": "f23011f0522209a37504c5d9ee58535f", "psnr": 28.375478362507458, "ssim": 0.8356909437217989}