{"path": "images\\architecture-3076685_640.jpg", "var": 0.005, "params": {"diameter": 7, "sigma_i": 130, "sigma_s": 1, "name": "Bilateral"}, "name_den": "f250e93799ecfafbd20ff87902c7d4d2", "psnr": 25.099601548595377, "ssim": 0.5613730956430811}