{"path": "images\\architecture-3076685_640.jpg", "var": 0.005, "params": {"diameter": 5, "sigma_i": 170, "sigma_s": 3, "name": "Bilateral"}, "name_den": "f31c96ad7d858da13611686fab593f49", "psnr": 25.165929546527835, "ssim": 0.5706171329449484}