{"path": "images\\kingfisher-2046453_640.jpg", "var": 0.005, "params": {"diameter": 5, "sigma_i": 110, "sigma_s": 1, "name": "Bilateral"}, "name_den": "f372a2338c7554ceece9a357ffa169ac", "psnr": 28.549569832093667, "ssim": 0.7631636640431161}