{"path": "images\\brick-wall-1834446_640.jpg", "var": 0.005, "params": {"diameter": 3, "sigma_i": 170, "sigma_s": 7, "name": "Bilateral"}, "name_den": "f3dd6945a81d99434dcf450937ec836f", "psnr": 23.53460195074353, "ssim": 0.5248887749144222}