{"path": "images\\forest-1031022_640.jpg", "var": 0.005, "params": {"diameter": 3, "sigma_i": 110, "sigma_s": 7, "name": "Bilateral"}, "name_den": "f4300cfdc42efa2a6b47de8b653ac056", "psnr": 29.033596668621684, "ssim": 0.6855951619804562}