{"path": "images\\kingfisher-2046453_640.jpg", "var": 0.005, "params": {"diameter": 5, "sigma_i": 110, "sigma_s": 5, "name": "Bilateral"}, "name_den": "f48c9e45454db316bca801558241ed71", "psnr": 28.456926334100867, "ssim": 0.8167403849111462}