{"path": "images\\brick-wall-1834446_640.jpg", "var": 0.005, "params": {"diameter": 3, "sigma_i": 130, "sigma_s": 1, "name": "Bilateral"}, "name_den": "f4ac20e41449db67b74990928613fe22", "psnr": 23.9955077535989, "ssim": 0.5422569804082774}