{"path": "images\\architecture-3076685_640.jpg", "var": 0.005, "params": {"diameter": 3, "sigma_i": 50, "sigma_s": 1, "name": "Bilateral"}, "name_den": "f53966cc52a0d674a6a91b99b18dcf45", "psnr": 27.475004543861104, "ssim": 0.7010019621684741}