{"path": "images\\brick-wall-1834446_640.jpg", "var": 0.005, "params": {"diameter": 3, "sigma_i": 250, "sigma_s": 7, "name": "Bilateral"}, "name_den": "f55e61e528da687609024abe1cd2544f", "psnr": 23.30991375976001, "ssim": 0.5124929857927802}