{"path": "images\\man-164962_640.jpg", "var": 0.005, "params": {"diameter": 5, "sigma_i": 190, "sigma_s": 1, "name": "Bilateral"}, "name_den": "f572f6bb6064108b1abe7ca05fe25f9f", "psnr": 28.493296872761963, "ssim": 0.7387698487253456}