{"path": "images\\kingfisher-2046453_640.jpg", "var": 0.005, "params": {"diameter": 7, "sigma_i": 70, "sigma_s": 1, "name": "Bilateral"}, "name_den": "f580149a694fce0f8943a7f962a80171", "psnr": 29.305990058645477, "ssim": 0.7955786481809906}