{"path": "images\\forest-1031022_640.jpg", "var": 0.005, "params": {"diameter": 3, "sigma_i": 130, "sigma_s": 5, "name": "Bilateral"}, "name_den": "f60986a73d45b48376ce206697b35199", "psnr": 28.95298691261029, "ssim": 0.6824189987582656}