{"path": "images\\kingfisher-2046453_640.jpg", "var": 0.005, "params": {"diameter": 7, "sigma_i": 50, "sigma_s": 1, "name": "Bilateral"}, "name_den": "f644e12a37a97c097c8553031acbc0d3", "psnr": 30.02383915667908, "ssim": 0.7791646416062785}