{"path": "images\\forest-1031022_640.jpg", "var": 0.005, "params": {"diameter": 5, "sigma_i": 230, "sigma_s": 1, "name": "Bilateral"}, "name_den": "f647fad778fd0bd08700c6814f25deef", "psnr": 28.08555902183551, "ssim": 0.674394027441846}