{"path": "images\\kingfisher-2046453_640.jpg", "var": 0.005, "params": {"diameter": 5, "sigma_i": 150, "sigma_s": 1, "name": "Bilateral"}, "name_den": "f69e970edef55940c0118b8aff475679", "psnr": 28.087437310427717, "ssim": 0.7591411022203255}