{"path": "images\\architecture-3076685_640.jpg", "var": 0.005, "params": {"diameter": 5, "sigma_i": 90, "sigma_s": 7, "name": "Bilateral"}, "name_den": "f6e1bfa3c5fe22efcf72d38927a7e8a7", "psnr": 25.732515858770135, "ssim": 0.6034586033908543}