{"path": "images\\brick-wall-1834446_640.jpg", "var": 0.005, "params": {"diameter": 7, "sigma_i": 210, "sigma_s": 3, "name": "Bilateral"}, "name_den": "f827a50005ce4d7a0fdc7588db6a9f6d", "psnr": 22.605502309230832, "ssim": 0.5052930158550759}