{"path": "images\\architecture-3076685_640.jpg", "var": 0.005, "params": {"diameter": 5, "sigma_i": 50, "sigma_s": 1, "name": "Bilateral"}, "name_den": "f82a495f2cc78cd321d9b71ca73da41d", "psnr": 27.082182689745583, "ssim": 0.6810153375877023}