{"path": "images\\man-164962_640.jpg", "var": 0.005, "params": {"diameter": 7, "sigma_i": 210, "sigma_s": 5, "name": "Bilateral"}, "name_den": "f87ebc09db8754a14bf9e15b918fd82d", "psnr": 27.591047118584715, "ssim": 0.7476599687201722}