{"path": "images\\forest-1031022_640.jpg", "var": 0.005, "params": {"diameter": 7, "sigma_i": 50, "sigma_s": 5, "name": "Bilateral"}, "name_den": "f8883389393e0554a081a1abc447347e", "psnr": 29.327159009485353, "ssim": 0.7423917111051724}