{"path": "images\\forest-1031022_640.jpg", "var": 0.005, "params": {"diameter": 7, "sigma_i": 110, "sigma_s": 3, "name": "Bilateral"}, "name_den": "f89931c20a2e57dcbb0c82127386e061", "psnr": 27.970072929563017, "ssim": 0.7021252423756215}