{"path": "images\\kingfisher-2046453_640.jpg", "var": 0.005, "params": {"diameter": 7, "sigma_i": 230, "sigma_s": 1, "name": "Bilateral"}, "name_den": "f8bb578c7dd720f4e381b35b64ee07a6", "psnr": 27.106940428223535, "ssim": 0.7778552473009448}