{"path": "images\\forest-1031022_640.jpg", "var": 0.005, "params": {"diameter": 3, "sigma_i": 250, "sigma_s": 1, "name": "Bilateral"}, "name_den": "f9a2266c570b59814c8c514969b1dfac", "psnr": 28.507874933426475, "ssim": 0.6537727111309181}