{"path": "images\\architecture-3076685_640.jpg", "var": 0.005, "params": {"diameter": 7, "sigma_i": 170, "sigma_s": 5, "name": "Bilateral"}, "name_den": "f9eb5e2120be256ed9a5c25e5b8e9874", "psnr": 24.563058907483782, "ssim": 0.522798697894162}