{"path": "images\\man-164962_640.jpg", "var": 0.005, "params": {"diameter": 7, "sigma_i": 170, "sigma_s": 7, "name": "Bilateral"}, "name_den": "f9f1f23869090b4e8dfecc26b1b45e57", "psnr": 27.724124146100138, "ssim": 0.7505598267789909}