{"path": "images\\brick-wall-1834446_640.jpg", "var": 0.005, "params": {"diameter": 3, "sigma_i": 190, "sigma_s": 7, "name": "Bilateral"}, "name_den": "fa345c9ba8a7a0dfa4a226c408f9fb48", "psnr": 23.44805406927874, "ssim": 0.5202558153736119}