{"path": "images\\man-164962_640.jpg", "var": 0.005, "params": {"diameter": 7, "sigma_i": 90, "sigma_s": 5, "name": "Bilateral"}, "name_den": "fb04d0a712a678a7f026d1df198f5c91", "psnr": 28.57741922667371, "ssim": 0.7680174660584109}