{"path": "images\\brick-wall-1834446_640.jpg", "var": 0.005, "params": {"diameter": 3, "sigma_i": 170, "sigma_s": 3, "name": "Bilateral"}, "name_den": "fb2770c51983c0196d0b57c2ce35d0a4", "psnr": 23.56104687598988, "ssim": 0.5261852148088293}