{"path": "images\\man-164962_640.jpg", "var": 0.005, "params": {"diameter": 5, "sigma_i": 50, "sigma_s": 1, "name": "Bilateral"}, "name_den": "fb4f486e9f079481f14a5846448d225a", "psnr": 29.690109192139275, "ssim": 0.752939044028293}