{"path": "images\\brick-wall-1834446_640.jpg", "var": 0.005, "params": {"diameter": 3, "sigma_i": 190, "sigma_s": 1, "name": "Bilateral"}, "name_den": "fbd4e5f962b9110233d03519240003a3", "psnr": 23.652748827271658, "ssim": 0.525771375775438}