{"path": "images\\brick-wall-1834446_640.jpg", "var": 0.005, "params": {"diameter": 3, "sigma_i": 250, "sigma_s": 5, "name": "Bilateral"}, "name_den": "fbeb26ccfd50e9a4e3ce7e8b3e44c445", "psnr": 23.314482507071588, "ssim": 0.5125842752804282}