{"path": "images\\man-164962_640.jpg", "var": 0.005, "params": {"diameter": 3, "sigma_i": 170, "sigma_s": 5, "name": "Bilateral"}, "name_den": "fc28ceedae211455e421886bfd8dfbc2", "psnr": 29.431768118536752, "ssim": 0.7347934500489922}