{"path": "images\\kingfisher-2046453_640.jpg", "var": 0.005, "params": {"diameter": 7, "sigma_i": 130, "sigma_s": 5, "name": "Bilateral"}, "name_den": "fc89aa0906d1d83ad3ef447a1fab07a2", "psnr": 27.47853167993794, "ssim": 0.8472889980632035}