{"path": "images\\guy-2617866_640.jpg", "var": 0.005, "params": {"diameter": 7, "sigma_i": 90, "sigma_s": 1, "name": "Bilateral"}, "name_den": "fcc45e80e35d7f495e388674ae0daae6", "psnr": 30.203748590780997, "ssim": 0.7878266732808535}