{"path": "images\\guy-2617866_640.jpg", "var": 0.005, "params": {"diameter": 7, "sigma_i": 250, "sigma_s": 7, "name": "Bilateral"}, "name_den": "fd05db2371152fa26ddf32763420d916", "psnr": 27.502947233552753, "ssim": 0.8273228419902701}