{"path": "images\\brick-wall-1834446_640.jpg", "var": 0.005, "params": {"diameter": 7, "sigma_i": 190, "sigma_s": 5, "name": "Bilateral"}, "name_den": "fd3b6a192b2c3e852ca7bf701ec79f2a", "psnr": 22.69557638408535, "ssim": 0.51193930512226}