{"path": "images\\kingfisher-2046453_640.jpg", "var": 0.005, "params": {"diameter": 3, "sigma_i": 190, "sigma_s": 5, "name": "Bilateral"}, "name_den": "fd41d7c60124e7a713d65066a6f5896d", "psnr": 28.396948239610307, "ssim": 0.6876467249504602}