{"path": "images\\man-164962_640.jpg", "var": 0.005, "params": {"diameter": 3, "sigma_i": 90, "sigma_s": 1, "name": "Bilateral"}, "name_den": "fd5826fce800c3ab11031af1ca2b5002", "psnr": 29.36658555075038, "ssim": 0.7186521078973174}