{"path": "images\\architecture-3076685_640.jpg", "var": 0.005, "params": {"diameter": 7, "sigma_i": 110, "sigma_s": 7, "name": "Bilateral"}, "name_den": "fd987f36d95a7e6a005819ce141d002f", "psnr": 24.942188146364863, "ssim": 0.5468473928876332}