{"path": "images\\forest-1031022_640.jpg", "var": 0.005, "params": {"diameter": 5, "sigma_i": 210, "sigma_s": 7, "name": "Bilateral"}, "name_den": "fda0fc513ec487939bc4183d192a38eb", "psnr": 27.997346002982333, "ssim": 0.6910094993019907}