{"path": "images\\brick-wall-1834446_640.jpg", "var": 0.005, "params": {"diameter": 5, "sigma_i": 210, "sigma_s": 3, "name": "Bilateral"}, "name_den": "fda2a1748e1ff8e4caf4f72ebccd2efa", "psnr": 22.041242918066146, "ssim": 0.43503327515153584}