{"path": "images\\forest-1031022_640.jpg", "var": 0.005, "params": {"diameter": 3, "sigma_i": 250, "sigma_s": 7, "name": "Bilateral"}, "name_den": "fdae2272e746eba100ee6f737e56adfb", "psnr": 28.761016868200603, "ssim": 0.6770359201536221}