{"path": "images\\brick-wall-1834446_640.jpg", "var": 0.005, "params": {"diameter": 3, "sigma_i": 250, "sigma_s": 3, "name": "Bilateral"}, "name_den": "fe23a403f63158e7bd464011691792a2", "psnr": 23.34361990936383, "ssim": 0.5147497630320925}