{"path": "images\\brick-wall-1834446_640.jpg", "var": 0.005, "params": {"diameter": 5, "sigma_i": 70, "sigma_s": 3, "name": "Bilateral"}, "name_den": "ff05216e45662712f608261bc35979c5", "psnr": 23.982548725331938, "ssim": 0.5614721323072088}