{"path": "images\\architecture-3076685_640.jpg", "var": 0.005, "params": {"diameter": 3, "sigma_i": 190, "sigma_s": 5, "name": "Bilateral"}, "name_den": "ff1c5d6238a7d7f9ef4ecb085cecd559", "psnr": 26.27969846570206, "ssim": 0.6444366578065156}