{"path": "images\\architecture-3076685_640.jpg", "var": 0.005, "params": {"diameter": 3, "sigma_i": 250, "sigma_s": 3, "name": "Bilateral"}, "name_den": "ff2b2e5f60f6ff3c2909a1df77ecd5a8", "psnr": 26.23096607322814, "ssim": 0.6430472458632877}