{"path": "images\\kingfisher-2046453_640.jpg", "var": 0.005, "params": {"diameter": 5, "sigma_i": 230, "sigma_s": 1, "name": "Bilateral"}, "name_den": "ff7c1ce7644d5386d81b34ae886ccbb1", "psnr": 27.709777740307988, "ssim": 0.755303896192185}