{"path": "images\\kingfisher-2046453_640.jpg", "var": 0.005, "params": {"diameter": 3, "sigma_i": 110, "sigma_s": 3, "name": "Bilateral"}, "name_den": "ff89b971b46521cd3c4e94a3b0a1b113", "psnr": 28.846342881106402, "ssim": 0.69088082367254}