{"path": "images\\forest-1031022_640.jpg", "var": 0.005, "params": {"diameter": 3, "sigma_i": 170, "sigma_s": 7, "name": "Bilateral"}, "name_den": "ffbb5f7be2f19fe550d51010517ccf6d", "psnr": 28.853596379439598, "ssim": 0.6802204521049111}