{"path": "images\\forest-1031022_640.jpg", "var": 0.2, "params": {"template_size": 13, "search_size": 30, "similar": 4001, "name": "NL_mean"}, "name_den": "000a9bd833ceb222d24530c44fe691dd", "psnr": 10.90820601217224, "ssim": 0.02947599557057366}