{"path": "images\\brick-wall-1834446_640.jpg", "var": 0.2, "params": {"template_size": 3, "search_size": 20, "similar": 5001, "name": "NL_mean"}, "name_den": "019a039795ebd5ac7371d02e6340c0d5", "psnr": 10.797080048536829, "ssim": 0.036527393039784015}