{"path": "images\\kingfisher-2046453_640.jpg", "var": 0.2, "params": {"template_size": 3, "search_size": 20, "similar": 2001, "name": "NL_mean"}, "name_den": "01df658354c7d4bfa66f349e69ab6182", "psnr": 10.5138212965145, "ssim": 0.032760886456069206}