{"path": "images\\architecture-3076685_640.jpg", "var": 0.2, "params": {"template_size": 13, "search_size": 30, "similar": 1, "name": "NL_mean"}, "name_den": "028e6fb98648d1dd160175c29f2049b7", "psnr": 10.03632832865675, "ssim": 0.056637827976926215}