{"path": "images\\guy-2617866_640.jpg", "var": 0.2, "params": {"template_size": 3, "search_size": 30, "similar": 5001, "name": "NL_mean"}, "name_den": "032d7f578839c056965f196e5aa59377", "psnr": 11.455308297001137, "ssim": 0.04690668434079017}