{"path": "images\\architecture-3076685_640.jpg", "var": 0.2, "params": {"template_size": 18, "search_size": 10, "similar": 2001, "name": "NL_mean"}, "name_den": "04c54346da6a1b5d61dffba243844894", "psnr": 11.61397414420843, "ssim": 0.04640159440728762}