{"path": "images\\forest-1031022_640.jpg", "var": 0.2, "params": {"template_size": 18, "search_size": 10, "similar": 1, "name": "NL_mean"}, "name_den": "059b1d3353019195d596cb2dd4f081ab", "psnr": 9.724473765850611, "ssim": 0.034666556970294325}