{"path": "images\\man-164962_640.jpg", "var": 0.2, "params": {"template_size": 18, "search_size": 20, "similar": 3001, "name": "NL_mean"}, "name_den": "06508e7d23b121b4577cd7d98bdf661b", "psnr": 10.882839283927977, "ssim": 0.05261850016657435}