{"path": "images\\architecture-3076685_640.jpg", "var": 0.2, "params": {"template_size": 18, "search_size": 30, "similar": 1, "name": "NL_mean"}, "name_den": "0662cb78aa5c664976a738c185664604", "psnr": 10.048832422167207, "ssim": 0.056146914482777845}