{"path": "images\\kingfisher-2046453_640.jpg", "var": 0.2, "params": {"template_size": 13, "search_size": 10, "similar": 4001, "name": "NL_mean"}, "name_den": "072afc236d171994732aeabee44d9ef3", "psnr": 10.59445694528814, "ssim": 0.03879021713479826}