{"path": "images\\man-164962_640.jpg", "var": 0.2, "params": {"template_size": 18, "search_size": 30, "similar": 1001, "name": "NL_mean"}, "name_den": "0760fa24d3ae7640fe6c0e0862a09330", "psnr": 10.585023960757942, "ssim": 0.03780143958317359}