{"path": "images\\man-164962_640.jpg", "var": 0.2, "params": {"template_size": 3, "search_size": 10, "similar": 3001, "name": "NL_mean"}, "name_den": "07aa03dbb3c3dc265b4fa5723fde09be", "psnr": 11.207992410052194, "ssim": 0.07221599007930676}