{"path": "images\\guy-2617866_640.jpg", "var": 0.2, "params": {"template_size": 18, "search_size": 30, "similar": 5001, "name": "NL_mean"}, "name_den": "07ca82ee4797f76fcb6d7d102ec2c252", "psnr": 11.448628410170665, "ssim": 0.04677927355506445}