{"path": "images\\man-164962_640.jpg", "var": 0.2, "params": {"template_size": 18, "search_size": 20, "similar": 4001, "name": "NL_mean"}, "name_den": "0829cdea1f976971f4c1a375d834ec9e", "psnr": 10.88153538542077, "ssim": 0.052340795954790575}