{"path": "images\\kingfisher-2046453_640.jpg", "var": 0.2, "params": {"template_size": 3, "search_size": 10, "similar": 1, "name": "NL_mean"}, "name_den": "09ace700b8f8414c946ac51be2f1659f", "psnr": 9.743386690324144, "ssim": 0.04457081178514525}