{"path": "images\\man-164962_640.jpg", "var": 0.2, "params": {"template_size": 8, "search_size": 10, "similar": 3001, "name": "NL_mean"}, "name_den": "09c26fd53056c9cbfbc02be977f6d644", "psnr": 11.19512375404938, "ssim": 0.07160332503811781}