{"path": "images\\man-164962_640.jpg", "var": 0.2, "params": {"template_size": 3, "search_size": 30, "similar": 5001, "name": "NL_mean"}, "name_den": "0a740d64fa354fe5d6a4a6bf8d537be3", "psnr": 10.59587807110397, "ssim": 0.03773905272042716}