{"path": "images\\man-164962_640.jpg", "var": 0.2, "params": {"template_size": 8, "search_size": 30, "similar": 4001, "name": "NL_mean"}, "name_den": "0a80a5ef12d6890b1f4542f0c0477c42", "psnr": 10.603776972619883, "ssim": 0.03772802701155943}