{"path": "images\\forest-1031022_640.jpg", "var": 0.2, "params": {"template_size": 18, "search_size": 30, "similar": 1001, "name": "NL_mean"}, "name_den": "0b7c3b1358436c3125886e9da2bb96c1", "psnr": 10.908853421455, "ssim": 0.029306078814167993}