{"path": "images\\brick-wall-1834446_640.jpg", "var": 0.2, "params": {"template_size": 8, "search_size": 30, "similar": 3001, "name": "NL_mean"}, "name_den": "0bc576f66452f231ca2e05c17620ef9e", "psnr": 10.703619632296153, "ssim": 0.03564311453030328}