{"path": "images\\architecture-3076685_640.jpg", "var": 0.2, "params": {"template_size": 8, "search_size": 10, "similar": 1001, "name": "NL_mean"}, "name_den": "0d26e155fb2bc805001a95f48fca61e0", "psnr": 11.635136538936168, "ssim": 0.046485514882078964}