{"path": "images\\guy-2617866_640.jpg", "var": 0.2, "params": {"template_size": 8, "search_size": 30, "similar": 3001, "name": "NL_mean"}, "name_den": "0dbe8b5ae116ba5d75c63a0487f3f5f1", "psnr": 11.46005870540312, "ssim": 0.04668945893719953}