{"path": "images\\architecture-3076685_640.jpg", "var": 0.2, "params": {"template_size": 3, "search_size": 30, "similar": 4001, "name": "NL_mean"}, "name_den": "0dfeb004d1f74d1a4dbed9e072f86419", "psnr": 11.557842710650226, "ssim": 0.039687415470097714}