{"path": "images\\guy-2617866_640.jpg", "var": 0.2, "params": {"template_size": 3, "search_size": 30, "similar": 3001, "name": "NL_mean"}, "name_den": "0e05b1350f2fd169cb40b74fc2102578", "psnr": 11.452335444519615, "ssim": 0.04640491778420625}