{"path": "images\\forest-1031022_640.jpg", "var": 0.2, "params": {"template_size": 18, "search_size": 30, "similar": 1, "name": "NL_mean"}, "name_den": "0e0edefa5a4f85b5c91b2f71c5a56692", "psnr": 9.738018701519596, "ssim": 0.033812381772554086}