{"path": "images\\kingfisher-2046453_640.jpg", "var": 0.2, "params": {"template_size": 8, "search_size": 20, "similar": 1, "name": "NL_mean"}, "name_den": "0e110bff2ddf064002fc56288708bc94", "psnr": 9.749001882867919, "ssim": 0.04421722430909556}