{"path": "images\\forest-1031022_640.jpg", "var": 0.2, "params": {"template_size": 13, "search_size": 30, "similar": 2001, "name": "NL_mean"}, "name_den": "0f08af2fe2e3ad9360ed231923eaf3d5", "psnr": 10.919042034732065, "ssim": 0.02932660534013559}