{"path": "images\\man-164962_640.jpg", "var": 0.2, "params": {"template_size": 8, "search_size": 20, "similar": 5001, "name": "NL_mean"}, "name_den": "106ac37464f8eea22dcce46a7c169af4", "psnr": 10.893877965578076, "ssim": 0.05268335561668769}