{"path": "images\\architecture-3076685_640.jpg", "var": 0.2, "params": {"template_size": 8, "search_size": 10, "similar": 1, "name": "NL_mean"}, "name_den": "1205fb8fd43d35343e148f5ec70c0ec1", "psnr": 10.044201508091517, "ssim": 0.05624692540934333}