{"path": "images\\kingfisher-2046453_640.jpg", "var": 0.2, "params": {"template_size": 8, "search_size": 30, "similar": 4001, "name": "NL_mean"}, "name_den": "129437bb1ce48caa1488a7c1b0fc79c3", "psnr": 10.436796451919392, "ssim": 0.0315462479609497}