{"path": "images\\brick-wall-1834446_640.jpg", "var": 0.2, "params": {"template_size": 13, "search_size": 30, "similar": 3001, "name": "NL_mean"}, "name_den": "13aaa58d88447fb8f2c2e4f8322351bf", "psnr": 10.707648300522711, "ssim": 0.03577024205375351}