{"path": "images\\kingfisher-2046453_640.jpg", "var": 0.2, "params": {"template_size": 13, "search_size": 10, "similar": 5001, "name": "NL_mean"}, "name_den": "141f1a5d540534f2c3ad77bcb2c93891", "psnr": 10.608048734838079, "ssim": 0.038924888345468915}