{"path": "images\\guy-2617866_640.jpg", "var": 0.2, "params": {"template_size": 18, "search_size": 20, "similar": 1001, "name": "NL_mean"}, "name_den": "145cf93a94649e16848940ecf7478ba3", "psnr": 11.5608601860251, "ssim": 0.0492263104284833}