{"path": "images\\guy-2617866_640.jpg", "var": 0.2, "params": {"template_size": 8, "search_size": 30, "similar": 5001, "name": "NL_mean"}, "name_den": "147777d10012de0d773e294a3ca11efa", "psnr": 11.450817744652895, "ssim": 0.046472696710221494}