{"path": "images\\forest-1031022_640.jpg", "var": 0.2, "params": {"template_size": 3, "search_size": 10, "similar": 3001, "name": "NL_mean"}, "name_den": "14b011ad7b4048cffad73673a1a78a72", "psnr": 10.971079527384731, "ssim": 0.03328444185746713}