{"path": "images\\architecture-3076685_640.jpg", "var": 0.2, "params": {"template_size": 13, "search_size": 30, "similar": 3001, "name": "NL_mean"}, "name_den": "14bbc0ddd84d1561deeec08b62e1550f", "psnr": 11.556455363693924, "ssim": 0.039276739103590204}