{"path": "images\\forest-1031022_640.jpg", "var": 0.2, "params": {"template_size": 8, "search_size": 20, "similar": 4001, "name": "NL_mean"}, "name_den": "14cdbb36f975a55734f62e20dee5af60", "psnr": 10.934510754042385, "ssim": 0.029937725174241953}