{"path": "images\\kingfisher-2046453_640.jpg", "var": 0.2, "params": {"template_size": 8, "search_size": 10, "similar": 1, "name": "NL_mean"}, "name_den": "14fdc6de7747255798ebe6fae69f23f9", "psnr": 9.75085075323268, "ssim": 0.04426827278875802}