{"path": "images\\forest-1031022_640.jpg", "var": 0.2, "params": {"template_size": 3, "search_size": 10, "similar": 1001, "name": "NL_mean"}, "name_den": "1503116ec799ec1bfd95dca11d45789c", "psnr": 10.979743143153737, "ssim": 0.03293637158946378}