{"path": "images\\forest-1031022_640.jpg", "var": 0.2, "params": {"template_size": 13, "search_size": 20, "similar": 1001, "name": "NL_mean"}, "name_den": "15126a6e27b63b3840a2fcf1c4c4f1ce", "psnr": 10.936607256494213, "ssim": 0.02996963020410896}