{"path": "images\\guy-2617866_640.jpg", "var": 0.2, "params": {"template_size": 18, "search_size": 30, "similar": 2001, "name": "NL_mean"}, "name_den": "15470b8e1f0fbf566a027562c280bfe3", "psnr": 11.456627137214966, "ssim": 0.04656109168619427}