{"path": "images\\kingfisher-2046453_640.jpg", "var": 0.2, "params": {"template_size": 3, "search_size": 20, "similar": 3001, "name": "NL_mean"}, "name_den": "160be7f9055a65ff7c85c29f43b81cf7", "psnr": 10.525149117257746, "ssim": 0.033087257873841265}