{"path": "images\\kingfisher-2046453_640.jpg", "var": 0.2, "params": {"template_size": 13, "search_size": 30, "similar": 1001, "name": "NL_mean"}, "name_den": "16fcece8034c6b6250194d4bebccd657", "psnr": 10.449491651291327, "ssim": 0.03140832273980028}