{"path": "images\\architecture-3076685_640.jpg", "var": 0.2, "params": {"template_size": 13, "search_size": 20, "similar": 5001, "name": "NL_mean"}, "name_den": "17669cd7c0e4e82d4811ab4de072f3c6", "psnr": 11.593057787042211, "ssim": 0.04085215915835727}