{"path": "images\\architecture-3076685_640.jpg", "var": 0.2, "params": {"template_size": 8, "search_size": 20, "similar": 4001, "name": "NL_mean"}, "name_den": "1816923c9e43845198de7cb4e8fcccab", "psnr": 11.580937235914986, "ssim": 0.04020245842249159}