{"path": "images\\guy-2617866_640.jpg", "var": 0.2, "params": {"template_size": 18, "search_size": 20, "similar": 2001, "name": "NL_mean"}, "name_den": "189d64473d83de46d68bc782766ba4cd", "psnr": 11.554770881667842, "ssim": 0.048755237119980775}