{"path": "images\\architecture-3076685_640.jpg", "var": 0.2, "params": {"template_size": 18, "search_size": 30, "similar": 3001, "name": "NL_mean"}, "name_den": "1bfe1626c40e29afa10dad70baba6f77", "psnr": 11.55426777244899, "ssim": 0.03889590676966594}