{"path": "images\\guy-2617866_640.jpg", "var": 0.2, "params": {"template_size": 8, "search_size": 10, "similar": 1, "name": "NL_mean"}, "name_den": "1c421e1144cbf7a980b8caace441773a", "psnr": 10.121171892030794, "ssim": 0.0370399143329291}