{"path": "images\\kingfisher-2046453_640.jpg", "var": 0.2, "params": {"template_size": 3, "search_size": 30, "similar": 4001, "name": "NL_mean"}, "name_den": "1c981592d53505fe93013f35ae4ca520", "psnr": 10.438344821039106, "ssim": 0.031068752041433834}