{"path": "images\\forest-1031022_640.jpg", "var": 0.2, "params": {"template_size": 8, "search_size": 20, "similar": 3001, "name": "NL_mean"}, "name_den": "1ca3c7a5e13211f02287adc81eecb782", "psnr": 10.940448025252419, "ssim": 0.030323658371872435}