{"path": "images\\man-164962_640.jpg", "var": 0.2, "params": {"template_size": 18, "search_size": 10, "similar": 2001, "name": "NL_mean"}, "name_den": "1ce5d437569e6f64ffecd8d22bfabe4e", "psnr": 11.211495707136281, "ssim": 0.07236274599026037}