{"path": "images\\architecture-3076685_640.jpg", "var": 0.2, "params": {"template_size": 3, "search_size": 10, "similar": 5001, "name": "NL_mean"}, "name_den": "1d63f1697e1f4aad18d0bbd749cc623a", "psnr": 11.644526867571983, "ssim": 0.04683727283939806}