{"path": "images\\man-164962_640.jpg", "var": 0.2, "params": {"template_size": 18, "search_size": 10, "similar": 1, "name": "NL_mean"}, "name_den": "1da961a4f8e48050ed9e24d8bde5f289", "psnr": 9.938422859138111, "ssim": 0.051963166793306655}