{"path": "images\\brick-wall-1834446_640.jpg", "var": 0.2, "params": {"template_size": 18, "search_size": 30, "similar": 5001, "name": "NL_mean"}, "name_den": "1dad556ad1059214a3f67e0b6ccd2aef", "psnr": 10.700707812875525, "ssim": 0.03521909039260266}