{"path": "images\\brick-wall-1834446_640.jpg", "var": 0.2, "params": {"template_size": 18, "search_size": 30, "similar": 1, "name": "NL_mean"}, "name_den": "1dbfbb834619f3faf7016271dd4a9d3c", "psnr": 9.849157801936448, "ssim": 0.07751909563612529}