{"path": "images\\forest-1031022_640.jpg", "var": 0.2, "params": {"template_size": 8, "search_size": 10, "similar": 1, "name": "NL_mean"}, "name_den": "1df3f93762bf6177c50e1e74a61b5ab9", "psnr": 9.721920777777104, "ssim": 0.03418506395522278}