{"path": "images\\forest-1031022_640.jpg", "var": 0.2, "params": {"template_size": 3, "search_size": 20, "similar": 1001, "name": "NL_mean"}, "name_den": "1df539fa6e616be590044643c7c174b9", "psnr": 10.919465242580369, "ssim": 0.029924741922844417}