{"path": "images\\man-164962_640.jpg", "var": 0.2, "params": {"template_size": 18, "search_size": 10, "similar": 5001, "name": "NL_mean"}, "name_den": "1e85a77271f91f5a0d7b75400d864761", "psnr": 11.195643911181406, "ssim": 0.07233310712763458}