{"path": "images\\architecture-3076685_640.jpg", "var": 0.2, "params": {"template_size": 3, "search_size": 10, "similar": 3001, "name": "NL_mean"}, "name_den": "1f57f4697d082b1b6314d7f5215b06e7", "psnr": 11.646479751747286, "ssim": 0.04640284789927809}