{"path": "images\\architecture-3076685_640.jpg", "var": 0.2, "params": {"template_size": 18, "search_size": 20, "similar": 1001, "name": "NL_mean"}, "name_den": "1f673de0f464ac3b2930d9bcaf81ea4b", "psnr": 11.584375264402947, "ssim": 0.04075635007117235}