{"path": "images\\forest-1031022_640.jpg", "var": 0.2, "params": {"template_size": 3, "search_size": 10, "similar": 4001, "name": "NL_mean"}, "name_den": "1fbd0e434aaae43728651072de375e69", "psnr": 10.951568853928146, "ssim": 0.03311516390979463}