{"path": "images\\guy-2617866_640.jpg", "var": 0.2, "params": {"template_size": 13, "search_size": 20, "similar": 4001, "name": "NL_mean"}, "name_den": "200119282518d50804bc3b990cc73846", "psnr": 11.555927440205313, "ssim": 0.048697050969879425}