{"path": "images\\brick-wall-1834446_640.jpg", "var": 0.2, "params": {"template_size": 8, "search_size": 30, "similar": 1001, "name": "NL_mean"}, "name_den": "213c8f28a240a42ed20878fb76c52b19", "psnr": 10.703613585552453, "ssim": 0.03573690349219797}