{"path": "images\\guy-2617866_640.jpg", "var": 0.2, "params": {"template_size": 13, "search_size": 30, "similar": 1, "name": "NL_mean"}, "name_den": "21499d91a29c0c9ab36be08670717e8b", "psnr": 10.127145614321032, "ssim": 0.03727204217201708}