{"path": "images\\architecture-3076685_640.jpg", "var": 0.2, "params": {"template_size": 18, "search_size": 30, "similar": 2001, "name": "NL_mean"}, "name_den": "21b24ae3651b10233d20b1db83d3fc65", "psnr": 11.567949652486547, "ssim": 0.03948616572101044}