{"path": "images\\brick-wall-1834446_640.jpg", "var": 0.2, "params": {"template_size": 3, "search_size": 10, "similar": 5001, "name": "NL_mean"}, "name_den": "21e08548985ca5d9bce26cd1fbd96241", "psnr": 10.85156562720054, "ssim": 0.038611279779790814}