{"path": "images\\guy-2617866_640.jpg", "var": 0.2, "params": {"template_size": 18, "search_size": 10, "similar": 1001, "name": "NL_mean"}, "name_den": "2369d664a144e2edf49d5deebdca62ea", "psnr": 11.69376814185561, "ssim": 0.055123410091563387}