{"path": "images\\brick-wall-1834446_640.jpg", "var": 0.2, "params": {"template_size": 18, "search_size": 30, "similar": 2001, "name": "NL_mean"}, "name_den": "23e8aa1ce48ad3b9468177a8a4684a84", "psnr": 10.712645137802044, "ssim": 0.035356525390421265}