{"path": "images\\brick-wall-1834446_640.jpg", "var": 0.2, "params": {"template_size": 13, "search_size": 10, "similar": 5001, "name": "NL_mean"}, "name_den": "240cf813d59c82bf4df75bec82cffea8", "psnr": 10.868708826800418, "ssim": 0.03892089916095229}