{"path": "images\\architecture-3076685_640.jpg", "var": 0.2, "params": {"template_size": 8, "search_size": 30, "similar": 4001, "name": "NL_mean"}, "name_den": "244632196a177c3134c96f21b8f9c630", "psnr": 11.559067618318949, "ssim": 0.038923896096266695}