{"path": "images\\kingfisher-2046453_640.jpg", "var": 0.2, "params": {"template_size": 3, "search_size": 20, "similar": 5001, "name": "NL_mean"}, "name_den": "247ec8f26650c40ea2134d2a4be1612b", "psnr": 10.510818061975888, "ssim": 0.03290267901460956}