{"path": "images\\kingfisher-2046453_640.jpg", "var": 0.2, "params": {"template_size": 13, "search_size": 30, "similar": 3001, "name": "NL_mean"}, "name_den": "25100186cde8410195aa3cd39cc5659e", "psnr": 10.441694568324714, "ssim": 0.03147508395936393}