{"path": "images\\guy-2617866_640.jpg", "var": 0.2, "params": {"template_size": 8, "search_size": 30, "similar": 1, "name": "NL_mean"}, "name_den": "25b32820700e24e54ce6e9bfd1fecbbc", "psnr": 10.122292642702654, "ssim": 0.037158606517568506}