{"path": "images\\guy-2617866_640.jpg", "var": 0.2, "params": {"template_size": 3, "search_size": 30, "similar": 1, "name": "NL_mean"}, "name_den": "266ccca9123954c146d92f64d87d6883", "psnr": 10.109008657453977, "ssim": 0.036991925739365605}