{"path": "images\\brick-wall-1834446_640.jpg", "var": 0.2, "params": {"template_size": 3, "search_size": 20, "similar": 4001, "name": "NL_mean"}, "name_den": "2678ba03b06f2ee5f77b0311b0d23dbb", "psnr": 10.788641238967534, "ssim": 0.036269159542593056}