{"path": "images\\kingfisher-2046453_640.jpg", "var": 0.2, "params": {"template_size": 18, "search_size": 30, "similar": 2001, "name": "NL_mean"}, "name_den": "2777e08d193d4b6b660f522efa1156e6", "psnr": 10.437799754453414, "ssim": 0.0314187086389182}