{"path": "images\\brick-wall-1834446_640.jpg", "var": 0.2, "params": {"template_size": 18, "search_size": 10, "similar": 2001, "name": "NL_mean"}, "name_den": "27e95348ead87e592fe659521b52c329", "psnr": 10.854377761450408, "ssim": 0.038684089781490856}