{"path": "images\\forest-1031022_640.jpg", "var": 0.2, "params": {"template_size": 18, "search_size": 20, "similar": 4001, "name": "NL_mean"}, "name_den": "2826e90d766f3666e699c91bb554fcc4", "psnr": 10.933215240008101, "ssim": 0.030239172798645853}