{"path": "images\\man-164962_640.jpg", "var": 0.2, "params": {"template_size": 13, "search_size": 10, "similar": 3001, "name": "NL_mean"}, "name_den": "28b1240bc1ce364118ac5070322d0691", "psnr": 11.184297662247417, "ssim": 0.0717778314488867}