{"path": "images\\brick-wall-1834446_640.jpg", "var": 0.2, "params": {"template_size": 13, "search_size": 10, "similar": 1, "name": "NL_mean"}, "name_den": "28c26b4ec412801cb9b46c69766a828f", "psnr": 9.859446475338899, "ssim": 0.07803226884647906}