{"path": "images\\guy-2617866_640.jpg", "var": 0.2, "params": {"template_size": 8, "search_size": 20, "similar": 5001, "name": "NL_mean"}, "name_den": "29dee480ca75421db801e0ea70f1cbb1", "psnr": 11.544851346830775, "ssim": 0.04868579329120348}