{"path": "images\\architecture-3076685_640.jpg", "var": 0.2, "params": {"template_size": 8, "search_size": 30, "similar": 1001, "name": "NL_mean"}, "name_den": "2a1998c7c3982cea9438093487c449f2", "psnr": 11.562789445871848, "ssim": 0.039650409526806187}