{"path": "images\\forest-1031022_640.jpg", "var": 0.2, "params": {"template_size": 8, "search_size": 30, "similar": 4001, "name": "NL_mean"}, "name_den": "2a4897ca51e023a5408585d2854f270c", "psnr": 10.914071785454771, "ssim": 0.029382888699386874}