{"path": "images\\brick-wall-1834446_640.jpg", "var": 0.2, "params": {"template_size": 13, "search_size": 20, "similar": 4001, "name": "NL_mean"}, "name_den": "2a4993b92d81b9b86b9e74ce625746e4", "psnr": 10.782135428778751, "ssim": 0.036278364815105164}