{"path": "images\\architecture-3076685_640.jpg", "var": 0.2, "params": {"template_size": 3, "search_size": 20, "similar": 5001, "name": "NL_mean"}, "name_den": "2a570b9a1d6e0d0d75e86394af898fab", "psnr": 11.598473395802083, "ssim": 0.03988231052214878}