{"path": "images\\architecture-3076685_640.jpg", "var": 0.2, "params": {"template_size": 8, "search_size": 10, "similar": 5001, "name": "NL_mean"}, "name_den": "2aeb1b7f8ec76afd354b0ab1522dfd5a", "psnr": 11.621329537921426, "ssim": 0.046495473286645245}