{"path": "images\\brick-wall-1834446_640.jpg", "var": 0.2, "params": {"template_size": 13, "search_size": 30, "similar": 5001, "name": "NL_mean"}, "name_den": "2af0c881e10fac19e339d5e840ca08b2", "psnr": 10.70942841960688, "ssim": 0.0356374546699}