{"path": "images\\man-164962_640.jpg", "var": 0.2, "params": {"template_size": 3, "search_size": 20, "similar": 4001, "name": "NL_mean"}, "name_den": "2af9657be5977e21decded5d51cc772a", "psnr": 10.899366769550438, "ssim": 0.05253373643447523}