{"path": "images\\kingfisher-2046453_640.jpg", "var": 0.2, "params": {"template_size": 3, "search_size": 30, "similar": 3001, "name": "NL_mean"}, "name_den": "2bd9ccc7846ee886566efb3d4ed8043b", "psnr": 10.452653391377291, "ssim": 0.03131020641876913}