{"path": "images\\forest-1031022_640.jpg", "var": 0.2, "params": {"template_size": 18, "search_size": 20, "similar": 1001, "name": "NL_mean"}, "name_den": "2bdd6d7420ce362d170a0e5029171e81", "psnr": 10.938571027687576, "ssim": 0.030219150539516015}