{"path": "images\\kingfisher-2046453_640.jpg", "var": 0.2, "params": {"template_size": 3, "search_size": 30, "similar": 5001, "name": "NL_mean"}, "name_den": "2bebf2f2f6fe8eccdf262f51b93231ad", "psnr": 10.448419130402202, "ssim": 0.03142610722436335}