{"path": "images\\kingfisher-2046453_640.jpg", "var": 0.2, "params": {"template_size": 13, "search_size": 30, "similar": 4001, "name": "NL_mean"}, "name_den": "2d96afa09ca627f85d8a546dfc1d1ace", "psnr": 10.433442147420557, "ssim": 0.030991127328494378}