{"path": "images\\brick-wall-1834446_640.jpg", "var": 0.2, "params": {"template_size": 3, "search_size": 20, "similar": 1, "name": "NL_mean"}, "name_den": "2dc7af2a2933314b14f1e15558451f6c", "psnr": 9.871832135656245, "ssim": 0.07813517650593804}