{"path": "images\\forest-1031022_640.jpg", "var": 0.2, "params": {"template_size": 18, "search_size": 20, "similar": 3001, "name": "NL_mean"}, "name_den": "2e8970d83cef705e5b39b64c81486e50", "psnr": 10.936360475052942, "ssim": 0.0302459241395215}