{"path": "images\\architecture-3076685_640.jpg", "var": 0.2, "params": {"template_size": 13, "search_size": 20, "similar": 4001, "name": "NL_mean"}, "name_den": "2ed73e8a63501cdae36d7e7cd725966f", "psnr": 11.593853894650568, "ssim": 0.04068975247911433}