{"path": "images\\forest-1031022_640.jpg", "var": 0.2, "params": {"template_size": 13, "search_size": 30, "similar": 3001, "name": "NL_mean"}, "name_den": "2faa1e35c31b53590015f1ea75a298fa", "psnr": 10.903971873143039, "ssim": 0.029350687594230113}