{"path": "images\\kingfisher-2046453_640.jpg", "var": 0.2, "params": {"template_size": 18, "search_size": 20, "similar": 2001, "name": "NL_mean"}, "name_den": "2fe08952a3e940a25838c900a02ed53d", "psnr": 10.502206345936806, "ssim": 0.033360762999439256}