{"path": "images\\guy-2617866_640.jpg", "var": 0.2, "params": {"template_size": 8, "search_size": 20, "similar": 3001, "name": "NL_mean"}, "name_den": "319ed5a13f665fd059ebc04c2485f4b6", "psnr": 11.561310435224817, "ssim": 0.0489268522281446}