{"path": "images\\brick-wall-1834446_640.jpg", "var": 0.2, "params": {"template_size": 8, "search_size": 30, "similar": 1, "name": "NL_mean"}, "name_den": "325f56ee8517baebf05ed73afd6d9144", "psnr": 9.874208254705653, "ssim": 0.07709578759083213}