{"path": "images\\guy-2617866_640.jpg", "var": 0.2, "params": {"template_size": 3, "search_size": 10, "similar": 5001, "name": "NL_mean"}, "name_den": "32cb3380e791fbbc0be57352cdd04732", "psnr": 11.680983524437732, "ssim": 0.05518174747666622}