{"path": "images\\architecture-3076685_640.jpg", "var": 0.2, "params": {"template_size": 3, "search_size": 20, "similar": 1, "name": "NL_mean"}, "name_den": "33023a17039b7f5773bd3c07011d4627", "psnr": 10.014172847181213, "ssim": 0.05606172975508524}