{"path": "images\\forest-1031022_640.jpg", "var": 0.2, "params": {"template_size": 18, "search_size": 30, "similar": 5001, "name": "NL_mean"}, "name_den": "33497bca711af3cc9253a7b32c4c8086", "psnr": 10.93036162728033, "ssim": 0.02933700658851539}