{"path": "images\\kingfisher-2046453_640.jpg", "var": 0.2, "params": {"template_size": 13, "search_size": 30, "similar": 2001, "name": "NL_mean"}, "name_den": "3420ae7f294d44c4f0b30baeea03b81d", "psnr": 10.43929815403352, "ssim": 0.03122311290745537}