{"path": "images\\brick-wall-1834446_640.jpg", "var": 0.2, "params": {"template_size": 13, "search_size": 30, "similar": 2001, "name": "NL_mean"}, "name_den": "344043a4552e0f5650caa5c35f882d66", "psnr": 10.719156856197898, "ssim": 0.035874502354068534}