{"path": "images\\architecture-3076685_640.jpg", "var": 0.2, "params": {"template_size": 13, "search_size": 10, "similar": 3001, "name": "NL_mean"}, "name_den": "34ced8e72e11875e8b18b1f162722a96", "psnr": 11.637364035425108, "ssim": 0.04664041596983042}