{"path": "images\\forest-1031022_640.jpg", "var": 0.2, "params": {"template_size": 3, "search_size": 30, "similar": 1, "name": "NL_mean"}, "name_den": "3615d832e14a5b1ea50b77de5d80f8d4", "psnr": 9.72116508740805, "ssim": 0.033966199350041436}