{"path": "images\\man-164962_640.jpg", "var": 0.2, "params": {"template_size": 18, "search_size": 30, "similar": 3001, "name": "NL_mean"}, "name_den": "368caaf047409009b2fe55bca36c0875", "psnr": 10.591018125854925, "ssim": 0.0373754611397548}