{"path": "images\\kingfisher-2046453_640.jpg", "var": 0.2, "params": {"template_size": 18, "search_size": 20, "similar": 1001, "name": "NL_mean"}, "name_den": "36dab75c8f95ea4e1e500078860f1faf", "psnr": 10.501995185693225, "ssim": 0.03316470016329622}