{"path": "images\\brick-wall-1834446_640.jpg", "var": 0.2, "params": {"template_size": 18, "search_size": 30, "similar": 3001, "name": "NL_mean"}, "name_den": "37be217816414a34e7c2c94ed9fa749e", "psnr": 10.727161610863723, "ssim": 0.0358230634037567}