{"path": "images\\guy-2617866_640.jpg", "var": 0.2, "params": {"template_size": 18, "search_size": 10, "similar": 1, "name": "NL_mean"}, "name_den": "37f1d7c04e80e22cccbb58ce16c55d06", "psnr": 10.11809383161738, "ssim": 0.03691287502802462}