{"path": "images\\guy-2617866_640.jpg", "var": 0.2, "params": {"template_size": 8, "search_size": 20, "similar": 1, "name": "NL_mean"}, "name_den": "383aae8c970401fdded02642e85c6a24", "psnr": 10.11513722977337, "ssim": 0.03716854261388241}