{"path": "images\\architecture-3076685_640.jpg", "var": 0.2, "params": {"template_size": 3, "search_size": 30, "similar": 1, "name": "NL_mean"}, "name_den": "38a24fca4e68c3ee8bdb9fabc0ce871b", "psnr": 10.052894876691374, "ssim": 0.05593897118405323}