{"path": "images\\kingfisher-2046453_640.jpg", "var": 0.2, "params": {"template_size": 13, "search_size": 10, "similar": 3001, "name": "NL_mean"}, "name_den": "38aa6efae1ebbf6915d868cba79c351b", "psnr": 10.582443766774155, "ssim": 0.0387472878212155}