{"path": "images\\kingfisher-2046453_640.jpg", "var": 0.2, "params": {"template_size": 18, "search_size": 30, "similar": 1001, "name": "NL_mean"}, "name_den": "39376c4fb372fa604c5739de68d07464", "psnr": 10.45176641406803, "ssim": 0.03120381447255637}