{"path": "images\\brick-wall-1834446_640.jpg", "var": 0.2, "params": {"template_size": 3, "search_size": 20, "similar": 1001, "name": "NL_mean"}, "name_den": "3b766dec67bc40b9c1b0c7e7972985f4", "psnr": 10.795846724282526, "ssim": 0.03639126112610853}