{"path": "images\\man-164962_640.jpg", "var": 0.2, "params": {"template_size": 3, "search_size": 10, "similar": 5001, "name": "NL_mean"}, "name_den": "3c35b3abb76669792f98339ea1193794", "psnr": 11.197533194187423, "ssim": 0.07197552961408983}