{"path": "images\\brick-wall-1834446_640.jpg", "var": 0.2, "params": {"template_size": 18, "search_size": 10, "similar": 3001, "name": "NL_mean"}, "name_den": "3c5519e94c45a115cfec6aeef357f409", "psnr": 10.865145130151488, "ssim": 0.039079177038282044}