{"path": "images\\man-164962_640.jpg", "var": 0.2, "params": {"template_size": 8, "search_size": 20, "similar": 4001, "name": "NL_mean"}, "name_den": "3c689ad535ccaab15694c0795bda8ddf", "psnr": 10.869068930572292, "ssim": 0.051854294725239704}