{"path": "images\\kingfisher-2046453_640.jpg", "var": 0.2, "params": {"template_size": 8, "search_size": 30, "similar": 3001, "name": "NL_mean"}, "name_den": "3e2d12c3e938432941bb15bba4493cc3", "psnr": 10.44280797113186, "ssim": 0.031078011243239403}