{"path": "images\\brick-wall-1834446_640.jpg", "var": 0.2, "params": {"template_size": 8, "search_size": 20, "similar": 2001, "name": "NL_mean"}, "name_den": "3e4ba65004b88cb6444d1f8c93088184", "psnr": 10.781697515245732, "ssim": 0.036286118294225934}