{"path": "images\\brick-wall-1834446_640.jpg", "var": 0.2, "params": {"template_size": 13, "search_size": 10, "similar": 1001, "name": "NL_mean"}, "name_den": "3e6614bbdd5949565d4dd9a0e728049b", "psnr": 10.859996347130721, "ssim": 0.03903034086009923}