{"path": "images\\man-164962_640.jpg", "var": 0.2, "params": {"template_size": 8, "search_size": 20, "similar": 2001, "name": "NL_mean"}, "name_den": "3f5c398a3028936ee91bc191b75bc0cb", "psnr": 10.902491204333824, "ssim": 0.05283265199235276}