{"path": "images\\man-164962_640.jpg", "var": 0.2, "params": {"template_size": 18, "search_size": 20, "similar": 1, "name": "NL_mean"}, "name_den": "3fc9446f0bfb5419e4060f372ac7e86a", "psnr": 9.924298289339518, "ssim": 0.05182812136027428}