{"path": "images\\kingfisher-2046453_640.jpg", "var": 0.2, "params": {"template_size": 8, "search_size": 20, "similar": 5001, "name": "NL_mean"}, "name_den": "405ea04ff399a70d5a073e90f1848e09", "psnr": 10.519302689783206, "ssim": 0.0332446913016129}