{"path": "images\\forest-1031022_640.jpg", "var": 0.2, "params": {"template_size": 8, "search_size": 20, "similar": 1, "name": "NL_mean"}, "name_den": "4153aad9800fcd1a0db7c5c22135f9cd", "psnr": 9.73503537577295, "ssim": 0.033993392979958174}