{"path": "images\\guy-2617866_640.jpg", "var": 0.2, "params": {"template_size": 18, "search_size": 30, "similar": 4001, "name": "NL_mean"}, "name_den": "441fa7b3f85ff6c3e961c1e25cc5dce7", "psnr": 11.450802713594715, "ssim": 0.04649900889406086}