{"path": "images\\man-164962_640.jpg", "var": 0.2, "params": {"template_size": 13, "search_size": 30, "similar": 3001, "name": "NL_mean"}, "name_den": "4442c337708ebc2cfd960a53e163408c", "psnr": 10.599093577597252, "ssim": 0.03757748574236756}