{"path": "images\\man-164962_640.jpg", "var": 0.2, "params": {"template_size": 3, "search_size": 10, "similar": 1, "name": "NL_mean"}, "name_den": "46858e0b2f3547558c44d1f10b748139", "psnr": 9.938438909590806, "ssim": 0.05208026305293218}