{"path": "images\\kingfisher-2046453_640.jpg", "var": 0.2, "params": {"template_size": 8, "search_size": 20, "similar": 2001, "name": "NL_mean"}, "name_den": "4713a04f0f1da06fbfc42464318364a7", "psnr": 10.523335664593175, "ssim": 0.03316656696457223}