{"path": "images\\brick-wall-1834446_640.jpg", "var": 0.2, "params": {"template_size": 8, "search_size": 10, "similar": 2001, "name": "NL_mean"}, "name_den": "4717aafbcef161317b8c9b1aa1bd104f", "psnr": 10.854172940886656, "ssim": 0.03923276911781554}