{"path": "images\\forest-1031022_640.jpg", "var": 0.2, "params": {"template_size": 13, "search_size": 10, "similar": 5001, "name": "NL_mean"}, "name_den": "472531b53ac96abb2b4b4eb6b2f17781", "psnr": 10.960648927901868, "ssim": 0.033330614099993855}