{"path": "images\\forest-1031022_640.jpg", "var": 0.2, "params": {"template_size": 13, "search_size": 10, "similar": 1001, "name": "NL_mean"}, "name_den": "48e2d5f21c31b9c9d2ab11ad1f2dc29d", "psnr": 10.97253488300163, "ssim": 0.03321502350890893}