{"path": "images\\man-164962_640.jpg", "var": 0.2, "params": {"template_size": 13, "search_size": 20, "similar": 4001, "name": "NL_mean"}, "name_den": "491a84ae834792fa9e7f9b31759cf298", "psnr": 10.892917602702168, "ssim": 0.05253894625156621}