{"path": "images\\kingfisher-2046453_640.jpg", "var": 0.2, "params": {"template_size": 18, "search_size": 20, "similar": 3001, "name": "NL_mean"}, "name_den": "496e38db5860faba25ad3e8221199225", "psnr": 10.520463929992804, "ssim": 0.03302280004203436}