{"path": "images\\forest-1031022_640.jpg", "var": 0.2, "params": {"template_size": 8, "search_size": 30, "similar": 3001, "name": "NL_mean"}, "name_den": "4ad4ee3779644e68c4f37eb3bee20110", "psnr": 10.926299460071201, "ssim": 0.02956336951081077}