{"path": "images\\architecture-3076685_640.jpg", "var": 0.2, "params": {"template_size": 3, "search_size": 10, "similar": 1001, "name": "NL_mean"}, "name_den": "4ad786e04fbc7b8188298b01335b19ff", "psnr": 11.65531847426756, "ssim": 0.04745830704422385}