{"path": "images\\architecture-3076685_640.jpg", "var": 0.2, "params": {"template_size": 13, "search_size": 20, "similar": 1001, "name": "NL_mean"}, "name_den": "4b73e8f47b427567edc574bc95ca9031", "psnr": 11.590565339072942, "ssim": 0.04058356218810861}