{"path": "images\\kingfisher-2046453_640.jpg", "var": 0.2, "params": {"template_size": 8, "search_size": 20, "similar": 3001, "name": "NL_mean"}, "name_den": "4babfe2a281a3521a9982164b8630278", "psnr": 10.497859555269521, "ssim": 0.033255120904608575}