{"path": "images\\forest-1031022_640.jpg", "var": 0.2, "params": {"template_size": 8, "search_size": 20, "similar": 1001, "name": "NL_mean"}, "name_den": "4cd1865630099377ca056883baa9df08", "psnr": 10.927176052646715, "ssim": 0.030174447401731322}