{"path": "images\\man-164962_640.jpg", "var": 0.2, "params": {"template_size": 3, "search_size": 10, "similar": 4001, "name": "NL_mean"}, "name_den": "4f130f0f1fc0c3af8419a0c1f5dc04a3", "psnr": 11.181829992709236, "ssim": 0.0715971422642113}