{"path": "images\\kingfisher-2046453_640.jpg", "var": 0.2, "params": {"template_size": 13, "search_size": 20, "similar": 2001, "name": "NL_mean"}, "name_den": "4f2a4cf509c19a913756169580112086", "psnr": 10.511270895241484, "ssim": 0.03332672886775425}