{"path": "images\\architecture-3076685_640.jpg", "var": 0.2, "params": {"template_size": 13, "search_size": 10, "similar": 1, "name": "NL_mean"}, "name_den": "4f5d90716e9fe3afc680e7d170412da8", "psnr": 10.036032461071205, "ssim": 0.056325667645052084}