{"path": "images\\forest-1031022_640.jpg", "var": 0.2, "params": {"template_size": 18, "search_size": 30, "similar": 4001, "name": "NL_mean"}, "name_den": "4fb8535f1a5c2f3bc3ecfd50c32b792f", "psnr": 10.911954713372191, "ssim": 0.02924424221733378}