{"path": "images\\kingfisher-2046453_640.jpg", "var": 0.2, "params": {"template_size": 3, "search_size": 10, "similar": 5001, "name": "NL_mean"}, "name_den": "541313f153f0a4f8ff805e96833c0a7b", "psnr": 10.587741125166204, "ssim": 0.038678052050390474}