{"path": "images\\forest-1031022_640.jpg", "var": 0.2, "params": {"template_size": 13, "search_size": 20, "similar": 4001, "name": "NL_mean"}, "name_den": "543b6c9b8e4aeb082cd0bc18149f938e", "psnr": 10.938355739462068, "ssim": 0.03025152644217244}