{"path": "images\\forest-1031022_640.jpg", "var": 0.2, "params": {"template_size": 3, "search_size": 20, "similar": 3001, "name": "NL_mean"}, "name_den": "54d9e567e1d4f54638fd9fb670809a18", "psnr": 10.923564857748092, "ssim": 0.030128840315133524}