{"path": "images\\man-164962_640.jpg", "var": 0.2, "params": {"template_size": 13, "search_size": 10, "similar": 1, "name": "NL_mean"}, "name_den": "55db61bb5863c3ab2d50686dfa24a131", "psnr": 9.918225974263743, "ssim": 0.052214884941228855}