{"path": "images\\kingfisher-2046453_640.jpg", "var": 0.2, "params": {"template_size": 3, "search_size": 10, "similar": 4001, "name": "NL_mean"}, "name_den": "564c3c7c301a0548210df357195f8ae4", "psnr": 10.602136481067612, "ssim": 0.038909932672071525}