{"path": "images\\forest-1031022_640.jpg", "var": 0.2, "params": {"template_size": 8, "search_size": 30, "similar": 1, "name": "NL_mean"}, "name_den": "575254233dffa876dd62dec9256ce396", "psnr": 9.737454870034055, "ssim": 0.0338790785362082}