{"path": "images\\kingfisher-2046453_640.jpg", "var": 0.2, "params": {"template_size": 13, "search_size": 10, "similar": 1, "name": "NL_mean"}, "name_den": "5766a53197e6d07942d896cf9edce424", "psnr": 9.746646663601968, "ssim": 0.044666860543474844}