{"path": "images\\brick-wall-1834446_640.jpg", "var": 0.2, "params": {"template_size": 13, "search_size": 30, "similar": 1, "name": "NL_mean"}, "name_den": "587762363c788d7d8b4786909a8fd9da", "psnr": 9.858828428425932, "ssim": 0.07708214461892966}