{"path": "images\\architecture-3076685_640.jpg", "var": 0.2, "params": {"template_size": 3, "search_size": 20, "similar": 3001, "name": "NL_mean"}, "name_den": "59708ced8ef00adb027e17cbcdd6bde3", "psnr": 11.612308760507876, "ssim": 0.04071990997923231}