{"path": "images\\brick-wall-1834446_640.jpg", "var": 0.2, "params": {"template_size": 3, "search_size": 30, "similar": 2001, "name": "NL_mean"}, "name_den": "59e05226ba94d838f6fb942c41287c21", "psnr": 10.716656350857875, "ssim": 0.03568888007565755}