{"path": "images\\architecture-3076685_640.jpg", "var": 0.2, "params": {"template_size": 18, "search_size": 20, "similar": 4001, "name": "NL_mean"}, "name_den": "59ff54a75648496fd0192db08feedd60", "psnr": 11.58757413090761, "ssim": 0.04033851417522594}