{"path": "images\\man-164962_640.jpg", "var": 0.2, "params": {"template_size": 18, "search_size": 30, "similar": 1, "name": "NL_mean"}, "name_den": "5a066ca36150018ca52e065f71df4e92", "psnr": 9.91695612997517, "ssim": 0.05187799467330539}