{"path": "images\\kingfisher-2046453_640.jpg", "var": 0.2, "params": {"template_size": 8, "search_size": 30, "similar": 1001, "name": "NL_mean"}, "name_den": "5ad04c0349b4ff1242ff5cbb1e37f48b", "psnr": 10.460768007371627, "ssim": 0.031646526208393345}