{"path": "images\\guy-2617866_640.jpg", "var": 0.2, "params": {"template_size": 3, "search_size": 30, "similar": 4001, "name": "NL_mean"}, "name_den": "5af9e1711715726d4c23ecc5f8e887b2", "psnr": 11.449207624433209, "ssim": 0.046751780920049106}