{"path": "images\\guy-2617866_640.jpg", "var": 0.2, "params": {"template_size": 3, "search_size": 10, "similar": 3001, "name": "NL_mean"}, "name_den": "5afd15953522576939adea8f000739ce", "psnr": 11.679989677923528, "ssim": 0.05446698378479728}