{"path": "images\\guy-2617866_640.jpg", "var": 0.2, "params": {"template_size": 13, "search_size": 10, "similar": 3001, "name": "NL_mean"}, "name_den": "5b15f62e4d09492fe6221d9a9a6f96a7", "psnr": 11.671999588857883, "ssim": 0.0548588519902841}