{"path": "images\\brick-wall-1834446_640.jpg", "var": 0.2, "params": {"template_size": 18, "search_size": 10, "similar": 5001, "name": "NL_mean"}, "name_den": "5b4674338283e482dd3af1de8b7a362b", "psnr": 10.847823441742078, "ssim": 0.03868964696673811}