{"path": "images\\forest-1031022_640.jpg", "var": 0.2, "params": {"template_size": 18, "search_size": 10, "similar": 5001, "name": "NL_mean"}, "name_den": "5b4fd280c7136aebc5df907317390878", "psnr": 10.964435317739373, "ssim": 0.033232498528789456}