{"path": "images\\brick-wall-1834446_640.jpg", "var": 0.2, "params": {"template_size": 8, "search_size": 20, "similar": 5001, "name": "NL_mean"}, "name_den": "5b94307043258855ec05aef3066c42bc", "psnr": 10.787179360251738, "ssim": 0.036552363870126836}