{"path": "images\\brick-wall-1834446_640.jpg", "var": 0.2, "params": {"template_size": 3, "search_size": 20, "similar": 2001, "name": "NL_mean"}, "name_den": "5bb956820d410cc25f7b773ca769a212", "psnr": 10.770004340391493, "ssim": 0.036046391512957514}