{"path": "images\\forest-1031022_640.jpg", "var": 0.2, "params": {"template_size": 18, "search_size": 20, "similar": 1, "name": "NL_mean"}, "name_den": "5bf1c0a12a7e6e16c29ee03f20173cca", "psnr": 9.725246407475334, "ssim": 0.033894845527992865}