{"path": "images\\architecture-3076685_640.jpg", "var": 0.2, "params": {"template_size": 8, "search_size": 10, "similar": 3001, "name": "NL_mean"}, "name_den": "5c69f207341b5196a07d210ae5b15664", "psnr": 11.62977882829108, "ssim": 0.04707488498835943}