{"path": "images\\man-164962_640.jpg", "var": 0.2, "params": {"template_size": 13, "search_size": 20, "similar": 1001, "name": "NL_mean"}, "name_den": "5cb1b8a032ab780ec3393ffb3bf132a5", "psnr": 10.914408223911936, "ssim": 0.05265823780384932}