{"path": "images\\man-164962_640.jpg", "var": 0.2, "params": {"template_size": 13, "search_size": 20, "similar": 2001, "name": "NL_mean"}, "name_den": "5dfda1d52b6a7a7541ecd488e90fb97a", "psnr": 10.893258566290996, "ssim": 0.05249574470545481}