{"path": "images\\architecture-3076685_640.jpg", "var": 0.2, "params": {"template_size": 13, "search_size": 20, "similar": 2001, "name": "NL_mean"}, "name_den": "5e9beee1dbfd5e4776a5213d68db4593", "psnr": 11.589430098387307, "ssim": 0.040408479058110576}