{"path": "images\\brick-wall-1834446_640.jpg", "var": 0.2, "params": {"template_size": 13, "search_size": 30, "similar": 1001, "name": "NL_mean"}, "name_den": "5ee4a165e40b339cf0d1cd7c720dae78", "psnr": 10.720061486817364, "ssim": 0.03530751654534512}