{"path": "images\\guy-2617866_640.jpg", "var": 0.2, "params": {"template_size": 8, "search_size": 10, "similar": 4001, "name": "NL_mean"}, "name_den": "5efe00e24220cb89cd39d7d03f50cc12", "psnr": 11.67809389799289, "ssim": 0.054772333525917705}