{"path": "images\\architecture-3076685_640.jpg", "var": 0.2, "params": {"template_size": 8, "search_size": 20, "similar": 5001, "name": "NL_mean"}, "name_den": "5f1a03a2b36a5aa30f0bb6fe0c5a3899", "psnr": 11.574754283325541, "ssim": 0.04032069158124515}