{"path": "images\\brick-wall-1834446_640.jpg", "var": 0.2, "params": {"template_size": 13, "search_size": 20, "similar": 1001, "name": "NL_mean"}, "name_den": "6027623499868b270e77e4d4f48c2eb5", "psnr": 10.777228206675435, "ssim": 0.03630727008472343}