{"path": "images\\kingfisher-2046453_640.jpg", "var": 0.2, "params": {"template_size": 8, "search_size": 30, "similar": 5001, "name": "NL_mean"}, "name_den": "6033e90bf517f82c258a9f50dc08eea6", "psnr": 10.453606311103938, "ssim": 0.03141614776584312}