{"path": "images\\kingfisher-2046453_640.jpg", "var": 0.2, "params": {"template_size": 8, "search_size": 10, "similar": 3001, "name": "NL_mean"}, "name_den": "610b92bb40df40f13ea40b082b8364e5", "psnr": 10.592007700036916, "ssim": 0.03870290164401039}