{"path": "images\\guy-2617866_640.jpg", "var": 0.2, "params": {"template_size": 8, "search_size": 20, "similar": 4001, "name": "NL_mean"}, "name_den": "611ef8853911d67d22d00d908009377b", "psnr": 11.5639566273559, "ssim": 0.04890545735048804}