{"path": "images\\kingfisher-2046453_640.jpg", "var": 0.2, "params": {"template_size": 18, "search_size": 10, "similar": 1, "name": "NL_mean"}, "name_den": "61c5c71782dd7e2f8d64fffcd497859c", "psnr": 9.736079084310818, "ssim": 0.044136082851247475}