{"path": "images\\kingfisher-2046453_640.jpg", "var": 0.2, "params": {"template_size": 18, "search_size": 20, "similar": 4001, "name": "NL_mean"}, "name_den": "61f358288f5f05bbe577c08361186dc5", "psnr": 10.503517882953526, "ssim": 0.03375885448663727}