{"path": "images\\forest-1031022_640.jpg", "var": 0.2, "params": {"template_size": 8, "search_size": 10, "similar": 3001, "name": "NL_mean"}, "name_den": "62bd55a79727ced4f054de2e41acbb25", "psnr": 10.953355240915755, "ssim": 0.03292748671621395}