{"path": "images\\man-164962_640.jpg", "var": 0.2, "params": {"template_size": 13, "search_size": 20, "similar": 3001, "name": "NL_mean"}, "name_den": "62c473d17b515eb86f9d0bb221afabe1", "psnr": 10.89969700567966, "ssim": 0.052305725406071264}