{"path": "images\\guy-2617866_640.jpg", "var": 0.2, "params": {"template_size": 18, "search_size": 30, "similar": 1001, "name": "NL_mean"}, "name_den": "6317e2be077f83b532dffb9e72222136", "psnr": 11.454554304608113, "ssim": 0.04644457234360108}