{"path": "images\\architecture-3076685_640.jpg", "var": 0.2, "params": {"template_size": 13, "search_size": 30, "similar": 5001, "name": "NL_mean"}, "name_den": "63cbb688fe3ae09b8013549c1796bea0", "psnr": 11.575442045599985, "ssim": 0.03935233545178644}