{"path": "images\\brick-wall-1834446_640.jpg", "var": 0.2, "params": {"template_size": 13, "search_size": 20, "similar": 1, "name": "NL_mean"}, "name_den": "6522266262f69bc4d12f4ceeda31a818", "psnr": 9.850821058806291, "ssim": 0.07783598930440064}