{"path": "images\\architecture-3076685_640.jpg", "var": 0.2, "params": {"template_size": 13, "search_size": 10, "similar": 1001, "name": "NL_mean"}, "name_den": "657c843da68f27f81e0f48d35be69497", "psnr": 11.640624797996344, "ssim": 0.04683720912998993}