{"path": "images\\forest-1031022_640.jpg", "var": 0.2, "params": {"template_size": 18, "search_size": 30, "similar": 2001, "name": "NL_mean"}, "name_den": "65d8d001c47c6ab90c0a6fe39e078d11", "psnr": 10.919856115374715, "ssim": 0.029538592865278712}