{"path": "images\\guy-2617866_640.jpg", "var": 0.2, "params": {"template_size": 8, "search_size": 10, "similar": 5001, "name": "NL_mean"}, "name_den": "6631825e8753dd03aa19f40f9cb0c374", "psnr": 11.675883821130169, "ssim": 0.054694256664943645}