{"path": "images\\man-164962_640.jpg", "var": 0.2, "params": {"template_size": 18, "search_size": 20, "similar": 2001, "name": "NL_mean"}, "name_den": "67080615d2111f77cbe00ddbc3ad6770", "psnr": 10.878807798622462, "ssim": 0.05217075379944322}