{"path": "images\\brick-wall-1834446_640.jpg", "var": 0.2, "params": {"template_size": 13, "search_size": 10, "similar": 2001, "name": "NL_mean"}, "name_den": "6736e2d83bf9d0995aa69467dad5a3a7", "psnr": 10.844493231729892, "ssim": 0.038649087919631196}