{"path": "images\\forest-1031022_640.jpg", "var": 0.2, "params": {"template_size": 18, "search_size": 10, "similar": 4001, "name": "NL_mean"}, "name_den": "67b168edce55393f76c80f710ec86844", "psnr": 10.950925219156947, "ssim": 0.03314517525483988}