{"path": "images\\forest-1031022_640.jpg", "var": 0.2, "params": {"template_size": 18, "search_size": 10, "similar": 1001, "name": "NL_mean"}, "name_den": "68568cbe8a839455acd92b95e87c54a6", "psnr": 10.980569090250702, "ssim": 0.03314766909749397}