{"path": "images\\guy-2617866_640.jpg", "var": 0.2, "params": {"template_size": 8, "search_size": 30, "similar": 4001, "name": "NL_mean"}, "name_den": "688938f8914ebc391714099c387493e7", "psnr": 11.455113578740637, "ssim": 0.046700424487387975}