{"path": "images\\brick-wall-1834446_640.jpg", "var": 0.2, "params": {"template_size": 3, "search_size": 10, "similar": 2001, "name": "NL_mean"}, "name_den": "6946c2f9ce3161cb3d535f5f4ddc11cd", "psnr": 10.849062639069196, "ssim": 0.03870984899331733}