{"path": "images\\man-164962_640.jpg", "var": 0.2, "params": {"template_size": 13, "search_size": 30, "similar": 4001, "name": "NL_mean"}, "name_den": "6ab7492c9dfc2a47e81144d6665fc872", "psnr": 10.58594585931025, "ssim": 0.037683682934251526}