{"path": "images\\guy-2617866_640.jpg", "var": 0.2, "params": {"template_size": 3, "search_size": 10, "similar": 4001, "name": "NL_mean"}, "name_den": "6c8557b1e4a28d2c90cbdad0ad99ba55", "psnr": 11.684040685891105, "ssim": 0.05491763593744409}