{"path": "images\\guy-2617866_640.jpg", "var": 0.2, "params": {"template_size": 3, "search_size": 20, "similar": 1001, "name": "NL_mean"}, "name_den": "6e172a866e8bb0d3a6fa174281fdfd75", "psnr": 11.563821369266769, "ssim": 0.04865134240756816}