{"path": "images\\guy-2617866_640.jpg", "var": 0.2, "params": {"template_size": 18, "search_size": 20, "similar": 4001, "name": "NL_mean"}, "name_den": "6ee1564da956c7c574d626759113bbe8", "psnr": 11.565881015887028, "ssim": 0.04885943067495127}