{"path": "images\\forest-1031022_640.jpg", "var": 0.2, "params": {"template_size": 8, "search_size": 10, "similar": 5001, "name": "NL_mean"}, "name_den": "6f0339c22274356a3c04a6d6d756f035", "psnr": 10.961077726417201, "ssim": 0.03302967100195325}