{"path": "images\\kingfisher-2046453_640.jpg", "var": 0.2, "params": {"template_size": 3, "search_size": 20, "similar": 1001, "name": "NL_mean"}, "name_den": "6f1f467e43801bc4619d588c5034aaca", "psnr": 10.512004526861924, "ssim": 0.03341103410049254}