{"path": "images\\man-164962_640.jpg", "var": 0.2, "params": {"template_size": 3, "search_size": 30, "similar": 1001, "name": "NL_mean"}, "name_den": "6fe46f16e872c5057aa3f85caa040d4a", "psnr": 10.584787178985724, "ssim": 0.03775705584522645}