{"path": "images\\kingfisher-2046453_640.jpg", "var": 0.2, "params": {"template_size": 13, "search_size": 20, "similar": 3001, "name": "NL_mean"}, "name_den": "6ffa85be33cb1b1420f74cff089d666a", "psnr": 10.514161673397291, "ssim": 0.03294535039835223}