{"path": "images\\kingfisher-2046453_640.jpg", "var": 0.2, "params": {"template_size": 8, "search_size": 10, "similar": 4001, "name": "NL_mean"}, "name_den": "6fff615619c160092315538e1a913221", "psnr": 10.59119635706265, "ssim": 0.03869241808385509}