{"path": "images\\forest-1031022_640.jpg", "var": 0.2, "params": {"template_size": 13, "search_size": 30, "similar": 5001, "name": "NL_mean"}, "name_den": "704cae52986d01bd63d6596675c95362", "psnr": 10.917955455645629, "ssim": 0.029398932553199808}