{"path": "images\\kingfisher-2046453_640.jpg", "var": 0.2, "params": {"template_size": 8, "search_size": 30, "similar": 2001, "name": "NL_mean"}, "name_den": "7062a32c12617059936fe14707a55416", "psnr": 10.44935584870743, "ssim": 0.03153095360805327}