{"path": "images\\architecture-3076685_640.jpg", "var": 0.2, "params": {"template_size": 8, "search_size": 20, "similar": 3001, "name": "NL_mean"}, "name_den": "70684c83f98ed00f3e551d0f1ac79704", "psnr": 11.591484389633848, "ssim": 0.04072792366102587}