{"path": "images\\forest-1031022_640.jpg", "var": 0.2, "params": {"template_size": 8, "search_size": 20, "similar": 2001, "name": "NL_mean"}, "name_den": "71ac2c7e7da276f46ce595cc2562cd36", "psnr": 10.935110838539607, "ssim": 0.030345490065515842}