{"path": "images\\kingfisher-2046453_640.jpg", "var": 0.2, "params": {"template_size": 18, "search_size": 30, "similar": 5001, "name": "NL_mean"}, "name_den": "7252b93e38a50597958c405280b2034c", "psnr": 10.43250666370405, "ssim": 0.031567247456707255}