{"path": "images\\brick-wall-1834446_640.jpg", "var": 0.2, "params": {"template_size": 8, "search_size": 10, "similar": 3001, "name": "NL_mean"}, "name_den": "72884f70577223fc454a7a07fdac7e7b", "psnr": 10.84494206483461, "ssim": 0.038537844678641846}