{"path": "images\\brick-wall-1834446_640.jpg", "var": 0.2, "params": {"template_size": 3, "search_size": 30, "similar": 1, "name": "NL_mean"}, "name_den": "73028e965aff5c99c8c8a3881be1a320", "psnr": 9.858178367181212, "ssim": 0.0778604958621411}