{"path": "images\\man-164962_640.jpg", "var": 0.2, "params": {"template_size": 13, "search_size": 30, "similar": 1, "name": "NL_mean"}, "name_den": "733b0b70a4455c24870aec91545b612b", "psnr": 9.939232320607449, "ssim": 0.052706365685583755}