{"path": "images\\guy-2617866_640.jpg", "var": 0.2, "params": {"template_size": 3, "search_size": 20, "similar": 5001, "name": "NL_mean"}, "name_den": "7475c6a810d2de8e85c28a03ec70e029", "psnr": 11.5418181563511, "ssim": 0.04892931368301575}