{"path": "images\\guy-2617866_640.jpg", "var": 0.2, "params": {"template_size": 18, "search_size": 10, "similar": 5001, "name": "NL_mean"}, "name_den": "74786d397c3d71ec275721838838c9d1", "psnr": 11.666696833721968, "ssim": 0.054749903968959256}