{"path": "images\\kingfisher-2046453_640.jpg", "var": 0.2, "params": {"template_size": 18, "search_size": 30, "similar": 4001, "name": "NL_mean"}, "name_den": "75cdc0f86b2fb6e2dec5520ab0f82983", "psnr": 10.434579709121978, "ssim": 0.031033821955821033}