{"path": "images\\kingfisher-2046453_640.jpg", "var": 0.2, "params": {"template_size": 8, "search_size": 10, "similar": 1001, "name": "NL_mean"}, "name_den": "77a910c16754565416d1212f1f42068e", "psnr": 10.59141638694718, "ssim": 0.03841026346689441}