{"path": "images\\guy-2617866_640.jpg", "var": 0.2, "params": {"template_size": 18, "search_size": 10, "similar": 2001, "name": "NL_mean"}, "name_den": "77f5499b51d65c986b54ab807a1b797a", "psnr": 11.682071355958985, "ssim": 0.05509267363386636}