{"path": "images\\brick-wall-1834446_640.jpg", "var": 0.2, "params": {"template_size": 8, "search_size": 30, "similar": 5001, "name": "NL_mean"}, "name_den": "78316308d6509a70dda08bd644b3172d", "psnr": 10.708198309580103, "ssim": 0.03562321950460322}