{"path": "images\\brick-wall-1834446_640.jpg", "var": 0.2, "params": {"template_size": 8, "search_size": 20, "similar": 1001, "name": "NL_mean"}, "name_den": "7903c00010a5b429e4ee3ef645cc3d3e", "psnr": 10.777023718919605, "ssim": 0.03638650749823657}