{"path": "images\\forest-1031022_640.jpg", "var": 0.2, "params": {"template_size": 8, "search_size": 20, "similar": 5001, "name": "NL_mean"}, "name_den": "7914a315caeeb047e1427564a522c3cd", "psnr": 10.927725745343583, "ssim": 0.030042125736758154}