{"path": "images\\kingfisher-2046453_640.jpg", "var": 0.2, "params": {"template_size": 3, "search_size": 20, "similar": 1, "name": "NL_mean"}, "name_den": "7916ab824b8518ec4275967e12456b8b", "psnr": 9.737276008443406, "ssim": 0.044646534321771326}