{"path": "images\\kingfisher-2046453_640.jpg", "var": 0.2, "params": {"template_size": 13, "search_size": 10, "similar": 1001, "name": "NL_mean"}, "name_den": "79da811395156998570d6b9355dff1f9", "psnr": 10.602384760252328, "ssim": 0.03864977591981755}