{"path": "images\\man-164962_640.jpg", "var": 0.2, "params": {"template_size": 8, "search_size": 30, "similar": 1, "name": "NL_mean"}, "name_den": "7a5d852480c47637f88ef64533a0e1c3", "psnr": 9.93794767678291, "ssim": 0.05239611299694915}