{"path": "images\\guy-2617866_640.jpg", "var": 0.2, "params": {"template_size": 13, "search_size": 30, "similar": 2001, "name": "NL_mean"}, "name_den": "7b319e431b466e5e63d40470aa80576f", "psnr": 11.454237478557918, "ssim": 0.046784106264801985}