{"path": "images\\architecture-3076685_640.jpg", "var": 0.2, "params": {"template_size": 3, "search_size": 30, "similar": 1001, "name": "NL_mean"}, "name_den": "7bec366510cf19ee76e56c941af938df", "psnr": 11.553584073142638, "ssim": 0.03947478338138757}