{"path": "images\\brick-wall-1834446_640.jpg", "var": 0.2, "params": {"template_size": 8, "search_size": 20, "similar": 3001, "name": "NL_mean"}, "name_den": "7c50facdcc34699bae1da62b8f61dd33", "psnr": 10.775880172104578, "ssim": 0.036075877814624915}