{"path": "images\\kingfisher-2046453_640.jpg", "var": 0.2, "params": {"template_size": 13, "search_size": 30, "similar": 1, "name": "NL_mean"}, "name_den": "7c667346eb8f568f04d1fe3c693befe7", "psnr": 9.75457815820192, "ssim": 0.04415616252309315}