{"path": "images\\guy-2617866_640.jpg", "var": 0.2, "params": {"template_size": 3, "search_size": 20, "similar": 2001, "name": "NL_mean"}, "name_den": "7cbfbc632377a922579542e805947068", "psnr": 11.554656388602147, "ssim": 0.048819946796692104}