{"path": "images\\kingfisher-2046453_640.jpg", "var": 0.2, "params": {"template_size": 3, "search_size": 30, "similar": 1, "name": "NL_mean"}, "name_den": "7db6dc8b0ff554ca7f414b773e63ffa6", "psnr": 9.74633227471185, "ssim": 0.04446819718374164}