{"path": "images\\kingfisher-2046453_640.jpg", "var": 0.2, "params": {"template_size": 3, "search_size": 10, "similar": 2001, "name": "NL_mean"}, "name_den": "7dd23d5b2f149a1922ea8fb89c25dbb0", "psnr": 10.584178209551796, "ssim": 0.03860102446017493}