{"path": "images\\man-164962_640.jpg", "var": 0.2, "params": {"template_size": 8, "search_size": 10, "similar": 1001, "name": "NL_mean"}, "name_den": "7e36c06d4ed22f5387b3f20dc1831a50", "psnr": 11.194530716162163, "ssim": 0.072244629677029}