{"path": "images\\man-164962_640.jpg", "var": 0.2, "params": {"template_size": 3, "search_size": 30, "similar": 4001, "name": "NL_mean"}, "name_den": "7f50d93bad29f28520603844291ec4dc", "psnr": 10.592173575859924, "ssim": 0.037647151984929746}