{"path": "images\\architecture-3076685_640.jpg", "var": 0.2, "params": {"template_size": 13, "search_size": 10, "similar": 5001, "name": "NL_mean"}, "name_den": "7faeb561c2c836bee6c002cd80821775", "psnr": 11.613603305185238, "ssim": 0.04640896347236875}