{"path": "images\\brick-wall-1834446_640.jpg", "var": 0.2, "params": {"template_size": 8, "search_size": 30, "similar": 4001, "name": "NL_mean"}, "name_den": "8061b24c9d2735a45a4e83816b94c056", "psnr": 10.715073101302117, "ssim": 0.0356465091989788}