{"path": "images\\man-164962_640.jpg", "var": 0.2, "params": {"template_size": 8, "search_size": 20, "similar": 1001, "name": "NL_mean"}, "name_den": "80a37c89e075fd3e6549d055cfcd6372", "psnr": 10.897236368368796, "ssim": 0.0525946677648322}