{"path": "images\\forest-1031022_640.jpg", "var": 0.2, "params": {"template_size": 8, "search_size": 30, "similar": 1001, "name": "NL_mean"}, "name_den": "80dae16de5196669f75c7d60ad706d79", "psnr": 10.915973993327675, "ssim": 0.02954297266267401}