{"path": "images\\architecture-3076685_640.jpg", "var": 0.2, "params": {"template_size": 3, "search_size": 10, "similar": 2001, "name": "NL_mean"}, "name_den": "810a55750ea8fd8ee487bbd8f6fade1a", "psnr": 11.619072831453304, "ssim": 0.046799047120914185}