{"path": "images\\architecture-3076685_640.jpg", "var": 0.2, "params": {"template_size": 18, "search_size": 10, "similar": 3001, "name": "NL_mean"}, "name_den": "811ec998f3cb58e4c4fed6b297ed9b90", "psnr": 11.63913327331252, "ssim": 0.046626559674316774}