{"path": "images\\kingfisher-2046453_640.jpg", "var": 0.2, "params": {"template_size": 8, "search_size": 10, "similar": 2001, "name": "NL_mean"}, "name_den": "81f452a348a8f713e7a38cf543019131", "psnr": 10.6128545104295, "ssim": 0.03892131893601079}