{"path": "images\\brick-wall-1834446_640.jpg", "var": 0.2, "params": {"template_size": 3, "search_size": 10, "similar": 1, "name": "NL_mean"}, "name_den": "839fd508ced67b711e82766abd6c5724", "psnr": 9.859701916244427, "ssim": 0.07791528852306738}