{"path": "images\\kingfisher-2046453_640.jpg", "var": 0.2, "params": {"template_size": 13, "search_size": 20, "similar": 1, "name": "NL_mean"}, "name_den": "83e3d69520822bca16eb5d7a54cd3586", "psnr": 9.744585616562183, "ssim": 0.04438107713367545}