{"path": "images\\brick-wall-1834446_640.jpg", "var": 0.2, "params": {"template_size": 3, "search_size": 30, "similar": 1001, "name": "NL_mean"}, "name_den": "8484bcdf31ba7c26fee0681332a3f172", "psnr": 10.711893919557854, "ssim": 0.035738731962103136}