{"path": "images\\brick-wall-1834446_640.jpg", "var": 0.2, "params": {"template_size": 13, "search_size": 20, "similar": 3001, "name": "NL_mean"}, "name_den": "856ba2ce24fbbd1c120a99e1eb368784", "psnr": 10.77480712929368, "ssim": 0.035981485860667066}