{"path": "images\\kingfisher-2046453_640.jpg", "var": 0.2, "params": {"template_size": 18, "search_size": 30, "similar": 1, "name": "NL_mean"}, "name_den": "85a1ce15358e9a4a56017e98df225d72", "psnr": 9.752227562593394, "ssim": 0.044438058402312464}