{"path": "images\\architecture-3076685_640.jpg", "var": 0.2, "params": {"template_size": 8, "search_size": 20, "similar": 1001, "name": "NL_mean"}, "name_den": "85e76fcbdc92cec121c7a1c856d1670a", "psnr": 11.575454820761493, "ssim": 0.04020490834998625}