{"path": "images\\architecture-3076685_640.jpg", "var": 0.2, "params": {"template_size": 8, "search_size": 20, "similar": 2001, "name": "NL_mean"}, "name_den": "865f43ceab5722dce55adf5b71b0ef54", "psnr": 11.595296430655221, "ssim": 0.04075842245342087}