{"path": "images\\guy-2617866_640.jpg", "var": 0.2, "params": {"template_size": 8, "search_size": 30, "similar": 2001, "name": "NL_mean"}, "name_den": "86e8b66dbfe748f3f1c5ac5ea165eaab", "psnr": 11.469062042408314, "ssim": 0.04688367902815053}