{"path": "images\\kingfisher-2046453_640.jpg", "var": 0.2, "params": {"template_size": 13, "search_size": 30, "similar": 5001, "name": "NL_mean"}, "name_den": "878963093eadf52e83c72b95a27d8e9d", "psnr": 10.433687299756881, "ssim": 0.03140554159377105}