{"path": "images\\architecture-3076685_640.jpg", "var": 0.2, "params": {"template_size": 13, "search_size": 10, "similar": 4001, "name": "NL_mean"}, "name_den": "88979657767b97c770263bd97bf475cd", "psnr": 11.625962902298895, "ssim": 0.04653044499461021}