{"path": "images\\architecture-3076685_640.jpg", "var": 0.2, "params": {"template_size": 3, "search_size": 10, "similar": 1, "name": "NL_mean"}, "name_den": "89ddec26c52fe1dc62fb523c4d8706cd", "psnr": 10.056510372499323, "ssim": 0.05682676497546466}