{"path": "images\\architecture-3076685_640.jpg", "var": 0.2, "params": {"template_size": 3, "search_size": 10, "similar": 4001, "name": "NL_mean"}, "name_den": "89f9b7278c524f40caaf758c2a286c22", "psnr": 11.637570965982134, "ssim": 0.04672163442262712}