{"path": "images\\brick-wall-1834446_640.jpg", "var": 0.2, "params": {"template_size": 18, "search_size": 10, "similar": 1, "name": "NL_mean"}, "name_den": "8a40793d25c2dcc8954d319d281987c0", "psnr": 9.85850281026437, "ssim": 0.07744106290363707}