{"path": "images\\architecture-3076685_640.jpg", "var": 0.2, "params": {"template_size": 18, "search_size": 20, "similar": 5001, "name": "NL_mean"}, "name_den": "8a5d1526ad820891af51d2f2ff9d9ee4", "psnr": 11.58363271926298, "ssim": 0.04025139480333614}