{"path": "images\\architecture-3076685_640.jpg", "var": 0.2, "params": {"template_size": 18, "search_size": 10, "similar": 5001, "name": "NL_mean"}, "name_den": "8b6a4f92f595e2e8e4dbbd1e0a9db959", "psnr": 11.62355365412272, "ssim": 0.046990542920024005}