{"path": "images\\kingfisher-2046453_640.jpg", "var": 0.2, "params": {"template_size": 3, "search_size": 10, "similar": 1001, "name": "NL_mean"}, "name_den": "8be1d378832f4021a124f91eafc60266", "psnr": 10.597883224206079, "ssim": 0.03851312488908564}