{"path": "images\\man-164962_640.jpg", "var": 0.2, "params": {"template_size": 18, "search_size": 30, "similar": 5001, "name": "NL_mean"}, "name_den": "8d0ae753d2fedeaeaba826ecad97d1c1", "psnr": 10.578971498276813, "ssim": 0.037416630995894366}