{"path": "images\\guy-2617866_640.jpg", "var": 0.2, "params": {"template_size": 8, "search_size": 30, "similar": 1001, "name": "NL_mean"}, "name_den": "8dc223d2ce3c92680dd79201aceb0244", "psnr": 11.454647528322969, "ssim": 0.046633942232445096}