{"path": "images\\architecture-3076685_640.jpg", "var": 0.2, "params": {"template_size": 3, "search_size": 20, "similar": 1001, "name": "NL_mean"}, "name_den": "8de66e7e0187053a0782f20c6f88ca80", "psnr": 11.606111656537772, "ssim": 0.04074297911500269}