{"path": "images\\guy-2617866_640.jpg", "var": 0.2, "params": {"template_size": 3, "search_size": 30, "similar": 2001, "name": "NL_mean"}, "name_den": "8ec2014adecd7ee7d98c3b019b0dd43b", "psnr": 11.45466685087529, "ssim": 0.04700622371557716}