{"path": "images\\guy-2617866_640.jpg", "var": 0.2, "params": {"template_size": 3, "search_size": 20, "similar": 3001, "name": "NL_mean"}, "name_den": "8f90911fca6c969c5338a76c10ab9eae", "psnr": 11.555511802559336, "ssim": 0.04905508064932193}