{"path": "images\\brick-wall-1834446_640.jpg", "var": 0.2, "params": {"template_size": 3, "search_size": 30, "similar": 4001, "name": "NL_mean"}, "name_den": "90b6462e52185b0aedb223066e719d6c", "psnr": 10.713782508199552, "ssim": 0.03603045117785973}