{"path": "images\\kingfisher-2046453_640.jpg", "var": 0.2, "params": {"template_size": 3, "search_size": 30, "similar": 1001, "name": "NL_mean"}, "name_den": "91c34d03d097b175876897cf14875c6b", "psnr": 10.450294605109613, "ssim": 0.03139448085332066}