{"path": "images\\brick-wall-1834446_640.jpg", "var": 0.2, "params": {"template_size": 3, "search_size": 10, "similar": 1001, "name": "NL_mean"}, "name_den": "9235d66a59dd965d7c4556078bb69f61", "psnr": 10.867551274106475, "ssim": 0.038921463387330324}