{"path": "images\\guy-2617866_640.jpg", "var": 0.2, "params": {"template_size": 13, "search_size": 30, "similar": 1001, "name": "NL_mean"}, "name_den": "92e72eef920f48add3bf54778aaa63a3", "psnr": 11.463519844357993, "ssim": 0.046744954164916}