{"path": "images\\brick-wall-1834446_640.jpg", "var": 0.2, "params": {"template_size": 18, "search_size": 20, "similar": 3001, "name": "NL_mean"}, "name_den": "93a8ece55d7cc5293c238c5074ec5b36", "psnr": 10.774099375018128, "ssim": 0.03599169234287194}