{"path": "images\\guy-2617866_640.jpg", "var": 0.2, "params": {"template_size": 18, "search_size": 30, "similar": 3001, "name": "NL_mean"}, "name_den": "93fd2d4307b21d1ef1af613f3a29e1ef", "psnr": 11.45646493097314, "ssim": 0.046639605629681564}