{"path": "images\\architecture-3076685_640.jpg", "var": 0.2, "params": {"template_size": 18, "search_size": 10, "similar": 1001, "name": "NL_mean"}, "name_den": "94b7c17cf3ec8425d4202cf6df319322", "psnr": 11.629497459273617, "ssim": 0.04713565352099763}