{"path": "images\\guy-2617866_640.jpg", "var": 0.2, "params": {"template_size": 3, "search_size": 10, "similar": 1001, "name": "NL_mean"}, "name_den": "957ddbbccd05649fc0d255b32684c73a", "psnr": 11.691735739474755, "ssim": 0.05511435259361852}