{"path": "images\\guy-2617866_640.jpg", "var": 0.2, "params": {"template_size": 13, "search_size": 20, "similar": 1, "name": "NL_mean"}, "name_den": "95db8263a028b8062e4f3a4843d4cf01", "psnr": 10.125107007695062, "ssim": 0.0372033261442799}