{"path": "images\\guy-2617866_640.jpg", "var": 0.2, "params": {"template_size": 8, "search_size": 20, "similar": 1001, "name": "NL_mean"}, "name_den": "968b1f27e9c9ca9094043c087a5bd8d3", "psnr": 11.556079832960538, "ssim": 0.048896596340331104}