{"path": "images\\architecture-3076685_640.jpg", "var": 0.2, "params": {"template_size": 13, "search_size": 20, "similar": 1, "name": "NL_mean"}, "name_den": "969d60506a269f6eda9b59f63b2452e6", "psnr": 10.04279381834902, "ssim": 0.05621148084972719}