{"path": "images\\forest-1031022_640.jpg", "var": 0.2, "params": {"template_size": 13, "search_size": 10, "similar": 3001, "name": "NL_mean"}, "name_den": "96ba5d4ddc747a1234e834496760f861", "psnr": 10.976876248913507, "ssim": 0.033095878768979445}