{"path": "images\\brick-wall-1834446_640.jpg", "var": 0.2, "params": {"template_size": 18, "search_size": 10, "similar": 1001, "name": "NL_mean"}, "name_den": "97a64642ab1baa8eb858d615d89930ee", "psnr": 10.863905008946805, "ssim": 0.039089802980280045}