{"path": "images\\man-164962_640.jpg", "var": 0.2, "params": {"template_size": 13, "search_size": 30, "similar": 2001, "name": "NL_mean"}, "name_den": "97ab61e741acf72e88104a6545cc435e", "psnr": 10.602723066983135, "ssim": 0.03790062726698367}