{"path": "images\\guy-2617866_640.jpg", "var": 0.2, "params": {"template_size": 3, "search_size": 10, "similar": 1, "name": "NL_mean"}, "name_den": "97ede54beefd8d2ef3e94d030ad61e4e", "psnr": 10.13046457147254, "ssim": 0.037375806351613416}