{"path": "images\\architecture-3076685_640.jpg", "var": 0.2, "params": {"template_size": 8, "search_size": 30, "similar": 5001, "name": "NL_mean"}, "name_den": "98a299c20d1d109ef39a6f5254e83e37", "psnr": 11.579555252020544, "ssim": 0.039722430337126684}