{"path": "images\\forest-1031022_640.jpg", "var": 0.2, "params": {"template_size": 13, "search_size": 20, "similar": 1, "name": "NL_mean"}, "name_den": "9936e522fd2ff439238f277702147d05", "psnr": 9.733174055319116, "ssim": 0.03432794967372089}