{"path": "images\\man-164962_640.jpg", "var": 0.2, "params": {"template_size": 3, "search_size": 10, "similar": 2001, "name": "NL_mean"}, "name_den": "9ca4b84801d62afcff565285f8e782e5", "psnr": 11.191955542163111, "ssim": 0.07193398353262355}