{"path": "images\\man-164962_640.jpg", "var": 0.2, "params": {"template_size": 13, "search_size": 20, "similar": 5001, "name": "NL_mean"}, "name_den": "9cf4d10c1dba75ddb0a460860462dad4", "psnr": 10.888235663741554, "ssim": 0.052724954926612555}