{"path": "images\\kingfisher-2046453_640.jpg", "var": 0.2, "params": {"template_size": 8, "search_size": 30, "similar": 1, "name": "NL_mean"}, "name_den": "9da95d2050cc2faad21d27146af472aa", "psnr": 9.750749922118967, "ssim": 0.044294371579925405}