{"path": "images\\architecture-3076685_640.jpg", "var": 0.2, "params": {"template_size": 13, "search_size": 30, "similar": 4001, "name": "NL_mean"}, "name_den": "9ea19a75bd252af20f0b81c0f5c384c2", "psnr": 11.5748944836327, "ssim": 0.039398830776876365}