{"path": "images\\man-164962_640.jpg", "var": 0.2, "params": {"template_size": 3, "search_size": 20, "similar": 3001, "name": "NL_mean"}, "name_den": "9ed946e9058e9765e571b4cd9d07b287", "psnr": 10.895598431148844, "ssim": 0.052844226110959604}