{"path": "images\\man-164962_640.jpg", "var": 0.2, "params": {"template_size": 8, "search_size": 30, "similar": 5001, "name": "NL_mean"}, "name_den": "9f3205c1b3cfdaf1049a41b82450d27e", "psnr": 10.575742716562093, "ssim": 0.03739256864654988}