{"path": "images\\forest-1031022_640.jpg", "var": 0.2, "params": {"template_size": 3, "search_size": 30, "similar": 3001, "name": "NL_mean"}, "name_den": "9f55eec50d26ee5aa2de7c31af24fce0", "psnr": 10.912310544206807, "ssim": 0.029484755618444016}