{"path": "images\\architecture-3076685_640.jpg", "var": 0.2, "params": {"template_size": 13, "search_size": 10, "similar": 2001, "name": "NL_mean"}, "name_den": "9fac16b8949d9d4a5740df2a521fc28b", "psnr": 11.643199197038863, "ssim": 0.04703574935212871}