{"path": "images\\brick-wall-1834446_640.jpg", "var": 0.2, "params": {"template_size": 8, "search_size": 20, "similar": 4001, "name": "NL_mean"}, "name_den": "a02828cd03650072162c0856feb58b35", "psnr": 10.785653477377323, "ssim": 0.03659225966979756}