{"path": "images\\guy-2617866_640.jpg", "var": 0.2, "params": {"template_size": 18, "search_size": 20, "similar": 3001, "name": "NL_mean"}, "name_den": "a0f6c22e7afdb44da87697120348812a", "psnr": 11.565839075546098, "ssim": 0.04901629614509625}