{"path": "images\\brick-wall-1834446_640.jpg", "var": 0.2, "params": {"template_size": 3, "search_size": 20, "similar": 3001, "name": "NL_mean"}, "name_den": "a1d8162c7bc356c81c1a1eb1435e0aef", "psnr": 10.785747482990825, "ssim": 0.036071570821596906}