{"path": "images\\architecture-3076685_640.jpg", "var": 0.2, "params": {"template_size": 18, "search_size": 20, "similar": 3001, "name": "NL_mean"}, "name_den": "a1f2f4964765bdd2b707c7f0497c7080", "psnr": 11.620109802646386, "ssim": 0.041145948410393866}