{"path": "images\\forest-1031022_640.jpg", "var": 0.2, "params": {"template_size": 3, "search_size": 10, "similar": 5001, "name": "NL_mean"}, "name_den": "a34367f1794dbe14c5b545ee5ec39862", "psnr": 10.972349900735441, "ssim": 0.03313507624468161}