{"path": "images\\forest-1031022_640.jpg", "var": 0.2, "params": {"template_size": 3, "search_size": 10, "similar": 1, "name": "NL_mean"}, "name_den": "a3b060f889fb9ebd35b0c9566493e9d7", "psnr": 9.735888897911675, "ssim": 0.03371851153132296}