{"path": "images\\architecture-3076685_640.jpg", "var": 0.2, "params": {"template_size": 18, "search_size": 30, "similar": 5001, "name": "NL_mean"}, "name_den": "a3f19f6a0fe428d8ed2df0ac07919b02", "psnr": 11.580948241045013, "ssim": 0.03974232913622277}