{"path": "images\\kingfisher-2046453_640.jpg", "var": 0.2, "params": {"template_size": 18, "search_size": 10, "similar": 5001, "name": "NL_mean"}, "name_den": "a41769565d6424bfa62831f202cbab2a", "psnr": 10.591419435445736, "ssim": 0.03900817293268712}