{"path": "images\\forest-1031022_640.jpg", "var": 0.2, "params": {"template_size": 8, "search_size": 10, "similar": 4001, "name": "NL_mean"}, "name_den": "a71f75606e60538ea025f77d981819a1", "psnr": 10.960288468300325, "ssim": 0.033145492999749435}