{"path": "images\\guy-2617866_640.jpg", "var": 0.2, "params": {"template_size": 13, "search_size": 20, "similar": 2001, "name": "NL_mean"}, "name_den": "a79012e76c89b1cb9147ab5ce479afd9", "psnr": 11.568314227825187, "ssim": 0.048949848356070934}