{"path": "images\\brick-wall-1834446_640.jpg", "var": 0.2, "params": {"template_size": 18, "search_size": 20, "similar": 2001, "name": "NL_mean"}, "name_den": "a960ca57b67fd4bb208b66f7b055dd54", "psnr": 10.780385693925435, "ssim": 0.03639025175685986}