{"path": "images\\guy-2617866_640.jpg", "var": 0.2, "params": {"template_size": 3, "search_size": 20, "similar": 4001, "name": "NL_mean"}, "name_den": "aab9b6188c84cde95fbdd4df0b1a8779", "psnr": 11.56319467174015, "ssim": 0.04878125912560627}