{"path": "images\\man-164962_640.jpg", "var": 0.2, "params": {"template_size": 18, "search_size": 30, "similar": 4001, "name": "NL_mean"}, "name_den": "afc8caad9d9cec1025b8f42f857f1f28", "psnr": 10.593703072220102, "ssim": 0.03772127089009226}