{"path": "images\\kingfisher-2046453_640.jpg", "var": 0.2, "params": {"template_size": 8, "search_size": 10, "similar": 5001, "name": "NL_mean"}, "name_den": "aff266c86044750044c6b458063bd6af", "psnr": 10.598339602729546, "ssim": 0.03861495639782484}