{"path": "images\\man-164962_640.jpg", "var": 0.2, "params": {"template_size": 13, "search_size": 10, "similar": 1001, "name": "NL_mean"}, "name_den": "b0080daf9c9c327bb2356496537b78cd", "psnr": 11.180778408686054, "ssim": 0.07161444454953124}