{"path": "images\\forest-1031022_640.jpg", "var": 0.2, "params": {"template_size": 3, "search_size": 30, "similar": 5001, "name": "NL_mean"}, "name_den": "b03f21c5b6190c1942955efef970b6aa", "psnr": 10.908570458766917, "ssim": 0.029217460088055012}