{"path": "images\\brick-wall-1834446_640.jpg", "var": 0.2, "params": {"template_size": 3, "search_size": 30, "similar": 3001, "name": "NL_mean"}, "name_den": "b050c34000c639557f258ccfad63739a", "psnr": 10.695301291410678, "ssim": 0.035451381434112215}