{"path": "images\\brick-wall-1834446_640.jpg", "var": 0.2, "params": {"template_size": 13, "search_size": 10, "similar": 4001, "name": "NL_mean"}, "name_den": "b116f6042f971b69497759a665ca2559", "psnr": 10.853796827133802, "ssim": 0.038825613444780575}