{"path": "images\\architecture-3076685_640.jpg", "var": 0.2, "params": {"template_size": 13, "search_size": 30, "similar": 1001, "name": "NL_mean"}, "name_den": "b15550d82be71c43ea0ece7ffcfefdb9", "psnr": 11.562536629231195, "ssim": 0.03964891060152119}