{"path": "images\\man-164962_640.jpg", "var": 0.2, "params": {"template_size": 8, "search_size": 30, "similar": 1001, "name": "NL_mean"}, "name_den": "b3d478fd829606170ce68e6a9e49852b", "psnr": 10.599639383457724, "ssim": 0.03801693603657567}