{"path": "images\\kingfisher-2046453_640.jpg", "var": 0.2, "params": {"template_size": 18, "search_size": 10, "similar": 3001, "name": "NL_mean"}, "name_den": "b5335594823bcba0d26ebf5d8b8a3fb5", "psnr": 10.595449770918723, "ssim": 0.03902143202278201}