{"path": "images\\guy-2617866_640.jpg", "var": 0.2, "params": {"template_size": 3, "search_size": 30, "similar": 1001, "name": "NL_mean"}, "name_den": "b687d5af561d460d77eeb26a4c3648c7", "psnr": 11.468621054062229, "ssim": 0.04667922281092116}