{"path": "images\\man-164962_640.jpg", "var": 0.2, "params": {"template_size": 3, "search_size": 30, "similar": 3001, "name": "NL_mean"}, "name_den": "b6c70f8b7d6413265f100896f5c033eb", "psnr": 10.585056750612198, "ssim": 0.03780439528094962}