{"path": "images\\man-164962_640.jpg", "var": 0.2, "params": {"template_size": 8, "search_size": 20, "similar": 3001, "name": "NL_mean"}, "name_den": "b8814641b419976e94aaeae007b462d3", "psnr": 10.901069602172033, "ssim": 0.052720345755308706}