{"path": "images\\man-164962_640.jpg", "var": 0.2, "params": {"template_size": 18, "search_size": 20, "similar": 1001, "name": "NL_mean"}, "name_den": "b97a4b4149b7f4e1b70a7e17aefd3f24", "psnr": 10.889389645632235, "ssim": 0.052565000643744246}