{"path": "images\\architecture-3076685_640.jpg", "var": 0.2, "params": {"template_size": 8, "search_size": 30, "similar": 2001, "name": "NL_mean"}, "name_den": "ba26d94a93f2ace73596f1d3bdac7ff2", "psnr": 11.577357403698587, "ssim": 0.03934751227706187}