{"path": "images\\brick-wall-1834446_640.jpg", "var": 0.2, "params": {"template_size": 8, "search_size": 10, "similar": 1001, "name": "NL_mean"}, "name_den": "ba952f47168932adfe6c428a1af5b5d5", "psnr": 10.855655846490349, "ssim": 0.03894457984124834}