{"path": "images\\man-164962_640.jpg", "var": 0.2, "params": {"template_size": 18, "search_size": 30, "similar": 2001, "name": "NL_mean"}, "name_den": "bb403d6d70c0a7ed7bd9b86139268e9c", "psnr": 10.595660065040317, "ssim": 0.037854512375106404}