{"path": "images\\man-164962_640.jpg", "var": 0.2, "params": {"template_size": 8, "search_size": 10, "similar": 2001, "name": "NL_mean"}, "name_den": "bb635c72a166a2f1981de7a25613c1f1", "psnr": 11.190879691978912, "ssim": 0.07195837410383966}