{"path": "images\\forest-1031022_640.jpg", "var": 0.2, "params": {"template_size": 13, "search_size": 10, "similar": 1, "name": "NL_mean"}, "name_den": "bc6a4d0accdff1e96cbc153729eb9bbc", "psnr": 9.737585576609684, "ssim": 0.033683798485122124}