{"path": "images\\guy-2617866_640.jpg", "var": 0.2, "params": {"template_size": 13, "search_size": 10, "similar": 2001, "name": "NL_mean"}, "name_den": "bc7fe30caa4dad946a585fb57847cdd7", "psnr": 11.666393510636173, "ssim": 0.05500554556569359}