{"path": "images\\guy-2617866_640.jpg", "var": 0.2, "params": {"template_size": 13, "search_size": 20, "similar": 1001, "name": "NL_mean"}, "name_den": "bcb193f0de0125efd807dc5dba66edf5", "psnr": 11.559049923230841, "ssim": 0.048730631329468845}