{"path": "images\\architecture-3076685_640.jpg", "var": 0.2, "params": {"template_size": 8, "search_size": 10, "similar": 2001, "name": "NL_mean"}, "name_den": "bd5fb7c9f62e6a15e8757f76a92579bc", "psnr": 11.638712111263711, "ssim": 0.04692373885893698}