{"path": "images\\architecture-3076685_640.jpg", "var": 0.2, "params": {"template_size": 8, "search_size": 20, "similar": 1, "name": "NL_mean"}, "name_den": "bd87f5abc170ad553852fbd7924f24fb", "psnr": 10.033795733114548, "ssim": 0.056743974835626966}