{"path": "images\\forest-1031022_640.jpg", "var": 0.2, "params": {"template_size": 13, "search_size": 20, "similar": 3001, "name": "NL_mean"}, "name_den": "be786a8cda583fed616fde0d4e594613", "psnr": 10.941526700728197, "ssim": 0.030088311543655443}