{"path": "images\\guy-2617866_640.jpg", "var": 0.2, "params": {"template_size": 18, "search_size": 30, "similar": 1, "name": "NL_mean"}, "name_den": "be9e320e413334f5c47d2a2a583b62bf", "psnr": 10.122185778939288, "ssim": 0.03711015458577036}