{"path": "images\\guy-2617866_640.jpg", "var": 0.2, "params": {"template_size": 3, "search_size": 10, "similar": 2001, "name": "NL_mean"}, "name_den": "bf7462efab4d83e4b9e85738bd59904c", "psnr": 11.703396341359726, "ssim": 0.05498669315812263}