{"path": "images\\guy-2617866_640.jpg", "var": 0.2, "params": {"template_size": 13, "search_size": 10, "similar": 5001, "name": "NL_mean"}, "name_den": "bfd178c23882d572f93721208c6f0c7d", "psnr": 11.694615419723338, "ssim": 0.05494565214663528}