{"path": "images\\forest-1031022_640.jpg", "var": 0.2, "params": {"template_size": 8, "search_size": 10, "similar": 1001, "name": "NL_mean"}, "name_den": "c01149b34c1b1f08b1a858713e5f8e38", "psnr": 10.968244097887537, "ssim": 0.03283746497833296}