{"path": "images\\man-164962_640.jpg", "var": 0.2, "params": {"template_size": 13, "search_size": 30, "similar": 5001, "name": "NL_mean"}, "name_den": "c09538d7b88dc0488144d3c0ab428039", "psnr": 10.609177593243391, "ssim": 0.03808687888450011}