{"path": "images\\brick-wall-1834446_640.jpg", "var": 0.2, "params": {"template_size": 18, "search_size": 30, "similar": 1001, "name": "NL_mean"}, "name_den": "c0a013b0bea9ef3b30b559680bff02ff", "psnr": 10.697400156744916, "ssim": 0.03565412796191373}