{"path": "images\\brick-wall-1834446_640.jpg", "var": 0.2, "params": {"template_size": 13, "search_size": 30, "similar": 4001, "name": "NL_mean"}, "name_den": "c10c8cdecf1c8ad7a5f89fac59947d25", "psnr": 10.71450949617276, "ssim": 0.035706375515360815}