{"path": "images\\forest-1031022_640.jpg", "var": 0.2, "params": {"template_size": 3, "search_size": 20, "similar": 4001, "name": "NL_mean"}, "name_den": "c171362be27fe9453c93142964c5fdbf", "psnr": 10.935804984743454, "ssim": 0.030237463610317223}