{"path": "images\\forest-1031022_640.jpg", "var": 0.2, "params": {"template_size": 3, "search_size": 30, "similar": 4001, "name": "NL_mean"}, "name_den": "c1e38e6c0e63e775f439b85e22339123", "psnr": 10.904637014634865, "ssim": 0.029210516391920672}