{"path": "images\\guy-2617866_640.jpg", "var": 0.2, "params": {"template_size": 8, "search_size": 10, "similar": 2001, "name": "NL_mean"}, "name_den": "c2b11b5895b58c1de036daad1f7d3b64", "psnr": 11.680639040831611, "ssim": 0.055416667768594996}