{"path": "images\\guy-2617866_640.jpg", "var": 0.2, "params": {"template_size": 13, "search_size": 20, "similar": 3001, "name": "NL_mean"}, "name_den": "c2b6bdfec7f2dbb1f6fc91f02b25839c", "psnr": 11.538726877283626, "ssim": 0.04899985910324515}