{"path": "images\\brick-wall-1834446_640.jpg", "var": 0.2, "params": {"template_size": 18, "search_size": 30, "similar": 4001, "name": "NL_mean"}, "name_den": "c31d10bf273d74acc112a9014985e8d5", "psnr": 10.721847626691535, "ssim": 0.035813860031018094}