{"path": "images\\man-164962_640.jpg", "var": 0.2, "params": {"template_size": 8, "search_size": 10, "similar": 5001, "name": "NL_mean"}, "name_den": "c334b34a27f024c1c03e6ccdb1fb5e82", "psnr": 11.196269676668159, "ssim": 0.07188909683252115}