{"path": "images\\guy-2617866_640.jpg", "var": 0.2, "params": {"template_size": 13, "search_size": 10, "similar": 1001, "name": "NL_mean"}, "name_den": "c38e975adc3a7a48ec27a2e8f16ca932", "psnr": 11.696535245310022, "ssim": 0.05481435975651411}