{"path": "images\\man-164962_640.jpg", "var": 0.2, "params": {"template_size": 3, "search_size": 20, "similar": 5001, "name": "NL_mean"}, "name_den": "c450aa014923f2a30eec913f81fd4958", "psnr": 10.893729963588857, "ssim": 0.052471048895943645}