{"path": "images\\guy-2617866_640.jpg", "var": 0.2, "params": {"template_size": 13, "search_size": 30, "similar": 3001, "name": "NL_mean"}, "name_den": "c4fbb508fb2652ab87007caf4bd598cf", "psnr": 11.468635762151607, "ssim": 0.04709164612745587}