{"path": "images\\kingfisher-2046453_640.jpg", "var": 0.2, "params": {"template_size": 18, "search_size": 20, "similar": 1, "name": "NL_mean"}, "name_den": "c56efc035db6f19ef156c10c2ac39109", "psnr": 9.740897925336405, "ssim": 0.044431948434229644}