{"path": "images\\brick-wall-1834446_640.jpg", "var": 0.2, "params": {"template_size": 8, "search_size": 30, "similar": 2001, "name": "NL_mean"}, "name_den": "c62aeaf2cc26d3497f077f2b37e980e1", "psnr": 10.720319093433826, "ssim": 0.03553214038837315}