{"path": "images\\architecture-3076685_640.jpg", "var": 0.2, "params": {"template_size": 3, "search_size": 30, "similar": 3001, "name": "NL_mean"}, "name_den": "c7d46f3478a808bdfd3d0a321c9b80c6", "psnr": 11.581232730690322, "ssim": 0.03956097039732717}