{"path": "images\\kingfisher-2046453_640.jpg", "var": 0.2, "params": {"template_size": 3, "search_size": 10, "similar": 3001, "name": "NL_mean"}, "name_den": "c8c5aa21e537b0fb4d07175f8bf1cf3e", "psnr": 10.599994507925757, "ssim": 0.0389149887983236}