{"path": "images\\forest-1031022_640.jpg", "var": 0.2, "params": {"template_size": 13, "search_size": 20, "similar": 5001, "name": "NL_mean"}, "name_den": "ca2284d50e63d4b78fb5fb50a232de10", "psnr": 10.92650811214066, "ssim": 0.02999882785111224}