{"path": "images\\architecture-3076685_640.jpg", "var": 0.2, "params": {"template_size": 8, "search_size": 10, "similar": 4001, "name": "NL_mean"}, "name_den": "ca7c616c09b0fcfaa234659df0123ef8", "psnr": 11.632441319337287, "ssim": 0.04679474075052031}