{"path": "images\\guy-2617866_640.jpg", "var": 0.2, "params": {"template_size": 8, "search_size": 10, "similar": 1001, "name": "NL_mean"}, "name_den": "ca911e0506d42111a5c20986ed886a27", "psnr": 11.68375765536265, "ssim": 0.05508751662426286}