{"path": "images\\man-164962_640.jpg", "var": 0.2, "params": {"template_size": 13, "search_size": 10, "similar": 5001, "name": "NL_mean"}, "name_den": "cab176b7d6677dbaeee0bc33f3b718c6", "psnr": 11.183937597174886, "ssim": 0.07189015780787092}