{"path": "images\\architecture-3076685_640.jpg", "var": 0.2, "params": {"template_size": 18, "search_size": 30, "similar": 4001, "name": "NL_mean"}, "name_den": "cb775a178749cd2ab94cf60012245b2f", "psnr": 11.562574533353482, "ssim": 0.03942296438838733}