{"path": "images\\man-164962_640.jpg", "var": 0.2, "params": {"template_size": 8, "search_size": 20, "similar": 1, "name": "NL_mean"}, "name_den": "cb8b3725cd6904a4fd88273f6bff3ed0", "psnr": 9.921795150427432, "ssim": 0.05194285990428008}