{"path": "images\\man-164962_640.jpg", "var": 0.2, "params": {"template_size": 18, "search_size": 10, "similar": 3001, "name": "NL_mean"}, "name_den": "cbe9a178b7d75de3e9587cb5e7a7f4f0", "psnr": 11.196449792181081, "ssim": 0.07212821238843539}