{"path": "images\\architecture-3076685_640.jpg", "var": 0.2, "params": {"template_size": 18, "search_size": 20, "similar": 1, "name": "NL_mean"}, "name_den": "cc0083e03d7bb501eb4065093e7507e4", "psnr": 10.04718630630344, "ssim": 0.05594251547915868}