{"path": "images\\architecture-3076685_640.jpg", "var": 0.2, "params": {"template_size": 13, "search_size": 20, "similar": 3001, "name": "NL_mean"}, "name_den": "cc6049a6fbb87e73cbca05e1a81daf2f", "psnr": 11.6037160388134, "ssim": 0.04068093265801282}