{"path": "images\\forest-1031022_640.jpg", "var": 0.2, "params": {"template_size": 13, "search_size": 30, "similar": 1001, "name": "NL_mean"}, "name_den": "cc6ba46d6f8197c5db1bf2bde1a0a9f1", "psnr": 10.90905522495575, "ssim": 0.029432899752070935}