{"path": "images\\man-164962_640.jpg", "var": 0.2, "params": {"template_size": 8, "search_size": 30, "similar": 3001, "name": "NL_mean"}, "name_den": "ccfb7677a77f0ad0d13bd343f6288d30", "psnr": 10.614062180505197, "ssim": 0.03791525951431468}