{"path": "images\\forest-1031022_640.jpg", "var": 0.2, "params": {"template_size": 3, "search_size": 20, "similar": 2001, "name": "NL_mean"}, "name_den": "cd2dfb1350c9231991690cc2dd271e8a", "psnr": 10.929044271609907, "ssim": 0.02999793866956496}