{"path": "images\\man-164962_640.jpg", "var": 0.2, "params": {"template_size": 3, "search_size": 20, "similar": 1001, "name": "NL_mean"}, "name_den": "cf0c7fdf25a34ace2989b4e191363292", "psnr": 10.908274167547647, "ssim": 0.05262954444692506}