{"path": "images\\brick-wall-1834446_640.jpg", "var": 0.2, "params": {"template_size": 18, "search_size": 20, "similar": 5001, "name": "NL_mean"}, "name_den": "cf4b0f6241e2c1a8ae3a58cbe7bb9a12", "psnr": 10.783849266779889, "ssim": 0.03617377738443694}