{"path": "images\\man-164962_640.jpg", "var": 0.2, "params": {"template_size": 8, "search_size": 10, "similar": 4001, "name": "NL_mean"}, "name_den": "d177c40bea7702c7623feb8e5c1150c6", "psnr": 11.192678270401547, "ssim": 0.07242803301563924}