{"path": "images\\brick-wall-1834446_640.jpg", "var": 0.2, "params": {"template_size": 3, "search_size": 10, "similar": 3001, "name": "NL_mean"}, "name_den": "d20f4ecb3f09535231da69ed6a1f3c3f", "psnr": 10.847959346855887, "ssim": 0.03859347871667901}