{"path": "images\\architecture-3076685_640.jpg", "var": 0.2, "params": {"template_size": 18, "search_size": 20, "similar": 2001, "name": "NL_mean"}, "name_den": "d31f84c6fbad7f9fa04bbb32ff076530", "psnr": 11.617645777516529, "ssim": 0.04102889271518984}