{"path": "images\\man-164962_640.jpg", "var": 0.2, "params": {"template_size": 13, "search_size": 10, "similar": 2001, "name": "NL_mean"}, "name_den": "d324dd472d19de750678936717f9500f", "psnr": 11.197621567177654, "ssim": 0.07247586639679286}