{"path": "images\\brick-wall-1834446_640.jpg", "var": 0.2, "params": {"template_size": 18, "search_size": 20, "similar": 1, "name": "NL_mean"}, "name_den": "d3e76cc4d37735e428088a60e6ddb290", "psnr": 9.852053078295603, "ssim": 0.07745912776900243}