{"path": "images\\forest-1031022_640.jpg", "var": 0.2, "params": {"template_size": 13, "search_size": 30, "similar": 1, "name": "NL_mean"}, "name_den": "d510e595a117c24c888e6514bb471095", "psnr": 9.729433894389706, "ssim": 0.03366125146033107}