{"path": "images\\kingfisher-2046453_640.jpg", "var": 0.2, "params": {"template_size": 13, "search_size": 20, "similar": 1001, "name": "NL_mean"}, "name_den": "d5d0e915a78aa17882cabc2df11d3db6", "psnr": 10.508514662001257, "ssim": 0.03333801053060951}