{"path": "images\\brick-wall-1834446_640.jpg", "var": 0.2, "params": {"template_size": 18, "search_size": 10, "similar": 4001, "name": "NL_mean"}, "name_den": "d68ab116914b6261cf9425e2bc0c8727", "psnr": 10.850955999446798, "ssim": 0.03897002592814578}