{"path": "images\\forest-1031022_640.jpg", "var": 0.2, "params": {"template_size": 8, "search_size": 30, "similar": 2001, "name": "NL_mean"}, "name_den": "d6a7acb932a82f38cae136ef1f07ad3a", "psnr": 10.910611007420382, "ssim": 0.029162306530580624}