{"path": "images\\brick-wall-1834446_640.jpg", "var": 0.2, "params": {"template_size": 13, "search_size": 20, "similar": 5001, "name": "NL_mean"}, "name_den": "d71cab4df53efafd0cc4f6f0910239cb", "psnr": 10.7769529578659, "ssim": 0.036059177385967034}