{"path": "images\\man-164962_640.jpg", "var": 0.2, "params": {"template_size": 13, "search_size": 20, "similar": 1, "name": "NL_mean"}, "name_den": "d7bd4b456a2f5dabed50bb3b1e368f78", "psnr": 9.927418968070013, "ssim": 0.05244670663891282}