{"path": "images\\guy-2617866_640.jpg", "var": 0.2, "params": {"template_size": 13, "search_size": 30, "similar": 4001, "name": "NL_mean"}, "name_den": "d7e4c6faab24f5bb56de0be3b4c48123", "psnr": 11.468272428296686, "ssim": 0.04689868262075201}