{"path": "images\\man-164962_640.jpg", "var": 0.2, "params": {"template_size": 18, "search_size": 10, "similar": 1001, "name": "NL_mean"}, "name_den": "d8ad209aa558e1954ec4b3c0f6bddf49", "psnr": 11.186922993228936, "ssim": 0.07195591921422069}