{"path": "images\\guy-2617866_640.jpg", "var": 0.2, "params": {"template_size": 13, "search_size": 10, "similar": 4001, "name": "NL_mean"}, "name_den": "d8e8bc0061e1eede38946e6b810b8fd4", "psnr": 11.676381131701415, "ssim": 0.05485804327472816}