{"path": "images\\kingfisher-2046453_640.jpg", "var": 0.2, "params": {"template_size": 8, "search_size": 20, "similar": 4001, "name": "NL_mean"}, "name_den": "d926ccd3700db5a5bf11e6677bff6348", "psnr": 10.503465334790846, "ssim": 0.03342612504143496}