{"path": "images\\forest-1031022_640.jpg", "var": 0.2, "params": {"template_size": 3, "search_size": 20, "similar": 5001, "name": "NL_mean"}, "name_den": "d98971f71a758b0b1b10d39cdd543447", "psnr": 10.925636152656061, "ssim": 0.029912349304800374}