{"path": "images\\architecture-3076685_640.jpg", "var": 0.2, "params": {"template_size": 3, "search_size": 20, "similar": 4001, "name": "NL_mean"}, "name_den": "da4492d77ada28b41938d674e15825ac", "psnr": 11.605018496241504, "ssim": 0.040584946569286205}