{"path": "images\\brick-wall-1834446_640.jpg", "var": 0.2, "params": {"template_size": 8, "search_size": 10, "similar": 4001, "name": "NL_mean"}, "name_den": "db77b394f4e8da095545d50601a45d83", "psnr": 10.857955203562948, "ssim": 0.03867735425142259}