{"path": "images\\guy-2617866_640.jpg", "var": 0.2, "params": {"template_size": 18, "search_size": 20, "similar": 5001, "name": "NL_mean"}, "name_den": "dc3fb23208930de29f50444f45a4ec96", "psnr": 11.567566018960594, "ssim": 0.04892972353925107}