{"path": "images\\forest-1031022_640.jpg", "var": 0.2, "params": {"template_size": 3, "search_size": 20, "similar": 1, "name": "NL_mean"}, "name_den": "dcaceacf1d35aa52337ba28bc9c62622", "psnr": 9.742843034621863, "ssim": 0.03402784754375052}