{"path": "images\\forest-1031022_640.jpg", "var": 0.2, "params": {"template_size": 13, "search_size": 10, "similar": 4001, "name": "NL_mean"}, "name_den": "dcb2fbd22e6dce6dc4a819f6d7395a9a", "psnr": 10.976800973749558, "ssim": 0.03337357155156089}