{"path": "images\\guy-2617866_640.jpg", "var": 0.2, "params": {"template_size": 18, "search_size": 10, "similar": 3001, "name": "NL_mean"}, "name_den": "dce5a6257be47324ed3170351856b958", "psnr": 11.671794026920763, "ssim": 0.05468188939953852}