{"path": "images\\man-164962_640.jpg", "var": 0.2, "params": {"template_size": 3, "search_size": 30, "similar": 1, "name": "NL_mean"}, "name_den": "dd34a656233c61bb4474fa67a0f275a1", "psnr": 9.922336116189667, "ssim": 0.05238742134205642}