{"path": "images\\forest-1031022_640.jpg", "var": 0.2, "params": {"template_size": 3, "search_size": 10, "similar": 2001, "name": "NL_mean"}, "name_den": "df52a7e9548f5e0340ec2f10a7a01c8c", "psnr": 10.96399947576942, "ssim": 0.03316831196561707}