{"path": "images\\guy-2617866_640.jpg", "var": 0.2, "params": {"template_size": 13, "search_size": 30, "similar": 5001, "name": "NL_mean"}, "name_den": "dfc2b492307813e0e4f16b3cd77ddf8e", "psnr": 11.466441060879562, "ssim": 0.04708988022192148}