{"path": "images\\guy-2617866_640.jpg", "var": 0.2, "params": {"template_size": 18, "search_size": 10, "similar": 4001, "name": "NL_mean"}, "name_den": "e019a8ac1fa01e6ed18b9ab2f0ba3f0e", "psnr": 11.705282811507455, "ssim": 0.0553429832758936}