{"path": "images\\man-164962_640.jpg", "var": 0.2, "params": {"template_size": 13, "search_size": 30, "similar": 1001, "name": "NL_mean"}, "name_den": "e062a38404e01e2fcf0999ebf7fb06f0", "psnr": 10.592338246268971, "ssim": 0.03773221377377365}