{"path": "images\\man-164962_640.jpg", "var": 0.2, "params": {"template_size": 8, "search_size": 10, "similar": 1, "name": "NL_mean"}, "name_den": "e080e87c5df5f7e9d7a3368f53a1b5a6", "psnr": 9.917341253540224, "ssim": 0.05205588790533803}