{"path": "images\\brick-wall-1834446_640.jpg", "var": 0.2, "params": {"template_size": 8, "search_size": 10, "similar": 5001, "name": "NL_mean"}, "name_den": "e0a224bc50eab375856b63de17e8757d", "psnr": 10.841646140319039, "ssim": 0.038593272294846846}