{"path": "images\\kingfisher-2046453_640.jpg", "var": 0.2, "params": {"template_size": 3, "search_size": 30, "similar": 2001, "name": "NL_mean"}, "name_den": "e1a51709d957977203f4cb4da4e2f740", "psnr": 10.438927010228474, "ssim": 0.03084870836618453}