{"path": "images\\kingfisher-2046453_640.jpg", "var": 0.2, "params": {"template_size": 3, "search_size": 20, "similar": 4001, "name": "NL_mean"}, "name_den": "e1dbb932322cc4f1be5762df390f5bc8", "psnr": 10.512417296837475, "ssim": 0.03371649223027301}