{"path": "images\\brick-wall-1834446_640.jpg", "var": 0.2, "params": {"template_size": 3, "search_size": 10, "similar": 4001, "name": "NL_mean"}, "name_den": "e2043d194d1693404bba460d1f7fb8f0", "psnr": 10.87405945313894, "ssim": 0.03906835928532034}