{"path": "images\\man-164962_640.jpg", "var": 0.2, "params": {"template_size": 18, "search_size": 20, "similar": 5001, "name": "NL_mean"}, "name_den": "e26fef75c77828560057f8654d03d611", "psnr": 10.9043325958511, "ssim": 0.05283079394660334}