{"path": "images\\kingfisher-2046453_640.jpg", "var": 0.2, "params": {"template_size": 18, "search_size": 10, "similar": 1001, "name": "NL_mean"}, "name_den": "e29ba23032d66b4a9b165206c14af370", "psnr": 10.598069526440199, "ssim": 0.03897025512905872}