{"path": "images\\forest-1031022_640.jpg", "var": 0.2, "params": {"template_size": 3, "search_size": 30, "similar": 2001, "name": "NL_mean"}, "name_den": "e3397e31381fdaae6c45b838343badd6", "psnr": 10.90675852470583, "ssim": 0.02922361343088969}