{"path": "images\\brick-wall-1834446_640.jpg", "var": 0.2, "params": {"template_size": 8, "search_size": 10, "similar": 1, "name": "NL_mean"}, "name_den": "e36b2f04d6484ec8c6a68c5850ec9e9d", "psnr": 9.865726896195644, "ssim": 0.07749199130641404}