{"path": "images\\kingfisher-2046453_640.jpg", "var": 0.2, "params": {"template_size": 18, "search_size": 10, "similar": 2001, "name": "NL_mean"}, "name_den": "e3e85cccd95d29364a9df98b235150f0", "psnr": 10.592824830262671, "ssim": 0.038910397816383745}