{"path": "images\\forest-1031022_640.jpg", "var": 0.2, "params": {"template_size": 18, "search_size": 20, "similar": 2001, "name": "NL_mean"}, "name_den": "e40744ed2b060539dfc114f2a7d60993", "psnr": 10.932718201809251, "ssim": 0.030291594401396987}