{"path": "images\\man-164962_640.jpg", "var": 0.2, "params": {"template_size": 3, "search_size": 30, "similar": 2001, "name": "NL_mean"}, "name_den": "e4ab495fbc17db254e4001d3839ab480", "psnr": 10.592599661977458, "ssim": 0.0378488991909222}