{"path": "images\\guy-2617866_640.jpg", "var": 0.2, "params": {"template_size": 3, "search_size": 20, "similar": 1, "name": "NL_mean"}, "name_den": "e650477ce58aca18f075d2e555466131", "psnr": 10.126993619480945, "ssim": 0.03742145479914932}