{"path": "images\\architecture-3076685_640.jpg", "var": 0.2, "params": {"template_size": 18, "search_size": 10, "similar": 4001, "name": "NL_mean"}, "name_den": "e6b391ab2a65693037dd80b9e7f46ab2", "psnr": 11.639514455400517, "ssim": 0.04702503789527237}