{"path": "images\\forest-1031022_640.jpg", "var": 0.2, "params": {"template_size": 3, "search_size": 30, "similar": 1001, "name": "NL_mean"}, "name_den": "e6cc99f779c11447d23b8b4ff6ae2db0", "psnr": 10.908017725868543, "ssim": 0.02927862395515961}