{"path": "images\\man-164962_640.jpg", "var": 0.2, "params": {"template_size": 13, "search_size": 10, "similar": 4001, "name": "NL_mean"}, "name_den": "e6f2846090c4391a06fcc307a1cac604", "psnr": 11.177558215776713, "ssim": 0.07197895388377047}