{"path": "images\\brick-wall-1834446_640.jpg", "var": 0.2, "params": {"template_size": 18, "search_size": 20, "similar": 4001, "name": "NL_mean"}, "name_den": "e779073b64cf6372192683972f16ec98", "psnr": 10.77493172589467, "ssim": 0.03626701291799151}