{"path": "images\\architecture-3076685_640.jpg", "var": 0.2, "params": {"template_size": 3, "search_size": 20, "similar": 2001, "name": "NL_mean"}, "name_den": "e919496f4fdeef3e7800b7eb62b517a2", "psnr": 11.587958531993902, "ssim": 0.040635073615246646}