{"path": "images\\forest-1031022_640.jpg", "var": 0.2, "params": {"template_size": 18, "search_size": 10, "similar": 2001, "name": "NL_mean"}, "name_den": "ea406401911727f7ddf1b6cd04b887ed", "psnr": 10.962511818952843, "ssim": 0.033240063172157865}