{"path": "images\\guy-2617866_640.jpg", "var": 0.2, "params": {"template_size": 13, "search_size": 10, "similar": 1, "name": "NL_mean"}, "name_den": "ea8437a1ace43f49ed8be20f90a0d8df", "psnr": 10.12189955251943, "ssim": 0.03697104040422014}