{"path": "images\\architecture-3076685_640.jpg", "var": 0.2, "params": {"template_size": 13, "search_size": 30, "similar": 2001, "name": "NL_mean"}, "name_den": "eb2d8bdf3ca1ec3b3faddda57ddc87d1", "psnr": 11.565113062664476, "ssim": 0.03924815534209337}