{"path": "images\\forest-1031022_640.jpg", "var": 0.2, "params": {"template_size": 18, "search_size": 30, "similar": 3001, "name": "NL_mean"}, "name_den": "eb2de3b129f5d2ae8e3a4c465f734f63", "psnr": 10.918628062560295, "ssim": 0.029338443109784184}