{"path": "images\\architecture-3076685_640.jpg", "var": 0.2, "params": {"template_size": 18, "search_size": 10, "similar": 1, "name": "NL_mean"}, "name_den": "ec074c2c88e192fc92188d71a36e816d", "psnr": 10.030308061562458, "ssim": 0.05603283162741112}