{"path": "images\\man-164962_640.jpg", "var": 0.2, "params": {"template_size": 3, "search_size": 10, "similar": 1001, "name": "NL_mean"}, "name_den": "ecf6d7e1189235d0c6c35d2f27d164fb", "psnr": 11.197171952335513, "ssim": 0.07205757549260662}