{"path": "images\\forest-1031022_640.jpg", "var": 0.2, "params": {"template_size": 18, "search_size": 10, "similar": 3001, "name": "NL_mean"}, "name_den": "ed0b85a021ab387b3008816f48d024b0", "psnr": 10.952169631178592, "ssim": 0.03283226811647197}