{"path": "images\\forest-1031022_640.jpg", "var": 0.2, "params": {"template_size": 13, "search_size": 20, "similar": 2001, "name": "NL_mean"}, "name_den": "ed55f544fcd72f8c3271b10a440d415c", "psnr": 10.928409501974823, "ssim": 0.030103708950581124}