{"path": "images\\kingfisher-2046453_640.jpg", "var": 0.2, "params": {"template_size": 13, "search_size": 20, "similar": 4001, "name": "NL_mean"}, "name_den": "ed82a33dca9a5c12c09802e4870cfe55", "psnr": 10.52539384484618, "ssim": 0.03316586511260565}