{"path": "images\\architecture-3076685_640.jpg", "var": 0.2, "params": {"template_size": 3, "search_size": 30, "similar": 2001, "name": "NL_mean"}, "name_den": "eef3f4c5264705a03165677cb6446f01", "psnr": 11.563228471332994, "ssim": 0.03919940824779073}