{"path": "images\\architecture-3076685_640.jpg", "var": 0.2, "params": {"template_size": 8, "search_size": 30, "similar": 3001, "name": "NL_mean"}, "name_den": "f067aede31dd7fa2b05df5c80d495b7f", "psnr": 11.584608716864178, "ssim": 0.03935064485543379}