{"path": "images\\brick-wall-1834446_640.jpg", "var": 0.2, "params": {"template_size": 8, "search_size": 20, "similar": 1, "name": "NL_mean"}, "name_den": "f0c2ddf1b183124d0e5b5481b7addb8e", "psnr": 9.8791805910673, "ssim": 0.07853012752288145}