{"path": "images\\kingfisher-2046453_640.jpg", "var": 0.2, "params": {"template_size": 18, "search_size": 10, "similar": 4001, "name": "NL_mean"}, "name_den": "f20680375335d0b95ee22d5b175117e5", "psnr": 10.581354411849448, "ssim": 0.03862511789171811}