{"path": "images\\brick-wall-1834446_640.jpg", "var": 0.2, "params": {"template_size": 13, "search_size": 10, "similar": 3001, "name": "NL_mean"}, "name_den": "f2ae8d8e4a5361b231785a378073c6be", "psnr": 10.860146154724191, "ssim": 0.03906396188814245}