{"path": "images\\kingfisher-2046453_640.jpg", "var": 0.2, "params": {"template_size": 13, "search_size": 10, "similar": 2001, "name": "NL_mean"}, "name_den": "f34e6fe90150c1ca04a8290159d385d3", "psnr": 10.588892624814141, "ssim": 0.038395013700980266}