{"path": "images\\nikita.jpg", "var": 0.2, "params": {"template_size": 3, "search_size": 10, "similar": 1, "name": "NL_mean"}, "name_den": "f3661aafb0772f55ede5eb6815521597", "psnr": 10.178303575772802, "ssim": 0.02485966790029087}