{"path": "images\\guy-2617866_640.jpg", "var": 0.2, "params": {"template_size": 18, "search_size": 20, "similar": 1, "name": "NL_mean"}, "name_den": "f38040445d6ee1b88abf4e1b9ede7312", "psnr": 10.12508874425339, "ssim": 0.03736908846001343}