{"path": "images\\architecture-3076685_640.jpg", "var": 0.2, "params": {"template_size": 3, "search_size": 30, "similar": 5001, "name": "NL_mean"}, "name_den": "f494b65cd3d12a88e28ea37d87bcb8a2", "psnr": 11.562350079819534, "ssim": 0.03966729744248358}