{"path": "images\\kingfisher-2046453_640.jpg", "var": 0.2, "params": {"template_size": 8, "search_size": 20, "similar": 1001, "name": "NL_mean"}, "name_den": "f4daab38618477e7cad094189ae1226d", "psnr": 10.505064396491978, "ssim": 0.033210792480758755}