{"path": "images\\man-164962_640.jpg", "var": 0.2, "params": {"template_size": 8, "search_size": 30, "similar": 2001, "name": "NL_mean"}, "name_den": "f4e5e55c5fba04d1847bef824c8cd8fb", "psnr": 10.58491562551557, "ssim": 0.03769125181026549}