{"path": "images\\man-164962_640.jpg", "var": 0.2, "params": {"template_size": 3, "search_size": 20, "similar": 1, "name": "NL_mean"}, "name_den": "f6c2316b9bbc6d328bd20fb4ff1f948e", "psnr": 9.928055509226832, "ssim": 0.05217234940131158}