{"path": "images\\forest-1031022_640.jpg", "var": 0.2, "params": {"template_size": 8, "search_size": 10, "similar": 2001, "name": "NL_mean"}, "name_den": "f794a63b01acbfa15a5fe986e5b1d2f6", "psnr": 10.954386087782286, "ssim": 0.03323609403057836}