{"path": "images\\brick-wall-1834446_640.jpg", "var": 0.2, "params": {"template_size": 13, "search_size": 20, "similar": 2001, "name": "NL_mean"}, "name_den": "f7f1e9c52b0e1acddf8cd497831a7f4d", "psnr": 10.793540298083377, "ssim": 0.03659762428391762}