{"path": "images\\architecture-3076685_640.jpg", "var": 0.2, "params": {"template_size": 18, "search_size": 30, "similar": 1001, "name": "NL_mean"}, "name_den": "f88bbe32f97c2a24efd5c3915ce21933", "psnr": 11.58003628240975, "ssim": 0.039176674105257804}