{"path": "images\\architecture-3076685_640.jpg", "var": 0.2, "params": {"template_size": 8, "search_size": 30, "similar": 1, "name": "NL_mean"}, "name_den": "fb80a0e073eabe427513a6005dddb26f", "psnr": 10.042364897500729, "ssim": 0.05649859334945196}