{"path": "images\\man-164962_640.jpg", "var": 0.2, "params": {"template_size": 3, "search_size": 20, "similar": 2001, "name": "NL_mean"}, "name_den": "fbe76611b1a889faaee7ce1256ae4238", "psnr": 10.89678144789561, "ssim": 0.05239733508929106}