{"path": "images\\forest-1031022_640.jpg", "var": 0.2, "params": {"template_size": 13, "search_size": 10, "similar": 2001, "name": "NL_mean"}, "name_den": "fc945684936c3d2f6bfd0a40de19f9b2", "psnr": 10.959251399223518, "ssim": 0.033014093768305684}