{"path": "images\\guy-2617866_640.jpg", "var": 0.2, "params": {"template_size": 8, "search_size": 10, "similar": 3001, "name": "NL_mean"}, "name_den": "fcd9b5274a8d42c5bc6d4c9ccdbccf46", "psnr": 11.673181992021087, "ssim": 0.05511225482296309}