{"path": "images\\kingfisher-2046453_640.jpg", "var": 0.2, "params": {"template_size": 18, "search_size": 20, "similar": 5001, "name": "NL_mean"}, "name_den": "fd78b4450b33fca4830de94dacecb047", "psnr": 10.516294546294645, "ssim": 0.03329188242784522}