{"path": "images\\kingfisher-2046453_640.jpg", "var": 0.2, "params": {"template_size": 18, "search_size": 30, "similar": 3001, "name": "NL_mean"}, "name_den": "fdaf9f6cc08a7ceb0f9a4067376a4a84", "psnr": 10.43334211461115, "ssim": 0.031049635574870376}