{"path": "images\\man-164962_640.jpg", "var": 0.2, "params": {"template_size": 18, "search_size": 10, "similar": 4001, "name": "NL_mean"}, "name_den": "fdd38e01308e8154f7d60db328605488", "psnr": 11.190396770792931, "ssim": 0.07208466432295228}