{"path": "images\\brick-wall-1834446_640.jpg", "var": 0.2, "params": {"template_size": 3, "search_size": 30, "similar": 5001, "name": "NL_mean"}, "name_den": "fe0f425826c49ffe57440064a667a346", "psnr": 10.712438186476748, "ssim": 0.03549704961126504}