{"path": "images\\forest-1031022_640.jpg", "var": 0.2, "params": {"template_size": 8, "search_size": 30, "similar": 5001, "name": "NL_mean"}, "name_den": "fea14793cb274c6a2d079c4e833361c8", "psnr": 10.932097900076824, "ssim": 0.0292358656101311}