{"path": "images\\forest-1031022_640.jpg", "var": 0.2, "params": {"template_size": 18, "search_size": 20, "similar": 5001, "name": "NL_mean"}, "name_den": "ff5622aaf5e63e5181ce9a029aa4508b", "psnr": 10.930774044804679, "ssim": 0.03021454813664469}