{"path": "images\\guy-2617866_640.jpg", "var": 0.2, "params": {"template_size": 8, "search_size": 20, "similar": 2001, "name": "NL_mean"}, "name_den": "ff93ead8e582508d89c1b3810ac1164e", "psnr": 11.545291817905301, "ssim": 0.04860028578918186}