{"path": "images\\brick-wall-1834446_640.jpg", "var": 0.2, "params": {"template_size": 18, "search_size": 20, "similar": 1001, "name": "NL_mean"}, "name_den": "ffa595f4f6d0ad819c3599eda0b5979b", "psnr": 10.7804819296209, "ssim": 0.03635449515546472}