{"path": "images\\guy-2617866_640.jpg", "var": 0.2, "params": {"template_size": 13, "search_size": 20, "similar": 5001, "name": "NL_mean"}, "name_den": "fff1e539e7f34fd35da849b6374d6252", "psnr": 11.567201368195715, "ssim": 0.04880959760403197}